event_id,well_id,depth_m,formation,event_type,severity,event_description,duration_hours,operational_impact
E0001,W001,2790,Sandstone,Mud Loss,High,Partial loss of drilling fluid recorded at 2790 m in the Sandstone interval; returns reduced and LCM pumped to regain circulation.,11.9,Significant non-productive time; remedial operations and additional materials required.
E0002,W002,2800,Sandstone,Mud Loss,Critical,Seepage-to-partial mud losses observed while drilling Sandstone at 2800 m; mud weight trimmed and losses monitored.,18.7,Major non-productive time; section objectives affected and specialist intervention required.
E0003,W003,2840,Sandstone,Mud Loss,High,Loss of circulation into porous Sandstone at 2840 m; drilling paused and a lost-circulation-material pill spotted.,12.3,Significant non-productive time; remedial operations and additional materials required.
E0004,W004,2865,Sandstone,Mud Loss,Medium,Partial loss of drilling fluid recorded at 2865 m in the Sandstone interval; returns reduced and LCM pumped to regain circulation.,6.8,Partial non-productive time; drilling suspended while the well was treated and conditioned.
E0005,W045,3080,Limestone,Kick,Critical,"Influx indication at 3080 m in Limestone; pit gain and flow observed, well shut in and killed using the driller's method.",35.8,Major non-productive time; section objectives affected and specialist intervention required.
E0006,W046,3110,Limestone,Kick,High,"Pressure-related kick detected while drilling Limestone at 3110 m; annular pressure rise recorded, mud weight raised after control.",18.6,Significant non-productive time; remedial operations and additional materials required.
E0007,W047,3150,Limestone,Kick,High,"Influx indication at 3150 m in Limestone; pit gain and flow observed, well shut in and killed using the driller's method.",16.2,Significant non-productive time; remedial operations and additional materials required.
E0008,W089,2205,Shale,Stuck Pipe,High,Differential/mechanical sticking of the string at 2205 m in Shale; hole cleaning improved and pipe recovered.,34.8,Significant non-productive time; remedial operations and additional materials required.
E0009,W090,2245,Shale,Stuck Pipe,Critical,"Pack-off and stuck pipe in Shale at 2245 m; rotation lost, string freed after jarring and lubricant spotting.",50.7,Major non-productive time; section objectives affected and specialist intervention required.
E0010,W091,2285,Shale,Stuck Pipe,Medium,"Pack-off and stuck pipe in Shale at 2285 m; rotation lost, string freed after jarring and lubricant spotting.",12.6,Partial non-productive time; drilling suspended while the well was treated and conditioned.
E0011,W069,2420,Limestone,Kick,High,"Influx indication at 2420 m in Limestone; pit gain and flow observed, well shut in and killed using the driller's method.",14.3,Significant non-productive time; remedial operations and additional materials required.
E0012,W070,2460,Limestone,Kick,High,"Unexpected formation influx in Limestone at 2460 m; flow check positive, BOP closed and circulation of kill mud carried out.",17.9,Significant non-productive time; remedial operations and additional materials required.
E0013,W071,2495,Limestone,Kick,Medium,"Unexpected formation influx in Limestone at 2495 m; flow check positive, BOP closed and circulation of kill mud carried out.",7.9,Partial non-productive time; drilling suspended while the well was treated and conditioned.
E0014,W111,1760,Shale,Stuck Pipe,Medium,Drill string became stuck at 1760 m within the Shale section; overpull observed and jarring / working of pipe required.,10.9,Partial non-productive time; drilling suspended while the well was treated and conditioned.
E0015,W113,1805,Shale,Stuck Pipe,High,Differential/mechanical sticking of the string at 1805 m in Shale; hole cleaning improved and pipe recovered.,30.2,Significant non-productive time; remedial operations and additional materials required.
E0016,W111,2880,Sandstone,Mud Loss,High,Partial loss of drilling fluid recorded at 2880 m in the Sandstone interval; returns reduced and LCM pumped to regain circulation.,16.2,Significant non-productive time; remedial operations and additional materials required.
E0017,W112,2930,Sandstone,Mud Loss,Medium,Partial loss of drilling fluid recorded at 2930 m in the Sandstone interval; returns reduced and LCM pumped to regain circulation.,5.9,Partial non-productive time; drilling suspended while the well was treated and conditioned.
E0018,W001,1370,Shale,Stuck Pipe,Medium,Drill string became stuck at 1370 m within the Shale section; overpull observed and jarring / working of pipe required.,12.8,Partial non-productive time; drilling suspended while the well was treated and conditioned.
E0019,W001,92,Claystone,Cementing Issue,High,Cement slurry losses while cementing across Claystone at 92 m; top of cement lower than designed.,18.3,Significant non-productive time; remedial operations and additional materials required.
E0020,W001,3061,Sandstone,Stuck Pipe,Medium,"Pack-off and stuck pipe in Sandstone at 3061 m; rotation lost, string freed after jarring and lubricant spotting.",12.4,Partial non-productive time; drilling suspended while the well was treated and conditioned.
E0021,W002,476,Claystone,Mud Loss,Low,Partial loss of drilling fluid recorded at 476 m in the Claystone interval; returns reduced and LCM pumped to regain circulation.,2.2,Minor non-productive time; operations resumed after routine parameter adjustment.
E0022,W002,1128,Shale,Stuck Pipe,Medium,Drill string became stuck at 1128 m within the Shale section; overpull observed and jarring / working of pipe required.,11.5,Partial non-productive time; drilling suspended while the well was treated and conditioned.
E0023,W002,1401,Shale,Cementing Issue,High,Cement slurry losses while cementing across Shale at 1401 m; top of cement lower than designed.,20.5,Significant non-productive time; remedial operations and additional materials required.
E0024,W002,1506,Shale,Stuck Pipe,Low,Drill string became stuck at 1506 m within the Shale section; overpull observed and jarring / working of pipe required.,5.5,Minor non-productive time; operations resumed after routine parameter adjustment.
E0025,W002,3307,Limestone,Kick,Medium,"Unexpected formation influx in Limestone at 3307 m; flow check positive, BOP closed and circulation of kill mud carried out.",9.8,Partial non-productive time; drilling suspended while the well was treated and conditioned.
E0026,W002,1098,Shale,Wellbore Instability,High,Sloughing Shale at 1098 m produced excess cuttings volume and hole enlargement; mud properties adjusted.,26.1,Significant non-productive time; remedial operations and additional materials required.
E0027,W003,958,Shale,Casing Issue,Low,Restricted casing passage through plastic Shale at 958 m; hole conditioned and casing rerun.,5.6,Minor non-productive time; operations resumed after routine parameter adjustment.
E0028,W003,2210,Sandstone,Mud Loss,Medium,Loss of circulation into porous Sandstone at 2210 m; drilling paused and a lost-circulation-material pill spotted.,6.2,Partial non-productive time; drilling suspended while the well was treated and conditioned.
E0029,W003,2987,Sandstone,Cementing Issue,Low,Cement slurry losses while cementing across Sandstone at 2987 m; top of cement lower than designed.,3.6,Minor non-productive time; operations resumed after routine parameter adjustment.
E0030,W003,612,Claystone,Casing Issue,Low,Restricted casing passage through plastic Claystone at 612 m; hole conditioned and casing rerun.,6.6,Minor non-productive time; operations resumed after routine parameter adjustment.
E0031,W003,1049,Shale,Casing Issue,Medium,Casing integrity concern noted opposite Shale at 1049 m; pressure test anomaly investigated before proceeding.,14.2,Partial non-productive time; drilling suspended while the well was treated and conditioned.
E0032,W003,1447,Shale,Stuck Pipe,Medium,Drill string became stuck at 1447 m within the Shale section; overpull observed and jarring / working of pipe required.,14.1,Partial non-productive time; drilling suspended while the well was treated and conditioned.
E0033,W003,1169,Shale,Casing Issue,Critical,Restricted casing passage through plastic Shale at 1169 m; hole conditioned and casing rerun.,45.6,Major non-productive time; section objectives affected and specialist intervention required.
E0034,W004,3237,Limestone,Mud Loss,Medium,Loss of circulation into porous Limestone at 3237 m; drilling paused and a lost-circulation-material pill spotted.,7.4,Partial non-productive time; drilling suspended while the well was treated and conditioned.
E0035,W005,2296,Sandstone,Mud Loss,Low,Loss of circulation into porous Sandstone at 2296 m; drilling paused and a lost-circulation-material pill spotted.,2.9,Minor non-productive time; operations resumed after routine parameter adjustment.
E0036,W005,916,Shale,Wellbore Instability,High,Sloughing Shale at 916 m produced excess cuttings volume and hole enlargement; mud properties adjusted.,23.8,Significant non-productive time; remedial operations and additional materials required.
E0037,W005,2159,Sandstone,Mud Loss,High,Seepage-to-partial mud losses observed while drilling Sandstone at 2159 m; mud weight trimmed and losses monitored.,11.1,Significant non-productive time; remedial operations and additional materials required.
E0038,W005,2191,Sandstone,Wellbore Instability,Medium,Sloughing Sandstone at 2191 m produced excess cuttings volume and hole enlargement; mud properties adjusted.,11.6,Partial non-productive time; drilling suspended while the well was treated and conditioned.
E0039,W005,2278,Sandstone,Cementing Issue,Critical,Incomplete annular cement coverage near 2278 m in Sandstone; remedial cementing operation carried out.,42.5,Major non-productive time; section objectives affected and specialist intervention required.
E0040,W007,2317,Sandstone,Stuck Pipe,High,Differential/mechanical sticking of the string at 2317 m in Sandstone; hole cleaning improved and pipe recovered.,28.2,Significant non-productive time; remedial operations and additional materials required.
E0041,W007,2823,Sandstone,Stuck Pipe,Medium,Differential/mechanical sticking of the string at 2823 m in Sandstone; hole cleaning improved and pipe recovered.,11.4,Partial non-productive time; drilling suspended while the well was treated and conditioned.
E0042,W007,2852,Sandstone,Casing Issue,High,Casing integrity concern noted opposite Sandstone at 2852 m; pressure test anomaly investigated before proceeding.,34.4,Significant non-productive time; remedial operations and additional materials required.
E0043,W008,412,Claystone,Wellbore Instability,High,Sloughing Claystone at 412 m produced excess cuttings volume and hole enlargement; mud properties adjusted.,25.4,Significant non-productive time; remedial operations and additional materials required.
E0044,W008,524,Claystone,Cementing Issue,High,Poor cement bond opposite Claystone at 524 m; channelling indicated on the bond log and a remedial squeeze planned.,18.9,Significant non-productive time; remedial operations and additional materials required.
E0045,W008,1673,Shale,Wellbore Instability,High,Borehole collapse tendency in Shale at 1673 m; repeated back-reaming needed to maintain hole condition.,23.9,Significant non-productive time; remedial operations and additional materials required.
E0046,W008,1180,Shale,Cementing Issue,Medium,Poor cement bond opposite Shale at 1180 m; channelling indicated on the bond log and a remedial squeeze planned.,10.2,Partial non-productive time; drilling suspended while the well was treated and conditioned.
E0047,W008,2669,Sandstone,Mud Loss,High,Seepage-to-partial mud losses observed while drilling Sandstone at 2669 m; mud weight trimmed and losses monitored.,11.1,Significant non-productive time; remedial operations and additional materials required.
E0048,W008,3513,Limestone,Wellbore Instability,Critical,Hole instability and cavings from the Limestone interval at 3513 m; tight hole on connections and reaming required.,36.8,Major non-productive time; section objectives affected and specialist intervention required.
E0049,W008,2735,Sandstone,Mud Loss,High,Partial loss of drilling fluid recorded at 2735 m in the Sandstone interval; returns reduced and LCM pumped to regain circulation.,16.2,Significant non-productive time; remedial operations and additional materials required.
E0050,W008,3637,Limestone,Casing Issue,Low,Restricted casing passage through plastic Limestone at 3637 m; hole conditioned and casing rerun.,5.6,Minor non-productive time; operations resumed after routine parameter adjustment.
E0051,W009,2068,Sandstone,Mud Loss,Medium,Loss of circulation into porous Sandstone at 2068 m; drilling paused and a lost-circulation-material pill spotted.,5.5,Partial non-productive time; drilling suspended while the well was treated and conditioned.
E0052,W009,592,Claystone,Cementing Issue,Low,Poor cement bond opposite Claystone at 592 m; channelling indicated on the bond log and a remedial squeeze planned.,3.7,Minor non-productive time; operations resumed after routine parameter adjustment.
E0053,W009,500,Claystone,Cementing Issue,Medium,Poor cement bond opposite Claystone at 500 m; channelling indicated on the bond log and a remedial squeeze planned.,7.4,Partial non-productive time; drilling suspended while the well was treated and conditioned.
E0054,W009,1921,Sandstone,Mud Loss,High,Loss of circulation into porous Sandstone at 1921 m; drilling paused and a lost-circulation-material pill spotted.,15.3,Significant non-productive time; remedial operations and additional materials required.
E0055,W009,2597,Sandstone,Mud Loss,Medium,Loss of circulation into porous Sandstone at 2597 m; drilling paused and a lost-circulation-material pill spotted.,6.1,Partial non-productive time; drilling suspended while the well was treated and conditioned.
E0056,W009,1879,Sandstone,Wellbore Instability,High,Borehole collapse tendency in Sandstone at 1879 m; repeated back-reaming needed to maintain hole condition.,19,Significant non-productive time; remedial operations and additional materials required.
E0057,W010,2628,Sandstone,Mud Loss,High,Loss of circulation into porous Sandstone at 2628 m; drilling paused and a lost-circulation-material pill spotted.,15.1,Significant non-productive time; remedial operations and additional materials required.
E0058,W010,594,Claystone,Casing Issue,Low,Casing integrity concern noted opposite Claystone at 594 m; pressure test anomaly investigated before proceeding.,6.6,Minor non-productive time; operations resumed after routine parameter adjustment.
E0059,W010,2952,Limestone,Mud Loss,Medium,Loss of circulation into porous Limestone at 2952 m; drilling paused and a lost-circulation-material pill spotted.,7.5,Partial non-productive time; drilling suspended while the well was treated and conditioned.
E0060,W010,2305,Sandstone,Mud Loss,Medium,Partial loss of drilling fluid recorded at 2305 m in the Sandstone interval; returns reduced and LCM pumped to regain circulation.,6.5,Partial non-productive time; drilling suspended while the well was treated and conditioned.
E0061,W010,1695,Shale,Mud Loss,Medium,Seepage-to-partial mud losses observed while drilling Shale at 1695 m; mud weight trimmed and losses monitored.,7.3,Partial non-productive time; drilling suspended while the well was treated and conditioned.
E0062,W010,1554,Shale,Wellbore Instability,High,Borehole collapse tendency in Shale at 1554 m; repeated back-reaming needed to maintain hole condition.,20.8,Significant non-productive time; remedial operations and additional materials required.
E0063,W010,1155,Shale,Stuck Pipe,Medium,Differential/mechanical sticking of the string at 1155 m in Shale; hole cleaning improved and pipe recovered.,13,Partial non-productive time; drilling suspended while the well was treated and conditioned.
E0064,W011,2724,Sandstone,Stuck Pipe,Medium,Differential/mechanical sticking of the string at 2724 m in Sandstone; hole cleaning improved and pipe recovered.,16.2,Partial non-productive time; drilling suspended while the well was treated and conditioned.
E0065,W011,2910,Sandstone,Mud Loss,High,Loss of circulation into porous Sandstone at 2910 m; drilling paused and a lost-circulation-material pill spotted.,15,Significant non-productive time; remedial operations and additional materials required.
E0066,W011,2819,Sandstone,Mud Loss,Critical,Loss of circulation into porous Sandstone at 2819 m; drilling paused and a lost-circulation-material pill spotted.,18.8,Major non-productive time; section objectives affected and specialist intervention required.
E0067,W011,872,Shale,Stuck Pipe,Medium,Differential/mechanical sticking of the string at 872 m in Shale; hole cleaning improved and pipe recovered.,12.3,Partial non-productive time; drilling suspended while the well was treated and conditioned.
E0068,W011,69,Claystone,Casing Issue,Critical,Casing integrity concern noted opposite Claystone at 69 m; pressure test anomaly investigated before proceeding.,58.7,Major non-productive time; section objectives affected and specialist intervention required.
E0069,W012,3372,Limestone,Stuck Pipe,Medium,Drill string became stuck at 3372 m within the Limestone section; overpull observed and jarring / working of pipe required.,10.7,Partial non-productive time; drilling suspended while the well was treated and conditioned.
E0070,W012,2003,Shale,Stuck Pipe,High,Drill string became stuck at 2003 m within the Shale section; overpull observed and jarring / working of pipe required.,32.2,Significant non-productive time; remedial operations and additional materials required.
E0071,W012,1175,Shale,Wellbore Instability,Medium,Hole instability and cavings from the Shale interval at 1175 m; tight hole on connections and reaming required.,11.1,Partial non-productive time; drilling suspended while the well was treated and conditioned.
E0072,W012,839,Shale,Stuck Pipe,Medium,Drill string became stuck at 839 m within the Shale section; overpull observed and jarring / working of pipe required.,15.9,Partial non-productive time; drilling suspended while the well was treated and conditioned.
E0073,W013,1252,Shale,Stuck Pipe,Low,Drill string became stuck at 1252 m within the Shale section; overpull observed and jarring / working of pipe required.,5.8,Minor non-productive time; operations resumed after routine parameter adjustment.
E0074,W013,2335,Sandstone,Wellbore Instability,Medium,Sloughing Sandstone at 2335 m produced excess cuttings volume and hole enlargement; mud properties adjusted.,8.7,Partial non-productive time; drilling suspended while the well was treated and conditioned.
E0075,W013,1055,Shale,Wellbore Instability,Medium,Sloughing Shale at 1055 m produced excess cuttings volume and hole enlargement; mud properties adjusted.,10,Partial non-productive time; drilling suspended while the well was treated and conditioned.
E0076,W013,918,Shale,Mud Loss,High,Seepage-to-partial mud losses observed while drilling Shale at 918 m; mud weight trimmed and losses monitored.,15.2,Significant non-productive time; remedial operations and additional materials required.
E0077,W013,1102,Shale,Stuck Pipe,Low,"Pack-off and stuck pipe in Shale at 1102 m; rotation lost, string freed after jarring and lubricant spotting.",5.9,Minor non-productive time; operations resumed after routine parameter adjustment.
E0078,W014,2552,Sandstone,Mud Loss,High,Loss of circulation into porous Sandstone at 2552 m; drilling paused and a lost-circulation-material pill spotted.,12.6,Significant non-productive time; remedial operations and additional materials required.
E0079,W014,93,Claystone,Cementing Issue,Medium,Cement slurry losses while cementing across Claystone at 93 m; top of cement lower than designed.,9.7,Partial non-productive time; drilling suspended while the well was treated and conditioned.
E0080,W014,814,Shale,Wellbore Instability,Low,Borehole collapse tendency in Shale at 814 m; repeated back-reaming needed to maintain hole condition.,5,Minor non-productive time; operations resumed after routine parameter adjustment.
E0081,W014,983,Shale,Wellbore Instability,Medium,Hole instability and cavings from the Shale interval at 983 m; tight hole on connections and reaming required.,10.7,Partial non-productive time; drilling suspended while the well was treated and conditioned.
E0082,W015,2226,Sandstone,Mud Loss,High,Partial loss of drilling fluid recorded at 2226 m in the Sandstone interval; returns reduced and LCM pumped to regain circulation.,12,Significant non-productive time; remedial operations and additional materials required.
E0083,W015,1609,Shale,Wellbore Instability,Medium,Sloughing Shale at 1609 m produced excess cuttings volume and hole enlargement; mud properties adjusted.,12.1,Partial non-productive time; drilling suspended while the well was treated and conditioned.
E0084,W015,2756,Sandstone,Casing Issue,Medium,Casing running difficulty at 2756 m in the Sandstone section; casing hung up and required reciprocation to reach depth.,11.5,Partial non-productive time; drilling suspended while the well was treated and conditioned.
E0085,W015,1684,Shale,Stuck Pipe,Low,Differential/mechanical sticking of the string at 1684 m in Shale; hole cleaning improved and pipe recovered.,6.1,Minor non-productive time; operations resumed after routine parameter adjustment.
E0086,W015,116,Claystone,Casing Issue,Medium,Casing running difficulty at 116 m in the Claystone section; casing hung up and required reciprocation to reach depth.,14.4,Partial non-productive time; drilling suspended while the well was treated and conditioned.
E0087,W015,1303,Shale,Stuck Pipe,Medium,"Pack-off and stuck pipe in Shale at 1303 m; rotation lost, string freed after jarring and lubricant spotting.",13.6,Partial non-productive time; drilling suspended while the well was treated and conditioned.
E0088,W015,611,Claystone,Casing Issue,Low,Casing running difficulty at 611 m in the Claystone section; casing hung up and required reciprocation to reach depth.,7.6,Minor non-productive time; operations resumed after routine parameter adjustment.
E0089,W015,1630,Shale,Wellbore Instability,Critical,Sloughing Shale at 1630 m produced excess cuttings volume and hole enlargement; mud properties adjusted.,41.5,Major non-productive time; section objectives affected and specialist intervention required.
E0090,W016,3671,Limestone,Kick,Critical,"Unexpected formation influx in Limestone at 3671 m; flow check positive, BOP closed and circulation of kill mud carried out.",29.2,Major non-productive time; section objectives affected and specialist intervention required.
E0091,W016,1474,Shale,Wellbore Instability,Critical,Hole instability and cavings from the Shale interval at 1474 m; tight hole on connections and reaming required.,32.9,Major non-productive time; section objectives affected and specialist intervention required.
E0092,W016,1367,Shale,Wellbore Instability,High,Borehole collapse tendency in Shale at 1367 m; repeated back-reaming needed to maintain hole condition.,27.2,Significant non-productive time; remedial operations and additional materials required.
E0093,W016,2420,Sandstone,Wellbore Instability,Low,Hole instability and cavings from the Sandstone interval at 2420 m; tight hole on connections and reaming required.,4.5,Minor non-productive time; operations resumed after routine parameter adjustment.
E0094,W016,438,Claystone,Casing Issue,Low,Casing integrity concern noted opposite Claystone at 438 m; pressure test anomaly investigated before proceeding.,7.2,Minor non-productive time; operations resumed after routine parameter adjustment.
E0095,W017,1377,Shale,Stuck Pipe,Medium,Differential/mechanical sticking of the string at 1377 m in Shale; hole cleaning improved and pipe recovered.,15,Partial non-productive time; drilling suspended while the well was treated and conditioned.
E0096,W020,1650,Shale,Wellbore Instability,Medium,Borehole collapse tendency in Shale at 1650 m; repeated back-reaming needed to maintain hole condition.,11.4,Partial non-productive time; drilling suspended while the well was treated and conditioned.
E0097,W020,492,Claystone,Kick,Low,"Pressure-related kick detected while drilling Claystone at 492 m; annular pressure rise recorded, mud weight raised after control.",3.9,Minor non-productive time; operations resumed after routine parameter adjustment.
E0098,W021,2649,Sandstone,Casing Issue,Low,Restricted casing passage through plastic Sandstone at 2649 m; hole conditioned and casing rerun.,7.3,Minor non-productive time; operations resumed after routine parameter adjustment.
E0099,W021,2396,Sandstone,Kick,Medium,"Unexpected formation influx in Sandstone at 2396 m; flow check positive, BOP closed and circulation of kill mud carried out.",7.1,Partial non-productive time; drilling suspended while the well was treated and conditioned.
E0100,W021,2391,Sandstone,Mud Loss,High,Seepage-to-partial mud losses observed while drilling Sandstone at 2391 m; mud weight trimmed and losses monitored.,14.6,Significant non-productive time; remedial operations and additional materials required.
E0101,W021,2548,Sandstone,Mud Loss,Medium,Seepage-to-partial mud losses observed while drilling Sandstone at 2548 m; mud weight trimmed and losses monitored.,5.8,Partial non-productive time; drilling suspended while the well was treated and conditioned.
E0102,W022,1063,Shale,Mud Loss,Medium,Partial loss of drilling fluid recorded at 1063 m in the Shale interval; returns reduced and LCM pumped to regain circulation.,6,Partial non-productive time; drilling suspended while the well was treated and conditioned.
E0103,W022,924,Shale,Stuck Pipe,High,Differential/mechanical sticking of the string at 924 m in Shale; hole cleaning improved and pipe recovered.,28.1,Significant non-productive time; remedial operations and additional materials required.
E0104,W022,2680,Sandstone,Wellbore Instability,High,Hole instability and cavings from the Sandstone interval at 2680 m; tight hole on connections and reaming required.,19.6,Significant non-productive time; remedial operations and additional materials required.
E0105,W023,56,Claystone,Casing Issue,High,Casing integrity concern noted opposite Claystone at 56 m; pressure test anomaly investigated before proceeding.,26.6,Significant non-productive time; remedial operations and additional materials required.
E0106,W023,2838,Sandstone,Mud Loss,Medium,Loss of circulation into porous Sandstone at 2838 m; drilling paused and a lost-circulation-material pill spotted.,7.2,Partial non-productive time; drilling suspended while the well was treated and conditioned.
E0107,W023,3113,Sandstone,Wellbore Instability,Low,Borehole collapse tendency in Sandstone at 3113 m; repeated back-reaming needed to maintain hole condition.,5,Minor non-productive time; operations resumed after routine parameter adjustment.
E0108,W023,1493,Shale,Stuck Pipe,Medium,Differential/mechanical sticking of the string at 1493 m in Shale; hole cleaning improved and pipe recovered.,15.8,Partial non-productive time; drilling suspended while the well was treated and conditioned.
E0109,W023,2374,Sandstone,Mud Loss,High,Seepage-to-partial mud losses observed while drilling Sandstone at 2374 m; mud weight trimmed and losses monitored.,13.3,Significant non-productive time; remedial operations and additional materials required.
E0110,W023,1860,Shale,Wellbore Instability,Low,Hole instability and cavings from the Shale interval at 1860 m; tight hole on connections and reaming required.,5.5,Minor non-productive time; operations resumed after routine parameter adjustment.
E0111,W023,2600,Sandstone,Mud Loss,High,Partial loss of drilling fluid recorded at 2600 m in the Sandstone interval; returns reduced and LCM pumped to regain circulation.,11.1,Significant non-productive time; remedial operations and additional materials required.
E0112,W024,1074,Shale,Wellbore Instability,Medium,Hole instability and cavings from the Shale interval at 1074 m; tight hole on connections and reaming required.,8.7,Partial non-productive time; drilling suspended while the well was treated and conditioned.
E0113,W024,3274,Sandstone,Mud Loss,Low,Seepage-to-partial mud losses observed while drilling Sandstone at 3274 m; mud weight trimmed and losses monitored.,2.3,Minor non-productive time; operations resumed after routine parameter adjustment.
E0114,W024,2594,Sandstone,Mud Loss,High,Partial loss of drilling fluid recorded at 2594 m in the Sandstone interval; returns reduced and LCM pumped to regain circulation.,11.6,Significant non-productive time; remedial operations and additional materials required.
E0115,W024,2633,Sandstone,Mud Loss,Critical,Loss of circulation into porous Sandstone at 2633 m; drilling paused and a lost-circulation-material pill spotted.,23,Major non-productive time; section objectives affected and specialist intervention required.
E0116,W024,687,Shale,Wellbore Instability,Medium,Sloughing Shale at 687 m produced excess cuttings volume and hole enlargement; mud properties adjusted.,11.1,Partial non-productive time; drilling suspended while the well was treated and conditioned.
E0117,W025,2139,Sandstone,Mud Loss,Low,Seepage-to-partial mud losses observed while drilling Sandstone at 2139 m; mud weight trimmed and losses monitored.,2.9,Minor non-productive time; operations resumed after routine parameter adjustment.
E0118,W025,368,Claystone,Casing Issue,Medium,Casing integrity concern noted opposite Claystone at 368 m; pressure test anomaly investigated before proceeding.,15.2,Partial non-productive time; drilling suspended while the well was treated and conditioned.
E0119,W025,2534,Sandstone,Stuck Pipe,Low,Differential/mechanical sticking of the string at 2534 m in Sandstone; hole cleaning improved and pipe recovered.,5.6,Minor non-productive time; operations resumed after routine parameter adjustment.
E0120,W025,429,Claystone,Cementing Issue,High,Cement slurry losses while cementing across Claystone at 429 m; top of cement lower than designed.,22.4,Significant non-productive time; remedial operations and additional materials required.
E0121,W025,170,Claystone,Cementing Issue,Medium,Poor cement bond opposite Claystone at 170 m; channelling indicated on the bond log and a remedial squeeze planned.,7.8,Partial non-productive time; drilling suspended while the well was treated and conditioned.
E0122,W027,2050,Shale,Cementing Issue,Low,Incomplete annular cement coverage near 2050 m in Shale; remedial cementing operation carried out.,4.7,Minor non-productive time; operations resumed after routine parameter adjustment.
E0123,W027,185,Claystone,Stuck Pipe,Low,Differential/mechanical sticking of the string at 185 m in Claystone; hole cleaning improved and pipe recovered.,7.1,Minor non-productive time; operations resumed after routine parameter adjustment.
E0124,W027,1761,Shale,Wellbore Instability,Medium,Borehole collapse tendency in Shale at 1761 m; repeated back-reaming needed to maintain hole condition.,8.3,Partial non-productive time; drilling suspended while the well was treated and conditioned.
E0125,W027,1136,Shale,Wellbore Instability,High,Sloughing Shale at 1136 m produced excess cuttings volume and hole enlargement; mud properties adjusted.,22.8,Significant non-productive time; remedial operations and additional materials required.
E0126,W027,2177,Sandstone,Cementing Issue,Low,Incomplete annular cement coverage near 2177 m in Sandstone; remedial cementing operation carried out.,5,Minor non-productive time; operations resumed after routine parameter adjustment.
E0127,W027,3689,Limestone,Kick,High,"Pressure-related kick detected while drilling Limestone at 3689 m; annular pressure rise recorded, mud weight raised after control.",16.5,Significant non-productive time; remedial operations and additional materials required.
E0128,W027,3134,Sandstone,Kick,High,"Pressure-related kick detected while drilling Sandstone at 3134 m; annular pressure rise recorded, mud weight raised after control.",20.1,Significant non-productive time; remedial operations and additional materials required.
E0129,W028,2514,Sandstone,Casing Issue,Medium,Restricted casing passage through plastic Sandstone at 2514 m; hole conditioned and casing rerun.,16,Partial non-productive time; drilling suspended while the well was treated and conditioned.
E0130,W028,3081,Limestone,Kick,High,"Unexpected formation influx in Limestone at 3081 m; flow check positive, BOP closed and circulation of kill mud carried out.",14.8,Significant non-productive time; remedial operations and additional materials required.
E0131,W029,1351,Shale,Wellbore Instability,Critical,Borehole collapse tendency in Shale at 1351 m; repeated back-reaming needed to maintain hole condition.,31,Major non-productive time; section objectives affected and specialist intervention required.
E0132,W029,3197,Limestone,Kick,High,"Unexpected formation influx in Limestone at 3197 m; flow check positive, BOP closed and circulation of kill mud carried out.",18.7,Significant non-productive time; remedial operations and additional materials required.
E0133,W030,3146,Limestone,Mud Loss,Low,Seepage-to-partial mud losses observed while drilling Limestone at 3146 m; mud weight trimmed and losses monitored.,3.3,Minor non-productive time; operations resumed after routine parameter adjustment.
E0134,W030,392,Claystone,Wellbore Instability,Medium,Sloughing Claystone at 392 m produced excess cuttings volume and hole enlargement; mud properties adjusted.,11.8,Partial non-productive time; drilling suspended while the well was treated and conditioned.
E0135,W030,3065,Limestone,Stuck Pipe,Medium,"Pack-off and stuck pipe in Limestone at 3065 m; rotation lost, string freed after jarring and lubricant spotting.",14,Partial non-productive time; drilling suspended while the well was treated and conditioned.
E0136,W030,880,Shale,Stuck Pipe,Critical,Drill string became stuck at 880 m within the Shale section; overpull observed and jarring / working of pipe required.,51.7,Major non-productive time; section objectives affected and specialist intervention required.
E0137,W030,1590,Shale,Kick,Low,"Unexpected formation influx in Shale at 1590 m; flow check positive, BOP closed and circulation of kill mud carried out.",3.7,Minor non-productive time; operations resumed after routine parameter adjustment.
E0138,W031,2716,Sandstone,Casing Issue,Low,Restricted casing passage through plastic Sandstone at 2716 m; hole conditioned and casing rerun.,6.2,Minor non-productive time; operations resumed after routine parameter adjustment.
E0139,W031,1620,Shale,Casing Issue,Medium,Casing running difficulty at 1620 m in the Shale section; casing hung up and required reciprocation to reach depth.,17.2,Partial non-productive time; drilling suspended while the well was treated and conditioned.
E0140,W031,1649,Shale,Wellbore Instability,Medium,Hole instability and cavings from the Shale interval at 1649 m; tight hole on connections and reaming required.,11.1,Partial non-productive time; drilling suspended while the well was treated and conditioned.
E0141,W031,2657,Sandstone,Casing Issue,Medium,Casing integrity concern noted opposite Sandstone at 2657 m; pressure test anomaly investigated before proceeding.,13.5,Partial non-productive time; drilling suspended while the well was treated and conditioned.
E0142,W031,3282,Sandstone,Wellbore Instability,Medium,Borehole collapse tendency in Sandstone at 3282 m; repeated back-reaming needed to maintain hole condition.,9.9,Partial non-productive time; drilling suspended while the well was treated and conditioned.
E0143,W032,515,Claystone,Casing Issue,Low,Restricted casing passage through plastic Claystone at 515 m; hole conditioned and casing rerun.,6.8,Minor non-productive time; operations resumed after routine parameter adjustment.
E0144,W032,642,Claystone,Stuck Pipe,Medium,Drill string became stuck at 642 m within the Claystone section; overpull observed and jarring / working of pipe required.,16.2,Partial non-productive time; drilling suspended while the well was treated and conditioned.
E0145,W032,467,Claystone,Casing Issue,Medium,Casing integrity concern noted opposite Claystone at 467 m; pressure test anomaly investigated before proceeding.,11.5,Partial non-productive time; drilling suspended while the well was treated and conditioned.
E0146,W032,1935,Shale,Stuck Pipe,High,Drill string became stuck at 1935 m within the Shale section; overpull observed and jarring / working of pipe required.,33.7,Significant non-productive time; remedial operations and additional materials required.
E0147,W032,2222,Sandstone,Mud Loss,Medium,Seepage-to-partial mud losses observed while drilling Sandstone at 2222 m; mud weight trimmed and losses monitored.,7.1,Partial non-productive time; drilling suspended while the well was treated and conditioned.
E0148,W032,1118,Shale,Stuck Pipe,Critical,Differential/mechanical sticking of the string at 1118 m in Shale; hole cleaning improved and pipe recovered.,59.5,Major non-productive time; section objectives affected and specialist intervention required.
E0149,W033,732,Claystone,Kick,Medium,"Influx indication at 732 m in Claystone; pit gain and flow observed, well shut in and killed using the driller's method.",9,Partial non-productive time; drilling suspended while the well was treated and conditioned.
E0150,W033,2847,Sandstone,Wellbore Instability,Low,Borehole collapse tendency in Sandstone at 2847 m; repeated back-reaming needed to maintain hole condition.,4.2,Minor non-productive time; operations resumed after routine parameter adjustment.
E0151,W033,3553,Limestone,Kick,Medium,"Influx indication at 3553 m in Limestone; pit gain and flow observed, well shut in and killed using the driller's method.",7.6,Partial non-productive time; drilling suspended while the well was treated and conditioned.
E0152,W033,3795,Limestone,Stuck Pipe,Low,Differential/mechanical sticking of the string at 3795 m in Limestone; hole cleaning improved and pipe recovered.,5.1,Minor non-productive time; operations resumed after routine parameter adjustment.
E0153,W033,2418,Sandstone,Cementing Issue,Medium,Cement slurry losses while cementing across Sandstone at 2418 m; top of cement lower than designed.,8.7,Partial non-productive time; drilling suspended while the well was treated and conditioned.
E0154,W033,1560,Shale,Stuck Pipe,High,"Pack-off and stuck pipe in Shale at 1560 m; rotation lost, string freed after jarring and lubricant spotting.",34.8,Significant non-productive time; remedial operations and additional materials required.
E0155,W033,1253,Shale,Wellbore Instability,Medium,Sloughing Shale at 1253 m produced excess cuttings volume and hole enlargement; mud properties adjusted.,9.4,Partial non-productive time; drilling suspended while the well was treated and conditioned.
E0156,W034,1706,Shale,Stuck Pipe,Critical,Differential/mechanical sticking of the string at 1706 m in Shale; hole cleaning improved and pipe recovered.,48.9,Major non-productive time; section objectives affected and specialist intervention required.
E0157,W034,2304,Sandstone,Mud Loss,High,Partial loss of drilling fluid recorded at 2304 m in the Sandstone interval; returns reduced and LCM pumped to regain circulation.,13.8,Significant non-productive time; remedial operations and additional materials required.
E0158,W035,2456,Sandstone,Casing Issue,Low,Restricted casing passage through plastic Sandstone at 2456 m; hole conditioned and casing rerun.,6.2,Minor non-productive time; operations resumed after routine parameter adjustment.
E0159,W035,590,Shale,Casing Issue,Low,Casing integrity concern noted opposite Shale at 590 m; pressure test anomaly investigated before proceeding.,7.4,Minor non-productive time; operations resumed after routine parameter adjustment.
E0160,W035,1292,Shale,Wellbore Instability,Critical,Hole instability and cavings from the Shale interval at 1292 m; tight hole on connections and reaming required.,42.7,Major non-productive time; section objectives affected and specialist intervention required.
E0161,W035,2975,Sandstone,Stuck Pipe,Medium,Drill string became stuck at 2975 m within the Sandstone section; overpull observed and jarring / working of pipe required.,13.4,Partial non-productive time; drilling suspended while the well was treated and conditioned.
E0162,W036,905,Shale,Stuck Pipe,High,Drill string became stuck at 905 m within the Shale section; overpull observed and jarring / working of pipe required.,27.3,Significant non-productive time; remedial operations and additional materials required.
E0163,W036,2364,Sandstone,Mud Loss,High,Loss of circulation into porous Sandstone at 2364 m; drilling paused and a lost-circulation-material pill spotted.,16.4,Significant non-productive time; remedial operations and additional materials required.
E0164,W036,423,Shale,Stuck Pipe,High,Drill string became stuck at 423 m within the Shale section; overpull observed and jarring / working of pipe required.,34.7,Significant non-productive time; remedial operations and additional materials required.
E0165,W036,773,Shale,Stuck Pipe,High,Differential/mechanical sticking of the string at 773 m in Shale; hole cleaning improved and pipe recovered.,33.9,Significant non-productive time; remedial operations and additional materials required.
E0166,W036,1315,Shale,Stuck Pipe,Critical,Differential/mechanical sticking of the string at 1315 m in Shale; hole cleaning improved and pipe recovered.,54.9,Major non-productive time; section objectives affected and specialist intervention required.
E0167,W036,833,Shale,Wellbore Instability,High,Hole instability and cavings from the Shale interval at 833 m; tight hole on connections and reaming required.,26.1,Significant non-productive time; remedial operations and additional materials required.
E0168,W038,2758,Sandstone,Mud Loss,Critical,Loss of circulation into porous Sandstone at 2758 m; drilling paused and a lost-circulation-material pill spotted.,24,Major non-productive time; section objectives affected and specialist intervention required.
E0169,W038,222,Claystone,Wellbore Instability,Medium,Hole instability and cavings from the Claystone interval at 222 m; tight hole on connections and reaming required.,8.7,Partial non-productive time; drilling suspended while the well was treated and conditioned.
E0170,W039,1204,Shale,Stuck Pipe,High,Drill string became stuck at 1204 m within the Shale section; overpull observed and jarring / working of pipe required.,25.3,Significant non-productive time; remedial operations and additional materials required.
E0171,W039,2850,Sandstone,Casing Issue,Low,Restricted casing passage through plastic Sandstone at 2850 m; hole conditioned and casing rerun.,7.6,Minor non-productive time; operations resumed after routine parameter adjustment.
E0172,W039,1955,Sandstone,Mud Loss,Medium,Seepage-to-partial mud losses observed while drilling Sandstone at 1955 m; mud weight trimmed and losses monitored.,6,Partial non-productive time; drilling suspended while the well was treated and conditioned.
E0173,W039,2367,Sandstone,Mud Loss,High,Partial loss of drilling fluid recorded at 2367 m in the Sandstone interval; returns reduced and LCM pumped to regain circulation.,14.8,Significant non-productive time; remedial operations and additional materials required.
E0174,W039,528,Claystone,Cementing Issue,Low,Incomplete annular cement coverage near 528 m in Claystone; remedial cementing operation carried out.,4.9,Minor non-productive time; operations resumed after routine parameter adjustment.
E0175,W039,1817,Sandstone,Mud Loss,Medium,Seepage-to-partial mud losses observed while drilling Sandstone at 1817 m; mud weight trimmed and losses monitored.,5.1,Partial non-productive time; drilling suspended while the well was treated and conditioned.
E0176,W040,1411,Shale,Cementing Issue,Low,Cement slurry losses while cementing across Shale at 1411 m; top of cement lower than designed.,4.7,Minor non-productive time; operations resumed after routine parameter adjustment.
E0177,W040,2156,Sandstone,Mud Loss,Medium,Seepage-to-partial mud losses observed while drilling Sandstone at 2156 m; mud weight trimmed and losses monitored.,6.7,Partial non-productive time; drilling suspended while the well was treated and conditioned.
E0178,W040,2113,Sandstone,Cementing Issue,Low,Poor cement bond opposite Sandstone at 2113 m; channelling indicated on the bond log and a remedial squeeze planned.,4.3,Minor non-productive time; operations resumed after routine parameter adjustment.
E0179,W041,2781,Sandstone,Mud Loss,High,Partial loss of drilling fluid recorded at 2781 m in the Sandstone interval; returns reduced and LCM pumped to regain circulation.,11,Significant non-productive time; remedial operations and additional materials required.
E0180,W043,1469,Shale,Stuck Pipe,Medium,Differential/mechanical sticking of the string at 1469 m in Shale; hole cleaning improved and pipe recovered.,14.7,Partial non-productive time; drilling suspended while the well was treated and conditioned.
E0181,W043,789,Claystone,Wellbore Instability,Low,Sloughing Claystone at 789 m produced excess cuttings volume and hole enlargement; mud properties adjusted.,5.6,Minor non-productive time; operations resumed after routine parameter adjustment.
E0182,W043,1150,Shale,Wellbore Instability,Medium,Sloughing Shale at 1150 m produced excess cuttings volume and hole enlargement; mud properties adjusted.,11.9,Partial non-productive time; drilling suspended while the well was treated and conditioned.
E0183,W044,2033,Sandstone,Mud Loss,High,Loss of circulation into porous Sandstone at 2033 m; drilling paused and a lost-circulation-material pill spotted.,14.8,Significant non-productive time; remedial operations and additional materials required.
E0184,W044,1562,Shale,Wellbore Instability,Low,Borehole collapse tendency in Shale at 1562 m; repeated back-reaming needed to maintain hole condition.,3.8,Minor non-productive time; operations resumed after routine parameter adjustment.
E0185,W044,1959,Sandstone,Mud Loss,Critical,Partial loss of drilling fluid recorded at 1959 m in the Sandstone interval; returns reduced and LCM pumped to regain circulation.,22.5,Major non-productive time; section objectives affected and specialist intervention required.
E0186,W044,1089,Shale,Casing Issue,Medium,Restricted casing passage through plastic Shale at 1089 m; hole conditioned and casing rerun.,16.2,Partial non-productive time; drilling suspended while the well was treated and conditioned.
E0187,W044,796,Shale,Wellbore Instability,High,Sloughing Shale at 796 m produced excess cuttings volume and hole enlargement; mud properties adjusted.,22.3,Significant non-productive time; remedial operations and additional materials required.
E0188,W044,1355,Shale,Stuck Pipe,Medium,"Pack-off and stuck pipe in Shale at 1355 m; rotation lost, string freed after jarring and lubricant spotting.",10.6,Partial non-productive time; drilling suspended while the well was treated and conditioned.
E0189,W044,1612,Shale,Wellbore Instability,Low,Sloughing Shale at 1612 m produced excess cuttings volume and hole enlargement; mud properties adjusted.,4.5,Minor non-productive time; operations resumed after routine parameter adjustment.
E0190,W044,910,Shale,Stuck Pipe,High,Drill string became stuck at 910 m within the Shale section; overpull observed and jarring / working of pipe required.,32.6,Significant non-productive time; remedial operations and additional materials required.
E0191,W045,1102,Sandstone,Casing Issue,Medium,Restricted casing passage through plastic Sandstone at 1102 m; hole conditioned and casing rerun.,14.5,Partial non-productive time; drilling suspended while the well was treated and conditioned.
E0192,W045,725,Sandstone,Cementing Issue,High,Poor cement bond opposite Sandstone at 725 m; channelling indicated on the bond log and a remedial squeeze planned.,16.5,Significant non-productive time; remedial operations and additional materials required.
E0193,W045,2106,Shale,Stuck Pipe,High,Differential/mechanical sticking of the string at 2106 m in Shale; hole cleaning improved and pipe recovered.,27.6,Significant non-productive time; remedial operations and additional materials required.
E0194,W045,2688,Limestone,Wellbore Instability,Medium,Hole instability and cavings from the Limestone interval at 2688 m; tight hole on connections and reaming required.,10.1,Partial non-productive time; drilling suspended while the well was treated and conditioned.
E0195,W045,2600,Limestone,Kick,High,"Influx indication at 2600 m in Limestone; pit gain and flow observed, well shut in and killed using the driller's method.",16.8,Significant non-productive time; remedial operations and additional materials required.
E0196,W046,583,Sandstone,Mud Loss,Low,Partial loss of drilling fluid recorded at 583 m in the Sandstone interval; returns reduced and LCM pumped to regain circulation.,2.9,Minor non-productive time; operations resumed after routine parameter adjustment.
E0197,W046,2677,Limestone,Mud Loss,Medium,Seepage-to-partial mud losses observed while drilling Limestone at 2677 m; mud weight trimmed and losses monitored.,5,Partial non-productive time; drilling suspended while the well was treated and conditioned.
E0198,W046,772,Sandstone,Mud Loss,High,Partial loss of drilling fluid recorded at 772 m in the Sandstone interval; returns reduced and LCM pumped to regain circulation.,11.8,Significant non-productive time; remedial operations and additional materials required.
E0199,W046,1027,Sandstone,Mud Loss,High,Loss of circulation into porous Sandstone at 1027 m; drilling paused and a lost-circulation-material pill spotted.,12.9,Significant non-productive time; remedial operations and additional materials required.
E0200,W048,755,Sandstone,Mud Loss,Low,Seepage-to-partial mud losses observed while drilling Sandstone at 755 m; mud weight trimmed and losses monitored.,3.2,Minor non-productive time; operations resumed after routine parameter adjustment.
E0201,W048,3528,Limestone,Mud Loss,Medium,Partial loss of drilling fluid recorded at 3528 m in the Limestone interval; returns reduced and LCM pumped to regain circulation.,5,Partial non-productive time; drilling suspended while the well was treated and conditioned.
E0202,W048,3334,Limestone,Kick,Medium,"Influx indication at 3334 m in Limestone; pit gain and flow observed, well shut in and killed using the driller's method.",8.7,Partial non-productive time; drilling suspended while the well was treated and conditioned.
E0203,W048,1962,Sandstone,Mud Loss,Medium,Seepage-to-partial mud losses observed while drilling Sandstone at 1962 m; mud weight trimmed and losses monitored.,6.5,Partial non-productive time; drilling suspended while the well was treated and conditioned.
E0204,W049,1682,Sandstone,Wellbore Instability,Low,Hole instability and cavings from the Sandstone interval at 1682 m; tight hole on connections and reaming required.,4,Minor non-productive time; operations resumed after routine parameter adjustment.
E0205,W049,2415,Shale,Stuck Pipe,Medium,"Pack-off and stuck pipe in Shale at 2415 m; rotation lost, string freed after jarring and lubricant spotting.",15.5,Partial non-productive time; drilling suspended while the well was treated and conditioned.
E0206,W049,1831,Sandstone,Mud Loss,High,Loss of circulation into porous Sandstone at 1831 m; drilling paused and a lost-circulation-material pill spotted.,14.7,Significant non-productive time; remedial operations and additional materials required.
E0207,W049,1903,Sandstone,Mud Loss,High,Seepage-to-partial mud losses observed while drilling Sandstone at 1903 m; mud weight trimmed and losses monitored.,11.8,Significant non-productive time; remedial operations and additional materials required.
E0208,W050,138,Claystone,Mud Loss,Medium,Seepage-to-partial mud losses observed while drilling Claystone at 138 m; mud weight trimmed and losses monitored.,5.1,Partial non-productive time; drilling suspended while the well was treated and conditioned.
E0209,W050,1840,Shale,Stuck Pipe,High,"Pack-off and stuck pipe in Shale at 1840 m; rotation lost, string freed after jarring and lubricant spotting.",31.3,Significant non-productive time; remedial operations and additional materials required.
E0210,W050,3161,Limestone,Wellbore Instability,Medium,Borehole collapse tendency in Limestone at 3161 m; repeated back-reaming needed to maintain hole condition.,10,Partial non-productive time; drilling suspended while the well was treated and conditioned.
E0211,W050,1557,Sandstone,Mud Loss,High,Seepage-to-partial mud losses observed while drilling Sandstone at 1557 m; mud weight trimmed and losses monitored.,15.9,Significant non-productive time; remedial operations and additional materials required.
E0212,W050,2481,Limestone,Kick,Critical,"Pressure-related kick detected while drilling Limestone at 2481 m; annular pressure rise recorded, mud weight raised after control.",26.5,Major non-productive time; section objectives affected and specialist intervention required.
E0213,W051,2927,Limestone,Kick,Critical,"Unexpected formation influx in Limestone at 2927 m; flow check positive, BOP closed and circulation of kill mud carried out.",28.7,Major non-productive time; section objectives affected and specialist intervention required.
E0214,W051,2947,Limestone,Kick,Critical,"Influx indication at 2947 m in Limestone; pit gain and flow observed, well shut in and killed using the driller's method.",32.2,Major non-productive time; section objectives affected and specialist intervention required.
E0215,W051,2801,Shale,Wellbore Instability,Medium,Sloughing Shale at 2801 m produced excess cuttings volume and hole enlargement; mud properties adjusted.,11.4,Partial non-productive time; drilling suspended while the well was treated and conditioned.
E0216,W051,3004,Limestone,Cementing Issue,Low,Poor cement bond opposite Limestone at 3004 m; channelling indicated on the bond log and a remedial squeeze planned.,3.5,Minor non-productive time; operations resumed after routine parameter adjustment.
E0217,W051,935,Sandstone,Mud Loss,Critical,Seepage-to-partial mud losses observed while drilling Sandstone at 935 m; mud weight trimmed and losses monitored.,18.5,Major non-productive time; section objectives affected and specialist intervention required.
E0218,W051,2693,Shale,Wellbore Instability,Medium,Borehole collapse tendency in Shale at 2693 m; repeated back-reaming needed to maintain hole condition.,8.1,Partial non-productive time; drilling suspended while the well was treated and conditioned.
E0219,W051,1320,Sandstone,Mud Loss,Medium,Partial loss of drilling fluid recorded at 1320 m in the Sandstone interval; returns reduced and LCM pumped to regain circulation.,5.5,Partial non-productive time; drilling suspended while the well was treated and conditioned.
E0220,W051,2289,Shale,Casing Issue,Critical,Casing integrity concern noted opposite Shale at 2289 m; pressure test anomaly investigated before proceeding.,58.1,Major non-productive time; section objectives affected and specialist intervention required.
E0221,W052,1760,Shale,Kick,Low,"Pressure-related kick detected while drilling Shale at 1760 m; annular pressure rise recorded, mud weight raised after control.",4.3,Minor non-productive time; operations resumed after routine parameter adjustment.
E0222,W052,1618,Sandstone,Mud Loss,Low,Seepage-to-partial mud losses observed while drilling Sandstone at 1618 m; mud weight trimmed and losses monitored.,2.9,Minor non-productive time; operations resumed after routine parameter adjustment.
E0223,W052,1291,Sandstone,Mud Loss,Medium,Seepage-to-partial mud losses observed while drilling Sandstone at 1291 m; mud weight trimmed and losses monitored.,5.3,Partial non-productive time; drilling suspended while the well was treated and conditioned.
E0224,W052,1022,Sandstone,Mud Loss,Medium,Seepage-to-partial mud losses observed while drilling Sandstone at 1022 m; mud weight trimmed and losses monitored.,6.9,Partial non-productive time; drilling suspended while the well was treated and conditioned.
E0225,W052,464,Claystone,Wellbore Instability,Critical,Borehole collapse tendency in Claystone at 464 m; repeated back-reaming needed to maintain hole condition.,42.4,Major non-productive time; section objectives affected and specialist intervention required.
E0226,W052,1628,Sandstone,Kick,Medium,"Unexpected formation influx in Sandstone at 1628 m; flow check positive, BOP closed and circulation of kill mud carried out.",6.6,Partial non-productive time; drilling suspended while the well was treated and conditioned.
E0227,W053,179,Claystone,Wellbore Instability,Medium,Borehole collapse tendency in Claystone at 179 m; repeated back-reaming needed to maintain hole condition.,8.6,Partial non-productive time; drilling suspended while the well was treated and conditioned.
E0228,W053,2838,Limestone,Kick,Low,"Pressure-related kick detected while drilling Limestone at 2838 m; annular pressure rise recorded, mud weight raised after control.",3.4,Minor non-productive time; operations resumed after routine parameter adjustment.
E0229,W053,679,Sandstone,Mud Loss,High,Seepage-to-partial mud losses observed while drilling Sandstone at 679 m; mud weight trimmed and losses monitored.,11.8,Significant non-productive time; remedial operations and additional materials required.
E0230,W053,2440,Limestone,Kick,High,"Pressure-related kick detected while drilling Limestone at 2440 m; annular pressure rise recorded, mud weight raised after control.",19.9,Significant non-productive time; remedial operations and additional materials required.
E0231,W055,3872,Limestone,Cementing Issue,Low,Poor cement bond opposite Limestone at 3872 m; channelling indicated on the bond log and a remedial squeeze planned.,4.4,Minor non-productive time; operations resumed after routine parameter adjustment.
E0232,W055,1922,Sandstone,Mud Loss,Critical,Partial loss of drilling fluid recorded at 1922 m in the Sandstone interval; returns reduced and LCM pumped to regain circulation.,25.1,Major non-productive time; section objectives affected and specialist intervention required.
E0233,W055,2549,Shale,Mud Loss,High,Partial loss of drilling fluid recorded at 2549 m in the Shale interval; returns reduced and LCM pumped to regain circulation.,11.2,Significant non-productive time; remedial operations and additional materials required.
E0234,W055,2964,Limestone,Kick,Medium,"Influx indication at 2964 m in Limestone; pit gain and flow observed, well shut in and killed using the driller's method.",7.2,Partial non-productive time; drilling suspended while the well was treated and conditioned.
E0235,W056,703,Sandstone,Wellbore Instability,Medium,Borehole collapse tendency in Sandstone at 703 m; repeated back-reaming needed to maintain hole condition.,10,Partial non-productive time; drilling suspended while the well was treated and conditioned.
E0236,W057,2143,Shale,Stuck Pipe,High,Differential/mechanical sticking of the string at 2143 m in Shale; hole cleaning improved and pipe recovered.,34.6,Significant non-productive time; remedial operations and additional materials required.
E0237,W057,1765,Shale,Wellbore Instability,High,Hole instability and cavings from the Shale interval at 1765 m; tight hole on connections and reaming required.,21.1,Significant non-productive time; remedial operations and additional materials required.
E0238,W058,1870,Shale,Stuck Pipe,High,Differential/mechanical sticking of the string at 1870 m in Shale; hole cleaning improved and pipe recovered.,26.1,Significant non-productive time; remedial operations and additional materials required.
E0239,W058,2472,Shale,Stuck Pipe,Critical,Drill string became stuck at 2472 m within the Shale section; overpull observed and jarring / working of pipe required.,44.2,Major non-productive time; section objectives affected and specialist intervention required.
E0240,W059,2241,Shale,Stuck Pipe,Low,Drill string became stuck at 2241 m within the Shale section; overpull observed and jarring / working of pipe required.,7,Minor non-productive time; operations resumed after routine parameter adjustment.
E0241,W059,2725,Limestone,Casing Issue,Medium,Casing running difficulty at 2725 m in the Limestone section; casing hung up and required reciprocation to reach depth.,15.2,Partial non-productive time; drilling suspended while the well was treated and conditioned.
E0242,W059,1389,Sandstone,Kick,Medium,"Unexpected formation influx in Sandstone at 1389 m; flow check positive, BOP closed and circulation of kill mud carried out.",7.2,Partial non-productive time; drilling suspended while the well was treated and conditioned.
E0243,W059,1744,Sandstone,Mud Loss,Low,Partial loss of drilling fluid recorded at 1744 m in the Sandstone interval; returns reduced and LCM pumped to regain circulation.,2.3,Minor non-productive time; operations resumed after routine parameter adjustment.
E0244,W059,3091,Limestone,Stuck Pipe,Medium,Drill string became stuck at 3091 m within the Limestone section; overpull observed and jarring / working of pipe required.,14,Partial non-productive time; drilling suspended while the well was treated and conditioned.
E0245,W059,756,Sandstone,Mud Loss,Medium,Partial loss of drilling fluid recorded at 756 m in the Sandstone interval; returns reduced and LCM pumped to regain circulation.,7.1,Partial non-productive time; drilling suspended while the well was treated and conditioned.
E0246,W060,2457,Shale,Stuck Pipe,Medium,Drill string became stuck at 2457 m within the Shale section; overpull observed and jarring / working of pipe required.,12.3,Partial non-productive time; drilling suspended while the well was treated and conditioned.
E0247,W060,1352,Sandstone,Cementing Issue,Critical,Incomplete annular cement coverage near 1352 m in Sandstone; remedial cementing operation carried out.,29.9,Major non-productive time; section objectives affected and specialist intervention required.
E0248,W060,86,Sandstone,Stuck Pipe,Medium,Drill string became stuck at 86 m within the Sandstone section; overpull observed and jarring / working of pipe required.,10.8,Partial non-productive time; drilling suspended while the well was treated and conditioned.
E0249,W060,324,Sandstone,Mud Loss,High,Seepage-to-partial mud losses observed while drilling Sandstone at 324 m; mud weight trimmed and losses monitored.,13,Significant non-productive time; remedial operations and additional materials required.
E0250,W060,1857,Shale,Stuck Pipe,Medium,"Pack-off and stuck pipe in Shale at 1857 m; rotation lost, string freed after jarring and lubricant spotting.",13,Partial non-productive time; drilling suspended while the well was treated and conditioned.
E0251,W061,2362,Limestone,Kick,Medium,"Unexpected formation influx in Limestone at 2362 m; flow check positive, BOP closed and circulation of kill mud carried out.",6.7,Partial non-productive time; drilling suspended while the well was treated and conditioned.
E0252,W061,575,Sandstone,Cementing Issue,High,Incomplete annular cement coverage near 575 m in Sandstone; remedial cementing operation carried out.,18.6,Significant non-productive time; remedial operations and additional materials required.
E0253,W061,1933,Shale,Wellbore Instability,Low,Borehole collapse tendency in Shale at 1933 m; repeated back-reaming needed to maintain hole condition.,4.3,Minor non-productive time; operations resumed after routine parameter adjustment.
E0254,W061,2799,Limestone,Kick,Low,"Pressure-related kick detected while drilling Limestone at 2799 m; annular pressure rise recorded, mud weight raised after control.",3.5,Minor non-productive time; operations resumed after routine parameter adjustment.
E0255,W063,2352,Shale,Stuck Pipe,High,Differential/mechanical sticking of the string at 2352 m in Shale; hole cleaning improved and pipe recovered.,29.5,Significant non-productive time; remedial operations and additional materials required.
E0256,W063,660,Sandstone,Wellbore Instability,High,Borehole collapse tendency in Sandstone at 660 m; repeated back-reaming needed to maintain hole condition.,24.5,Significant non-productive time; remedial operations and additional materials required.
E0257,W063,163,Claystone,Cementing Issue,Low,Cement slurry losses while cementing across Claystone at 163 m; top of cement lower than designed.,4.3,Minor non-productive time; operations resumed after routine parameter adjustment.
E0258,W063,1618,Sandstone,Mud Loss,Critical,Partial loss of drilling fluid recorded at 1618 m in the Sandstone interval; returns reduced and LCM pumped to regain circulation.,24.1,Major non-productive time; section objectives affected and specialist intervention required.
E0259,W063,2534,Shale,Wellbore Instability,Critical,Borehole collapse tendency in Shale at 2534 m; repeated back-reaming needed to maintain hole condition.,40.2,Major non-productive time; section objectives affected and specialist intervention required.
E0260,W063,2746,Limestone,Kick,Critical,"Pressure-related kick detected while drilling Limestone at 2746 m; annular pressure rise recorded, mud weight raised after control.",27.7,Major non-productive time; section objectives affected and specialist intervention required.
E0261,W063,2409,Shale,Stuck Pipe,High,Differential/mechanical sticking of the string at 2409 m in Shale; hole cleaning improved and pipe recovered.,35.2,Significant non-productive time; remedial operations and additional materials required.
E0262,W063,1584,Sandstone,Mud Loss,Low,Seepage-to-partial mud losses observed while drilling Sandstone at 1584 m; mud weight trimmed and losses monitored.,2.7,Minor non-productive time; operations resumed after routine parameter adjustment.
E0263,W064,1794,Shale,Wellbore Instability,Medium,Sloughing Shale at 1794 m produced excess cuttings volume and hole enlargement; mud properties adjusted.,8.2,Partial non-productive time; drilling suspended while the well was treated and conditioned.
E0264,W064,1783,Shale,Stuck Pipe,Critical,Drill string became stuck at 1783 m within the Shale section; overpull observed and jarring / working of pipe required.,48.1,Major non-productive time; section objectives affected and specialist intervention required.
E0265,W064,2751,Limestone,Kick,Critical,"Influx indication at 2751 m in Limestone; pit gain and flow observed, well shut in and killed using the driller's method.",26.8,Major non-productive time; section objectives affected and specialist intervention required.
E0266,W065,1718,Sandstone,Casing Issue,Medium,Restricted casing passage through plastic Sandstone at 1718 m; hole conditioned and casing rerun.,14.7,Partial non-productive time; drilling suspended while the well was treated and conditioned.
E0267,W065,527,Claystone,Stuck Pipe,Medium,Drill string became stuck at 527 m within the Claystone section; overpull observed and jarring / working of pipe required.,11.9,Partial non-productive time; drilling suspended while the well was treated and conditioned.
E0268,W065,56,Claystone,Casing Issue,Critical,Restricted casing passage through plastic Claystone at 56 m; hole conditioned and casing rerun.,64,Major non-productive time; section objectives affected and specialist intervention required.
E0269,W065,276,Claystone,Casing Issue,High,Restricted casing passage through plastic Claystone at 276 m; hole conditioned and casing rerun.,38.1,Significant non-productive time; remedial operations and additional materials required.
E0270,W065,801,Sandstone,Cementing Issue,Critical,Incomplete annular cement coverage near 801 m in Sandstone; remedial cementing operation carried out.,36,Major non-productive time; section objectives affected and specialist intervention required.
E0271,W065,248,Claystone,Cementing Issue,Medium,Poor cement bond opposite Claystone at 248 m; channelling indicated on the bond log and a remedial squeeze planned.,10.8,Partial non-productive time; drilling suspended while the well was treated and conditioned.
E0272,W065,1334,Sandstone,Mud Loss,High,Loss of circulation into porous Sandstone at 1334 m; drilling paused and a lost-circulation-material pill spotted.,13.6,Significant non-productive time; remedial operations and additional materials required.
E0273,W066,532,Claystone,Cementing Issue,Medium,Poor cement bond opposite Claystone at 532 m; channelling indicated on the bond log and a remedial squeeze planned.,9.1,Partial non-productive time; drilling suspended while the well was treated and conditioned.
E0274,W066,3074,Limestone,Mud Loss,Low,Loss of circulation into porous Limestone at 3074 m; drilling paused and a lost-circulation-material pill spotted.,3.2,Minor non-productive time; operations resumed after routine parameter adjustment.
E0275,W066,869,Sandstone,Casing Issue,High,Casing running difficulty at 869 m in the Sandstone section; casing hung up and required reciprocation to reach depth.,27.6,Significant non-productive time; remedial operations and additional materials required.
E0276,W067,128,Claystone,Cementing Issue,Medium,Incomplete annular cement coverage near 128 m in Claystone; remedial cementing operation carried out.,9.5,Partial non-productive time; drilling suspended while the well was treated and conditioned.
E0277,W067,781,Sandstone,Mud Loss,High,Seepage-to-partial mud losses observed while drilling Sandstone at 781 m; mud weight trimmed and losses monitored.,13.4,Significant non-productive time; remedial operations and additional materials required.
E0278,W067,2001,Shale,Kick,High,"Unexpected formation influx in Shale at 2001 m; flow check positive, BOP closed and circulation of kill mud carried out.",20.9,Significant non-productive time; remedial operations and additional materials required.
E0279,W067,726,Sandstone,Mud Loss,Critical,Seepage-to-partial mud losses observed while drilling Sandstone at 726 m; mud weight trimmed and losses monitored.,26.1,Major non-productive time; section objectives affected and specialist intervention required.
E0280,W067,197,Claystone,Cementing Issue,Medium,Incomplete annular cement coverage near 197 m in Claystone; remedial cementing operation carried out.,7.7,Partial non-productive time; drilling suspended while the well was treated and conditioned.
E0281,W067,1589,Sandstone,Mud Loss,Medium,Loss of circulation into porous Sandstone at 1589 m; drilling paused and a lost-circulation-material pill spotted.,5.4,Partial non-productive time; drilling suspended while the well was treated and conditioned.
E0282,W069,264,Shale,Casing Issue,Medium,Restricted casing passage through plastic Shale at 264 m; hole conditioned and casing rerun.,13.8,Partial non-productive time; drilling suspended while the well was treated and conditioned.
E0283,W069,1837,Limestone,Mud Loss,Medium,Seepage-to-partial mud losses observed while drilling Limestone at 1837 m; mud weight trimmed and losses monitored.,6.3,Partial non-productive time; drilling suspended while the well was treated and conditioned.
E0284,W069,1021,Shale,Wellbore Instability,Medium,Sloughing Shale at 1021 m produced excess cuttings volume and hole enlargement; mud properties adjusted.,9.5,Partial non-productive time; drilling suspended while the well was treated and conditioned.
E0285,W069,2363,Limestone,Kick,Low,"Influx indication at 2363 m in Limestone; pit gain and flow observed, well shut in and killed using the driller's method.",4.2,Minor non-productive time; operations resumed after routine parameter adjustment.
E0286,W069,698,Shale,Kick,High,"Unexpected formation influx in Shale at 698 m; flow check positive, BOP closed and circulation of kill mud carried out.",16.3,Significant non-productive time; remedial operations and additional materials required.
E0287,W070,3036,Limestone,Stuck Pipe,Low,Differential/mechanical sticking of the string at 3036 m in Limestone; hole cleaning improved and pipe recovered.,4.9,Minor non-productive time; operations resumed after routine parameter adjustment.
E0288,W070,2914,Limestone,Kick,Medium,"Pressure-related kick detected while drilling Limestone at 2914 m; annular pressure rise recorded, mud weight raised after control.",6.5,Partial non-productive time; drilling suspended while the well was treated and conditioned.
E0289,W070,188,Claystone,Casing Issue,Critical,Casing integrity concern noted opposite Claystone at 188 m; pressure test anomaly investigated before proceeding.,65,Major non-productive time; section objectives affected and specialist intervention required.
E0290,W070,900,Shale,Wellbore Instability,High,Borehole collapse tendency in Shale at 900 m; repeated back-reaming needed to maintain hole condition.,22.6,Significant non-productive time; remedial operations and additional materials required.
E0291,W070,296,Claystone,Kick,Medium,"Influx indication at 296 m in Claystone; pit gain and flow observed, well shut in and killed using the driller's method.",7.6,Partial non-productive time; drilling suspended while the well was treated and conditioned.
E0292,W070,1964,Limestone,Kick,High,"Pressure-related kick detected while drilling Limestone at 1964 m; annular pressure rise recorded, mud weight raised after control.",20.6,Significant non-productive time; remedial operations and additional materials required.
E0293,W071,3378,Sandstone,Mud Loss,Low,Partial loss of drilling fluid recorded at 3378 m in the Sandstone interval; returns reduced and LCM pumped to regain circulation.,2.4,Minor non-productive time; operations resumed after routine parameter adjustment.
E0294,W072,1871,Limestone,Casing Issue,Low,Casing integrity concern noted opposite Limestone at 1871 m; pressure test anomaly investigated before proceeding.,5.2,Minor non-productive time; operations resumed after routine parameter adjustment.
E0295,W072,1434,Shale,Stuck Pipe,Medium,Drill string became stuck at 1434 m within the Shale section; overpull observed and jarring / working of pipe required.,13.8,Partial non-productive time; drilling suspended while the well was treated and conditioned.
E0296,W072,1004,Shale,Wellbore Instability,High,Hole instability and cavings from the Shale interval at 1004 m; tight hole on connections and reaming required.,27.2,Significant non-productive time; remedial operations and additional materials required.
E0297,W072,462,Claystone,Cementing Issue,High,Cement slurry losses while cementing across Claystone at 462 m; top of cement lower than designed.,21.8,Significant non-productive time; remedial operations and additional materials required.
E0298,W072,1601,Limestone,Kick,Medium,"Influx indication at 1601 m in Limestone; pit gain and flow observed, well shut in and killed using the driller's method.",9.1,Partial non-productive time; drilling suspended while the well was treated and conditioned.
E0299,W072,2444,Limestone,Cementing Issue,Medium,Cement slurry losses while cementing across Limestone at 2444 m; top of cement lower than designed.,9.3,Partial non-productive time; drilling suspended while the well was treated and conditioned.
E0300,W072,2977,Sandstone,Casing Issue,Low,Casing integrity concern noted opposite Sandstone at 2977 m; pressure test anomaly investigated before proceeding.,6,Minor non-productive time; operations resumed after routine parameter adjustment.
E0301,W072,2207,Limestone,Stuck Pipe,Medium,Differential/mechanical sticking of the string at 2207 m in Limestone; hole cleaning improved and pipe recovered.,15.5,Partial non-productive time; drilling suspended while the well was treated and conditioned.
E0302,W073,3258,Sandstone,Mud Loss,Low,Loss of circulation into porous Sandstone at 3258 m; drilling paused and a lost-circulation-material pill spotted.,3.4,Minor non-productive time; operations resumed after routine parameter adjustment.
E0303,W073,968,Shale,Stuck Pipe,Medium,"Pack-off and stuck pipe in Shale at 968 m; rotation lost, string freed after jarring and lubricant spotting.",15.5,Partial non-productive time; drilling suspended while the well was treated and conditioned.
E0304,W074,792,Shale,Casing Issue,High,Restricted casing passage through plastic Shale at 792 m; hole conditioned and casing rerun.,32.3,Significant non-productive time; remedial operations and additional materials required.
E0305,W074,2838,Limestone,Kick,Medium,"Unexpected formation influx in Limestone at 2838 m; flow check positive, BOP closed and circulation of kill mud carried out.",6.7,Partial non-productive time; drilling suspended while the well was treated and conditioned.
E0306,W074,3252,Sandstone,Mud Loss,Medium,Partial loss of drilling fluid recorded at 3252 m in the Sandstone interval; returns reduced and LCM pumped to regain circulation.,6.7,Partial non-productive time; drilling suspended while the well was treated and conditioned.
E0307,W074,98,Claystone,Casing Issue,Low,Casing integrity concern noted opposite Claystone at 98 m; pressure test anomaly investigated before proceeding.,5.6,Minor non-productive time; operations resumed after routine parameter adjustment.
E0308,W074,1375,Shale,Wellbore Instability,Medium,Sloughing Shale at 1375 m produced excess cuttings volume and hole enlargement; mud properties adjusted.,11.8,Partial non-productive time; drilling suspended while the well was treated and conditioned.
E0309,W074,521,Shale,Wellbore Instability,Medium,Borehole collapse tendency in Shale at 521 m; repeated back-reaming needed to maintain hole condition.,11.9,Partial non-productive time; drilling suspended while the well was treated and conditioned.
E0310,W074,2844,Limestone,Kick,Medium,"Pressure-related kick detected while drilling Limestone at 2844 m; annular pressure rise recorded, mud weight raised after control.",7.5,Partial non-productive time; drilling suspended while the well was treated and conditioned.
E0311,W075,126,Shale,Stuck Pipe,Medium,Differential/mechanical sticking of the string at 126 m in Shale; hole cleaning improved and pipe recovered.,12.5,Partial non-productive time; drilling suspended while the well was treated and conditioned.
E0312,W075,2015,Limestone,Mud Loss,Low,Partial loss of drilling fluid recorded at 2015 m in the Limestone interval; returns reduced and LCM pumped to regain circulation.,3.2,Minor non-productive time; operations resumed after routine parameter adjustment.
E0313,W075,2752,Sandstone,Wellbore Instability,Medium,Sloughing Sandstone at 2752 m produced excess cuttings volume and hole enlargement; mud properties adjusted.,12.4,Partial non-productive time; drilling suspended while the well was treated and conditioned.
E0314,W076,628,Shale,Wellbore Instability,High,Borehole collapse tendency in Shale at 628 m; repeated back-reaming needed to maintain hole condition.,24.5,Significant non-productive time; remedial operations and additional materials required.
E0315,W076,1280,Shale,Mud Loss,Critical,Partial loss of drilling fluid recorded at 1280 m in the Shale interval; returns reduced and LCM pumped to regain circulation.,26.3,Major non-productive time; section objectives affected and specialist intervention required.
E0316,W076,333,Claystone,Casing Issue,Medium,Casing running difficulty at 333 m in the Claystone section; casing hung up and required reciprocation to reach depth.,13.2,Partial non-productive time; drilling suspended while the well was treated and conditioned.
E0317,W076,1522,Shale,Kick,High,"Unexpected formation influx in Shale at 1522 m; flow check positive, BOP closed and circulation of kill mud carried out.",20.9,Significant non-productive time; remedial operations and additional materials required.
E0318,W076,1749,Limestone,Kick,Critical,"Influx indication at 1749 m in Limestone; pit gain and flow observed, well shut in and killed using the driller's method.",35.2,Major non-productive time; section objectives affected and specialist intervention required.
E0319,W077,2694,Limestone,Stuck Pipe,High,Differential/mechanical sticking of the string at 2694 m in Limestone; hole cleaning improved and pipe recovered.,32.1,Significant non-productive time; remedial operations and additional materials required.
E0320,W077,2012,Limestone,Wellbore Instability,High,Sloughing Limestone at 2012 m produced excess cuttings volume and hole enlargement; mud properties adjusted.,23.9,Significant non-productive time; remedial operations and additional materials required.
E0321,W077,152,Claystone,Wellbore Instability,High,Hole instability and cavings from the Claystone interval at 152 m; tight hole on connections and reaming required.,24.6,Significant non-productive time; remedial operations and additional materials required.
E0322,W077,1288,Shale,Stuck Pipe,Low,Drill string became stuck at 1288 m within the Shale section; overpull observed and jarring / working of pipe required.,5.7,Minor non-productive time; operations resumed after routine parameter adjustment.
E0323,W077,598,Shale,Casing Issue,High,Casing running difficulty at 598 m in the Shale section; casing hung up and required reciprocation to reach depth.,36,Significant non-productive time; remedial operations and additional materials required.
E0324,W077,608,Shale,Stuck Pipe,Medium,"Pack-off and stuck pipe in Shale at 608 m; rotation lost, string freed after jarring and lubricant spotting.",10.7,Partial non-productive time; drilling suspended while the well was treated and conditioned.
E0325,W077,2399,Limestone,Cementing Issue,High,Poor cement bond opposite Limestone at 2399 m; channelling indicated on the bond log and a remedial squeeze planned.,21.5,Significant non-productive time; remedial operations and additional materials required.
E0326,W078,1607,Shale,Wellbore Instability,Medium,Borehole collapse tendency in Shale at 1607 m; repeated back-reaming needed to maintain hole condition.,8.7,Partial non-productive time; drilling suspended while the well was treated and conditioned.
E0327,W079,2728,Limestone,Mud Loss,Medium,Partial loss of drilling fluid recorded at 2728 m in the Limestone interval; returns reduced and LCM pumped to regain circulation.,5.9,Partial non-productive time; drilling suspended while the well was treated and conditioned.
E0328,W079,2285,Limestone,Mud Loss,Low,Partial loss of drilling fluid recorded at 2285 m in the Limestone interval; returns reduced and LCM pumped to regain circulation.,2.8,Minor non-productive time; operations resumed after routine parameter adjustment.
E0329,W079,280,Claystone,Cementing Issue,Low,Incomplete annular cement coverage near 280 m in Claystone; remedial cementing operation carried out.,4.5,Minor non-productive time; operations resumed after routine parameter adjustment.
E0330,W079,1291,Shale,Wellbore Instability,Low,Sloughing Shale at 1291 m produced excess cuttings volume and hole enlargement; mud properties adjusted.,4,Minor non-productive time; operations resumed after routine parameter adjustment.
E0331,W079,1419,Shale,Stuck Pipe,Low,Differential/mechanical sticking of the string at 1419 m in Shale; hole cleaning improved and pipe recovered.,5.2,Minor non-productive time; operations resumed after routine parameter adjustment.
E0332,W080,3512,Sandstone,Mud Loss,Critical,Loss of circulation into porous Sandstone at 3512 m; drilling paused and a lost-circulation-material pill spotted.,26,Major non-productive time; section objectives affected and specialist intervention required.
E0333,W080,2293,Limestone,Stuck Pipe,High,Differential/mechanical sticking of the string at 2293 m in Limestone; hole cleaning improved and pipe recovered.,23.5,Significant non-productive time; remedial operations and additional materials required.
E0334,W080,3005,Limestone,Kick,Critical,"Influx indication at 3005 m in Limestone; pit gain and flow observed, well shut in and killed using the driller's method.",29.1,Major non-productive time; section objectives affected and specialist intervention required.
E0335,W080,2225,Limestone,Casing Issue,High,Restricted casing passage through plastic Limestone at 2225 m; hole conditioned and casing rerun.,35.8,Significant non-productive time; remedial operations and additional materials required.
E0336,W081,136,Claystone,Casing Issue,Low,Casing integrity concern noted opposite Claystone at 136 m; pressure test anomaly investigated before proceeding.,5.1,Minor non-productive time; operations resumed after routine parameter adjustment.
E0337,W081,1472,Shale,Stuck Pipe,High,"Pack-off and stuck pipe in Shale at 1472 m; rotation lost, string freed after jarring and lubricant spotting.",23.6,Significant non-productive time; remedial operations and additional materials required.
E0338,W082,673,Shale,Casing Issue,Medium,Casing integrity concern noted opposite Shale at 673 m; pressure test anomaly investigated before proceeding.,11.6,Partial non-productive time; drilling suspended while the well was treated and conditioned.
E0339,W082,2957,Limestone,Cementing Issue,Medium,Cement slurry losses while cementing across Limestone at 2957 m; top of cement lower than designed.,9.4,Partial non-productive time; drilling suspended while the well was treated and conditioned.
E0340,W082,2412,Limestone,Kick,Medium,"Pressure-related kick detected while drilling Limestone at 2412 m; annular pressure rise recorded, mud weight raised after control.",9.5,Partial non-productive time; drilling suspended while the well was treated and conditioned.
E0341,W082,840,Shale,Wellbore Instability,Medium,Borehole collapse tendency in Shale at 840 m; repeated back-reaming needed to maintain hole condition.,10.5,Partial non-productive time; drilling suspended while the well was treated and conditioned.
E0342,W083,1512,Shale,Casing Issue,Critical,Restricted casing passage through plastic Shale at 1512 m; hole conditioned and casing rerun.,51.8,Major non-productive time; section objectives affected and specialist intervention required.
E0343,W083,465,Shale,Stuck Pipe,Medium,Differential/mechanical sticking of the string at 465 m in Shale; hole cleaning improved and pipe recovered.,12.9,Partial non-productive time; drilling suspended while the well was treated and conditioned.
E0344,W083,609,Shale,Mud Loss,Medium,Loss of circulation into porous Shale at 609 m; drilling paused and a lost-circulation-material pill spotted.,5.4,Partial non-productive time; drilling suspended while the well was treated and conditioned.
E0345,W083,3590,Sandstone,Mud Loss,Critical,Seepage-to-partial mud losses observed while drilling Sandstone at 3590 m; mud weight trimmed and losses monitored.,27.5,Major non-productive time; section objectives affected and specialist intervention required.
E0346,W084,693,Shale,Stuck Pipe,High,Differential/mechanical sticking of the string at 693 m in Shale; hole cleaning improved and pipe recovered.,24.8,Significant non-productive time; remedial operations and additional materials required.
E0347,W084,281,Claystone,Casing Issue,Medium,Casing integrity concern noted opposite Claystone at 281 m; pressure test anomaly investigated before proceeding.,15.8,Partial non-productive time; drilling suspended while the well was treated and conditioned.
E0348,W084,3029,Sandstone,Stuck Pipe,Critical,"Pack-off and stuck pipe in Sandstone at 3029 m; rotation lost, string freed after jarring and lubricant spotting.",46.6,Major non-productive time; section objectives affected and specialist intervention required.
E0349,W084,2112,Limestone,Kick,Low,"Unexpected formation influx in Limestone at 2112 m; flow check positive, BOP closed and circulation of kill mud carried out.",3.7,Minor non-productive time; operations resumed after routine parameter adjustment.
E0350,W084,69,Claystone,Casing Issue,Medium,Casing running difficulty at 69 m in the Claystone section; casing hung up and required reciprocation to reach depth.,16.5,Partial non-productive time; drilling suspended while the well was treated and conditioned.
E0351,W084,2893,Sandstone,Mud Loss,Medium,Partial loss of drilling fluid recorded at 2893 m in the Sandstone interval; returns reduced and LCM pumped to regain circulation.,6.5,Partial non-productive time; drilling suspended while the well was treated and conditioned.
E0352,W085,2541,Limestone,Mud Loss,Medium,Loss of circulation into porous Limestone at 2541 m; drilling paused and a lost-circulation-material pill spotted.,7.3,Partial non-productive time; drilling suspended while the well was treated and conditioned.
E0353,W085,2400,Limestone,Kick,Medium,"Pressure-related kick detected while drilling Limestone at 2400 m; annular pressure rise recorded, mud weight raised after control.",7.1,Partial non-productive time; drilling suspended while the well was treated and conditioned.
E0354,W086,1187,Shale,Stuck Pipe,High,Differential/mechanical sticking of the string at 1187 m in Shale; hole cleaning improved and pipe recovered.,25.7,Significant non-productive time; remedial operations and additional materials required.
E0355,W086,1565,Shale,Mud Loss,Medium,Seepage-to-partial mud losses observed while drilling Shale at 1565 m; mud weight trimmed and losses monitored.,7.3,Partial non-productive time; drilling suspended while the well was treated and conditioned.
E0356,W086,2882,Limestone,Casing Issue,Medium,Restricted casing passage through plastic Limestone at 2882 m; hole conditioned and casing rerun.,14.6,Partial non-productive time; drilling suspended while the well was treated and conditioned.
E0357,W086,2963,Limestone,Kick,High,"Pressure-related kick detected while drilling Limestone at 2963 m; annular pressure rise recorded, mud weight raised after control.",18.1,Significant non-productive time; remedial operations and additional materials required.
E0358,W086,1671,Shale,Casing Issue,Low,Casing integrity concern noted opposite Shale at 1671 m; pressure test anomaly investigated before proceeding.,6.9,Minor non-productive time; operations resumed after routine parameter adjustment.
E0359,W086,3128,Sandstone,Wellbore Instability,Medium,Hole instability and cavings from the Sandstone interval at 3128 m; tight hole on connections and reaming required.,10.5,Partial non-productive time; drilling suspended while the well was treated and conditioned.
E0360,W087,1456,Shale,Wellbore Instability,High,Sloughing Shale at 1456 m produced excess cuttings volume and hole enlargement; mud properties adjusted.,22.2,Significant non-productive time; remedial operations and additional materials required.
E0361,W087,2546,Limestone,Kick,Critical,"Pressure-related kick detected while drilling Limestone at 2546 m; annular pressure rise recorded, mud weight raised after control.",24.4,Major non-productive time; section objectives affected and specialist intervention required.
E0362,W087,2249,Limestone,Casing Issue,Medium,Casing running difficulty at 2249 m in the Limestone section; casing hung up and required reciprocation to reach depth.,13,Partial non-productive time; drilling suspended while the well was treated and conditioned.
E0363,W088,2488,Limestone,Kick,Medium,"Unexpected formation influx in Limestone at 2488 m; flow check positive, BOP closed and circulation of kill mud carried out.",8.1,Partial non-productive time; drilling suspended while the well was treated and conditioned.
E0364,W088,862,Shale,Stuck Pipe,Critical,Differential/mechanical sticking of the string at 862 m in Shale; hole cleaning improved and pipe recovered.,40.2,Major non-productive time; section objectives affected and specialist intervention required.
E0365,W088,1061,Shale,Mud Loss,Low,Partial loss of drilling fluid recorded at 1061 m in the Shale interval; returns reduced and LCM pumped to regain circulation.,2.7,Minor non-productive time; operations resumed after routine parameter adjustment.
E0366,W088,2884,Limestone,Wellbore Instability,High,Hole instability and cavings from the Limestone interval at 2884 m; tight hole on connections and reaming required.,26.4,Significant non-productive time; remedial operations and additional materials required.
E0367,W088,591,Shale,Stuck Pipe,High,Drill string became stuck at 591 m within the Shale section; overpull observed and jarring / working of pipe required.,27.5,Significant non-productive time; remedial operations and additional materials required.
E0368,W089,698,Sandstone,Mud Loss,High,Loss of circulation into porous Sandstone at 698 m; drilling paused and a lost-circulation-material pill spotted.,12,Significant non-productive time; remedial operations and additional materials required.
E0369,W089,2005,Shale,Cementing Issue,Medium,Cement slurry losses while cementing across Shale at 2005 m; top of cement lower than designed.,10.2,Partial non-productive time; drilling suspended while the well was treated and conditioned.
E0370,W089,107,Conglomerate,Wellbore Instability,Low,Borehole collapse tendency in Conglomerate at 107 m; repeated back-reaming needed to maintain hole condition.,3.8,Minor non-productive time; operations resumed after routine parameter adjustment.
E0371,W089,1061,Sandstone,Wellbore Instability,High,Hole instability and cavings from the Sandstone interval at 1061 m; tight hole on connections and reaming required.,18.3,Significant non-productive time; remedial operations and additional materials required.
E0372,W090,798,Sandstone,Casing Issue,Low,Restricted casing passage through plastic Sandstone at 798 m; hole conditioned and casing rerun.,7.8,Minor non-productive time; operations resumed after routine parameter adjustment.
E0373,W090,2063,Shale,Mud Loss,Critical,Loss of circulation into porous Shale at 2063 m; drilling paused and a lost-circulation-material pill spotted.,28,Major non-productive time; section objectives affected and specialist intervention required.
E0374,W090,1999,Shale,Mud Loss,Low,Loss of circulation into porous Shale at 1999 m; drilling paused and a lost-circulation-material pill spotted.,2.4,Minor non-productive time; operations resumed after routine parameter adjustment.
E0375,W090,2119,Shale,Cementing Issue,Medium,Poor cement bond opposite Shale at 2119 m; channelling indicated on the bond log and a remedial squeeze planned.,11.2,Partial non-productive time; drilling suspended while the well was treated and conditioned.
E0376,W090,609,Sandstone,Kick,Medium,"Unexpected formation influx in Sandstone at 609 m; flow check positive, BOP closed and circulation of kill mud carried out.",8.5,Partial non-productive time; drilling suspended while the well was treated and conditioned.
E0377,W090,1630,Shale,Stuck Pipe,Medium,Differential/mechanical sticking of the string at 1630 m in Shale; hole cleaning improved and pipe recovered.,15.7,Partial non-productive time; drilling suspended while the well was treated and conditioned.
E0378,W090,521,Sandstone,Mud Loss,Medium,Seepage-to-partial mud losses observed while drilling Sandstone at 521 m; mud weight trimmed and losses monitored.,5.5,Partial non-productive time; drilling suspended while the well was treated and conditioned.
E0379,W091,3172,Limestone,Kick,Critical,"Unexpected formation influx in Limestone at 3172 m; flow check positive, BOP closed and circulation of kill mud carried out.",36,Major non-productive time; section objectives affected and specialist intervention required.
E0380,W091,1212,Sandstone,Mud Loss,Low,Partial loss of drilling fluid recorded at 1212 m in the Sandstone interval; returns reduced and LCM pumped to regain circulation.,3.2,Minor non-productive time; operations resumed after routine parameter adjustment.
E0381,W091,2066,Shale,Kick,High,"Unexpected formation influx in Shale at 2066 m; flow check positive, BOP closed and circulation of kill mud carried out.",17.3,Significant non-productive time; remedial operations and additional materials required.
E0382,W091,1266,Sandstone,Stuck Pipe,Low,Differential/mechanical sticking of the string at 1266 m in Sandstone; hole cleaning improved and pipe recovered.,6.6,Minor non-productive time; operations resumed after routine parameter adjustment.
E0383,W091,1532,Sandstone,Mud Loss,Medium,Partial loss of drilling fluid recorded at 1532 m in the Sandstone interval; returns reduced and LCM pumped to regain circulation.,5.1,Partial non-productive time; drilling suspended while the well was treated and conditioned.
E0384,W091,1240,Sandstone,Kick,Low,"Influx indication at 1240 m in Sandstone; pit gain and flow observed, well shut in and killed using the driller's method.",3.5,Minor non-productive time; operations resumed after routine parameter adjustment.
E0385,W091,2485,Shale,Stuck Pipe,Low,"Pack-off and stuck pipe in Shale at 2485 m; rotation lost, string freed after jarring and lubricant spotting.",7.2,Minor non-productive time; operations resumed after routine parameter adjustment.
E0386,W091,1862,Shale,Stuck Pipe,Medium,Drill string became stuck at 1862 m within the Shale section; overpull observed and jarring / working of pipe required.,14.5,Partial non-productive time; drilling suspended while the well was treated and conditioned.
E0387,W092,579,Sandstone,Mud Loss,Critical,Partial loss of drilling fluid recorded at 579 m in the Sandstone interval; returns reduced and LCM pumped to regain circulation.,18.5,Major non-productive time; section objectives affected and specialist intervention required.
E0388,W092,2704,Limestone,Kick,Critical,"Pressure-related kick detected while drilling Limestone at 2704 m; annular pressure rise recorded, mud weight raised after control.",25.6,Major non-productive time; section objectives affected and specialist intervention required.
E0389,W092,887,Sandstone,Mud Loss,Critical,Partial loss of drilling fluid recorded at 887 m in the Sandstone interval; returns reduced and LCM pumped to regain circulation.,27.4,Major non-productive time; section objectives affected and specialist intervention required.
E0390,W093,1336,Shale,Stuck Pipe,Critical,Differential/mechanical sticking of the string at 1336 m in Shale; hole cleaning improved and pipe recovered.,50.4,Major non-productive time; section objectives affected and specialist intervention required.
E0391,W093,608,Sandstone,Wellbore Instability,Critical,Borehole collapse tendency in Sandstone at 608 m; repeated back-reaming needed to maintain hole condition.,37.5,Major non-productive time; section objectives affected and specialist intervention required.
E0392,W093,984,Sandstone,Mud Loss,High,Seepage-to-partial mud losses observed while drilling Sandstone at 984 m; mud weight trimmed and losses monitored.,10.6,Significant non-productive time; remedial operations and additional materials required.
E0393,W093,1419,Shale,Cementing Issue,Low,Incomplete annular cement coverage near 1419 m in Shale; remedial cementing operation carried out.,3.4,Minor non-productive time; operations resumed after routine parameter adjustment.
E0394,W093,695,Sandstone,Kick,Medium,"Unexpected formation influx in Sandstone at 695 m; flow check positive, BOP closed and circulation of kill mud carried out.",9.5,Partial non-productive time; drilling suspended while the well was treated and conditioned.
E0395,W093,2251,Shale,Wellbore Instability,Medium,Borehole collapse tendency in Shale at 2251 m; repeated back-reaming needed to maintain hole condition.,9.3,Partial non-productive time; drilling suspended while the well was treated and conditioned.
E0396,W093,1481,Shale,Wellbore Instability,Critical,Sloughing Shale at 1481 m produced excess cuttings volume and hole enlargement; mud properties adjusted.,36,Major non-productive time; section objectives affected and specialist intervention required.
E0397,W094,1485,Shale,Stuck Pipe,Critical,Differential/mechanical sticking of the string at 1485 m in Shale; hole cleaning improved and pipe recovered.,57.6,Major non-productive time; section objectives affected and specialist intervention required.
E0398,W094,1129,Sandstone,Cementing Issue,High,Poor cement bond opposite Sandstone at 1129 m; channelling indicated on the bond log and a remedial squeeze planned.,19.4,Significant non-productive time; remedial operations and additional materials required.
E0399,W094,2545,Limestone,Stuck Pipe,Medium,"Pack-off and stuck pipe in Limestone at 2545 m; rotation lost, string freed after jarring and lubricant spotting.",15.8,Partial non-productive time; drilling suspended while the well was treated and conditioned.
E0400,W094,1623,Shale,Casing Issue,High,Casing running difficulty at 1623 m in the Shale section; casing hung up and required reciprocation to reach depth.,34.6,Significant non-productive time; remedial operations and additional materials required.
E0401,W094,1546,Shale,Mud Loss,High,Seepage-to-partial mud losses observed while drilling Shale at 1546 m; mud weight trimmed and losses monitored.,11.6,Significant non-productive time; remedial operations and additional materials required.
E0402,W095,1754,Shale,Stuck Pipe,Medium,Differential/mechanical sticking of the string at 1754 m in Shale; hole cleaning improved and pipe recovered.,16,Partial non-productive time; drilling suspended while the well was treated and conditioned.
E0403,W095,2158,Shale,Stuck Pipe,Low,Differential/mechanical sticking of the string at 2158 m in Shale; hole cleaning improved and pipe recovered.,7,Minor non-productive time; operations resumed after routine parameter adjustment.
E0404,W095,967,Sandstone,Mud Loss,Critical,Partial loss of drilling fluid recorded at 967 m in the Sandstone interval; returns reduced and LCM pumped to regain circulation.,21.5,Major non-productive time; section objectives affected and specialist intervention required.
E0405,W095,1806,Shale,Stuck Pipe,Medium,"Pack-off and stuck pipe in Shale at 1806 m; rotation lost, string freed after jarring and lubricant spotting.",13.3,Partial non-productive time; drilling suspended while the well was treated and conditioned.
E0406,W095,1384,Shale,Kick,High,"Influx indication at 1384 m in Shale; pit gain and flow observed, well shut in and killed using the driller's method.",15.9,Significant non-productive time; remedial operations and additional materials required.
E0407,W097,840,Sandstone,Mud Loss,Critical,Loss of circulation into porous Sandstone at 840 m; drilling paused and a lost-circulation-material pill spotted.,27.1,Major non-productive time; section objectives affected and specialist intervention required.
E0408,W097,3140,Limestone,Wellbore Instability,Low,Sloughing Limestone at 3140 m produced excess cuttings volume and hole enlargement; mud properties adjusted.,4.4,Minor non-productive time; operations resumed after routine parameter adjustment.
E0409,W097,2651,Shale,Stuck Pipe,Medium,Differential/mechanical sticking of the string at 2651 m in Shale; hole cleaning improved and pipe recovered.,16.1,Partial non-productive time; drilling suspended while the well was treated and conditioned.
E0410,W097,1163,Sandstone,Mud Loss,Medium,Seepage-to-partial mud losses observed while drilling Sandstone at 1163 m; mud weight trimmed and losses monitored.,5.3,Partial non-productive time; drilling suspended while the well was treated and conditioned.
E0411,W097,795,Sandstone,Mud Loss,High,Loss of circulation into porous Sandstone at 795 m; drilling paused and a lost-circulation-material pill spotted.,14.3,Significant non-productive time; remedial operations and additional materials required.
E0412,W099,2247,Shale,Wellbore Instability,Low,Sloughing Shale at 2247 m produced excess cuttings volume and hole enlargement; mud properties adjusted.,4.2,Minor non-productive time; operations resumed after routine parameter adjustment.
E0413,W099,2256,Shale,Stuck Pipe,Critical,Differential/mechanical sticking of the string at 2256 m in Shale; hole cleaning improved and pipe recovered.,55.6,Major non-productive time; section objectives affected and specialist intervention required.
E0414,W099,34,Sandstone,Mud Loss,Medium,Partial loss of drilling fluid recorded at 34 m in the Sandstone interval; returns reduced and LCM pumped to regain circulation.,7.3,Partial non-productive time; drilling suspended while the well was treated and conditioned.
E0415,W099,3052,Limestone,Stuck Pipe,Medium,Differential/mechanical sticking of the string at 3052 m in Limestone; hole cleaning improved and pipe recovered.,11.1,Partial non-productive time; drilling suspended while the well was treated and conditioned.
E0416,W099,1759,Shale,Stuck Pipe,Medium,"Pack-off and stuck pipe in Shale at 1759 m; rotation lost, string freed after jarring and lubricant spotting.",11.4,Partial non-productive time; drilling suspended while the well was treated and conditioned.
E0417,W099,2138,Shale,Stuck Pipe,Medium,"Pack-off and stuck pipe in Shale at 2138 m; rotation lost, string freed after jarring and lubricant spotting.",11.7,Partial non-productive time; drilling suspended while the well was treated and conditioned.
E0418,W100,799,Sandstone,Mud Loss,Low,Seepage-to-partial mud losses observed while drilling Sandstone at 799 m; mud weight trimmed and losses monitored.,2.5,Minor non-productive time; operations resumed after routine parameter adjustment.
E0419,W100,1286,Sandstone,Mud Loss,High,Partial loss of drilling fluid recorded at 1286 m in the Sandstone interval; returns reduced and LCM pumped to regain circulation.,10.6,Significant non-productive time; remedial operations and additional materials required.
E0420,W100,1363,Sandstone,Stuck Pipe,High,Differential/mechanical sticking of the string at 1363 m in Sandstone; hole cleaning improved and pipe recovered.,29,Significant non-productive time; remedial operations and additional materials required.
E0421,W102,792,Sandstone,Mud Loss,High,Partial loss of drilling fluid recorded at 792 m in the Sandstone interval; returns reduced and LCM pumped to regain circulation.,14.3,Significant non-productive time; remedial operations and additional materials required.
E0422,W102,1247,Sandstone,Mud Loss,Low,Seepage-to-partial mud losses observed while drilling Sandstone at 1247 m; mud weight trimmed and losses monitored.,2.6,Minor non-productive time; operations resumed after routine parameter adjustment.
E0423,W103,2111,Shale,Mud Loss,Low,Partial loss of drilling fluid recorded at 2111 m in the Shale interval; returns reduced and LCM pumped to regain circulation.,2.5,Minor non-productive time; operations resumed after routine parameter adjustment.
E0424,W103,2718,Shale,Stuck Pipe,Medium,Drill string became stuck at 2718 m within the Shale section; overpull observed and jarring / working of pipe required.,15.1,Partial non-productive time; drilling suspended while the well was treated and conditioned.
E0425,W103,2243,Shale,Stuck Pipe,Medium,Differential/mechanical sticking of the string at 2243 m in Shale; hole cleaning improved and pipe recovered.,11.3,Partial non-productive time; drilling suspended while the well was treated and conditioned.
E0426,W103,154,Sandstone,Stuck Pipe,Low,Drill string became stuck at 154 m within the Sandstone section; overpull observed and jarring / working of pipe required.,7.2,Minor non-productive time; operations resumed after routine parameter adjustment.
E0427,W103,1874,Shale,Wellbore Instability,High,Sloughing Shale at 1874 m produced excess cuttings volume and hole enlargement; mud properties adjusted.,26.3,Significant non-productive time; remedial operations and additional materials required.
E0428,W103,1007,Sandstone,Mud Loss,Medium,Loss of circulation into porous Sandstone at 1007 m; drilling paused and a lost-circulation-material pill spotted.,6.2,Partial non-productive time; drilling suspended while the well was treated and conditioned.
E0429,W103,2672,Shale,Stuck Pipe,Low,"Pack-off and stuck pipe in Shale at 2672 m; rotation lost, string freed after jarring and lubricant spotting.",6.8,Minor non-productive time; operations resumed after routine parameter adjustment.
E0430,W104,2302,Shale,Casing Issue,High,Restricted casing passage through plastic Shale at 2302 m; hole conditioned and casing rerun.,36.9,Significant non-productive time; remedial operations and additional materials required.
E0431,W104,3300,Limestone,Casing Issue,Low,Casing integrity concern noted opposite Limestone at 3300 m; pressure test anomaly investigated before proceeding.,5.6,Minor non-productive time; operations resumed after routine parameter adjustment.
E0432,W104,2570,Shale,Mud Loss,Medium,Partial loss of drilling fluid recorded at 2570 m in the Shale interval; returns reduced and LCM pumped to regain circulation.,6.1,Partial non-productive time; drilling suspended while the well was treated and conditioned.
E0433,W104,3027,Limestone,Kick,Medium,"Unexpected formation influx in Limestone at 3027 m; flow check positive, BOP closed and circulation of kill mud carried out.",8.8,Partial non-productive time; drilling suspended while the well was treated and conditioned.
E0434,W104,1747,Shale,Kick,Medium,"Influx indication at 1747 m in Shale; pit gain and flow observed, well shut in and killed using the driller's method.",6.8,Partial non-productive time; drilling suspended while the well was treated and conditioned.
E0435,W105,2508,Limestone,Casing Issue,Low,Restricted casing passage through plastic Limestone at 2508 m; hole conditioned and casing rerun.,7.1,Minor non-productive time; operations resumed after routine parameter adjustment.
E0436,W105,110,Conglomerate,Stuck Pipe,Medium,"Pack-off and stuck pipe in Conglomerate at 110 m; rotation lost, string freed after jarring and lubricant spotting.",12.4,Partial non-productive time; drilling suspended while the well was treated and conditioned.
E0437,W105,2821,Limestone,Casing Issue,Low,Casing integrity concern noted opposite Limestone at 2821 m; pressure test anomaly investigated before proceeding.,7.5,Minor non-productive time; operations resumed after routine parameter adjustment.
E0438,W106,2409,Shale,Wellbore Instability,High,Borehole collapse tendency in Shale at 2409 m; repeated back-reaming needed to maintain hole condition.,23.6,Significant non-productive time; remedial operations and additional materials required.
E0439,W106,1375,Sandstone,Wellbore Instability,Low,Hole instability and cavings from the Sandstone interval at 1375 m; tight hole on connections and reaming required.,4.6,Minor non-productive time; operations resumed after routine parameter adjustment.
E0440,W106,1546,Sandstone,Mud Loss,Medium,Loss of circulation into porous Sandstone at 1546 m; drilling paused and a lost-circulation-material pill spotted.,6,Partial non-productive time; drilling suspended while the well was treated and conditioned.
E0441,W106,1924,Shale,Casing Issue,Low,Casing running difficulty at 1924 m in the Shale section; casing hung up and required reciprocation to reach depth.,5.6,Minor non-productive time; operations resumed after routine parameter adjustment.
E0442,W107,2499,Shale,Wellbore Instability,Low,Sloughing Shale at 2499 m produced excess cuttings volume and hole enlargement; mud properties adjusted.,4.1,Minor non-productive time; operations resumed after routine parameter adjustment.
E0443,W107,803,Sandstone,Mud Loss,High,Loss of circulation into porous Sandstone at 803 m; drilling paused and a lost-circulation-material pill spotted.,12.6,Significant non-productive time; remedial operations and additional materials required.
E0444,W107,1226,Sandstone,Mud Loss,Low,Seepage-to-partial mud losses observed while drilling Sandstone at 1226 m; mud weight trimmed and losses monitored.,3.2,Minor non-productive time; operations resumed after routine parameter adjustment.
E0445,W107,2733,Limestone,Mud Loss,Medium,Loss of circulation into porous Limestone at 2733 m; drilling paused and a lost-circulation-material pill spotted.,5.9,Partial non-productive time; drilling suspended while the well was treated and conditioned.
E0446,W107,674,Sandstone,Mud Loss,Medium,Seepage-to-partial mud losses observed while drilling Sandstone at 674 m; mud weight trimmed and losses monitored.,6.3,Partial non-productive time; drilling suspended while the well was treated and conditioned.
E0447,W107,1173,Sandstone,Mud Loss,Medium,Loss of circulation into porous Sandstone at 1173 m; drilling paused and a lost-circulation-material pill spotted.,5.7,Partial non-productive time; drilling suspended while the well was treated and conditioned.
E0448,W108,346,Conglomerate,Cementing Issue,Low,Cement slurry losses while cementing across Conglomerate at 346 m; top of cement lower than designed.,4.2,Minor non-productive time; operations resumed after routine parameter adjustment.
E0449,W108,1309,Sandstone,Casing Issue,Medium,Restricted casing passage through plastic Sandstone at 1309 m; hole conditioned and casing rerun.,12.1,Partial non-productive time; drilling suspended while the well was treated and conditioned.
E0450,W108,854,Sandstone,Cementing Issue,Low,Incomplete annular cement coverage near 854 m in Sandstone; remedial cementing operation carried out.,4.1,Minor non-productive time; operations resumed after routine parameter adjustment.
E0451,W109,1567,Shale,Mud Loss,Medium,Partial loss of drilling fluid recorded at 1567 m in the Shale interval; returns reduced and LCM pumped to regain circulation.,6.3,Partial non-productive time; drilling suspended while the well was treated and conditioned.
E0452,W109,1402,Shale,Stuck Pipe,Low,"Pack-off and stuck pipe in Shale at 1402 m; rotation lost, string freed after jarring and lubricant spotting.",6.6,Minor non-productive time; operations resumed after routine parameter adjustment.
E0453,W109,1193,Shale,Stuck Pipe,Low,Drill string became stuck at 1193 m within the Shale section; overpull observed and jarring / working of pipe required.,6.7,Minor non-productive time; operations resumed after routine parameter adjustment.
E0454,W109,2607,Sandstone,Cementing Issue,Medium,Incomplete annular cement coverage near 2607 m in Sandstone; remedial cementing operation carried out.,10.3,Partial non-productive time; drilling suspended while the well was treated and conditioned.
E0455,W109,1474,Shale,Wellbore Instability,Critical,Borehole collapse tendency in Shale at 1474 m; repeated back-reaming needed to maintain hole condition.,43.2,Major non-productive time; section objectives affected and specialist intervention required.
E0456,W109,172,Claystone,Cementing Issue,High,Poor cement bond opposite Claystone at 172 m; channelling indicated on the bond log and a remedial squeeze planned.,24.1,Significant non-productive time; remedial operations and additional materials required.
E0457,W109,1458,Shale,Kick,Low,"Influx indication at 1458 m in Shale; pit gain and flow observed, well shut in and killed using the driller's method.",3.2,Minor non-productive time; operations resumed after routine parameter adjustment.
E0458,W110,385,Claystone,Wellbore Instability,Medium,Borehole collapse tendency in Claystone at 385 m; repeated back-reaming needed to maintain hole condition.,10.8,Partial non-productive time; drilling suspended while the well was treated and conditioned.
E0459,W110,161,Claystone,Cementing Issue,Low,Incomplete annular cement coverage near 161 m in Claystone; remedial cementing operation carried out.,4.4,Minor non-productive time; operations resumed after routine parameter adjustment.
E0460,W110,269,Claystone,Casing Issue,High,Casing running difficulty at 269 m in the Claystone section; casing hung up and required reciprocation to reach depth.,34.5,Significant non-productive time; remedial operations and additional materials required.
E0461,W110,1348,Shale,Stuck Pipe,Low,Drill string became stuck at 1348 m within the Shale section; overpull observed and jarring / working of pipe required.,4.9,Minor non-productive time; operations resumed after routine parameter adjustment.
E0462,W110,2373,Sandstone,Mud Loss,High,Seepage-to-partial mud losses observed while drilling Sandstone at 2373 m; mud weight trimmed and losses monitored.,13.9,Significant non-productive time; remedial operations and additional materials required.
E0463,W111,2483,Sandstone,Kick,Medium,"Unexpected formation influx in Sandstone at 2483 m; flow check positive, BOP closed and circulation of kill mud carried out.",8.8,Partial non-productive time; drilling suspended while the well was treated and conditioned.
E0464,W111,1556,Shale,Stuck Pipe,Medium,Drill string became stuck at 1556 m within the Shale section; overpull observed and jarring / working of pipe required.,11.5,Partial non-productive time; drilling suspended while the well was treated and conditioned.
E0465,W111,1174,Shale,Stuck Pipe,Low,Drill string became stuck at 1174 m within the Shale section; overpull observed and jarring / working of pipe required.,5.1,Minor non-productive time; operations resumed after routine parameter adjustment.
E0466,W111,234,Claystone,Casing Issue,Critical,Casing running difficulty at 234 m in the Claystone section; casing hung up and required reciprocation to reach depth.,44.3,Major non-productive time; section objectives affected and specialist intervention required.
E0467,W111,30,Claystone,Cementing Issue,Low,Incomplete annular cement coverage near 30 m in Claystone; remedial cementing operation carried out.,3.3,Minor non-productive time; operations resumed after routine parameter adjustment.
E0468,W111,796,Shale,Stuck Pipe,Critical,Differential/mechanical sticking of the string at 796 m in Shale; hole cleaning improved and pipe recovered.,41.5,Major non-productive time; section objectives affected and specialist intervention required.
E0469,W112,2682,Sandstone,Casing Issue,Low,Casing running difficulty at 2682 m in the Sandstone section; casing hung up and required reciprocation to reach depth.,5.9,Minor non-productive time; operations resumed after routine parameter adjustment.
E0470,W112,142,Claystone,Cementing Issue,Low,Incomplete annular cement coverage near 142 m in Claystone; remedial cementing operation carried out.,4,Minor non-productive time; operations resumed after routine parameter adjustment.
E0471,W112,1067,Shale,Stuck Pipe,Critical,Drill string became stuck at 1067 m within the Shale section; overpull observed and jarring / working of pipe required.,50.9,Major non-productive time; section objectives affected and specialist intervention required.
E0472,W112,2466,Sandstone,Mud Loss,Medium,Seepage-to-partial mud losses observed while drilling Sandstone at 2466 m; mud weight trimmed and losses monitored.,7.1,Partial non-productive time; drilling suspended while the well was treated and conditioned.
E0473,W113,2788,Sandstone,Mud Loss,Critical,Partial loss of drilling fluid recorded at 2788 m in the Sandstone interval; returns reduced and LCM pumped to regain circulation.,21.2,Major non-productive time; section objectives affected and specialist intervention required.
E0474,W113,1373,Shale,Stuck Pipe,Low,"Pack-off and stuck pipe in Shale at 1373 m; rotation lost, string freed after jarring and lubricant spotting.",5,Minor non-productive time; operations resumed after routine parameter adjustment.
E0475,W113,1852,Shale,Wellbore Instability,Medium,Borehole collapse tendency in Shale at 1852 m; repeated back-reaming needed to maintain hole condition.,10.6,Partial non-productive time; drilling suspended while the well was treated and conditioned.
E0476,W113,1223,Shale,Casing Issue,Medium,Casing integrity concern noted opposite Shale at 1223 m; pressure test anomaly investigated before proceeding.,17.1,Partial non-productive time; drilling suspended while the well was treated and conditioned.
E0477,W113,3193,Sandstone,Wellbore Instability,High,Hole instability and cavings from the Sandstone interval at 3193 m; tight hole on connections and reaming required.,19.4,Significant non-productive time; remedial operations and additional materials required.
E0478,W113,2988,Sandstone,Mud Loss,Medium,Seepage-to-partial mud losses observed while drilling Sandstone at 2988 m; mud weight trimmed and losses monitored.,7.3,Partial non-productive time; drilling suspended while the well was treated and conditioned.
E0479,W114,324,Claystone,Wellbore Instability,Medium,Borehole collapse tendency in Claystone at 324 m; repeated back-reaming needed to maintain hole condition.,12,Partial non-productive time; drilling suspended while the well was treated and conditioned.
E0480,W114,2903,Sandstone,Mud Loss,Medium,Loss of circulation into porous Sandstone at 2903 m; drilling paused and a lost-circulation-material pill spotted.,5,Partial non-productive time; drilling suspended while the well was treated and conditioned.
E0481,W114,2502,Conglomerate,Mud Loss,Low,Seepage-to-partial mud losses observed while drilling Conglomerate at 2502 m; mud weight trimmed and losses monitored.,3,Minor non-productive time; operations resumed after routine parameter adjustment.
E0482,W114,1218,Shale,Casing Issue,Low,Casing integrity concern noted opposite Shale at 1218 m; pressure test anomaly investigated before proceeding.,7.5,Minor non-productive time; operations resumed after routine parameter adjustment.
E0483,W114,1664,Shale,Stuck Pipe,Medium,Differential/mechanical sticking of the string at 1664 m in Shale; hole cleaning improved and pipe recovered.,13.5,Partial non-productive time; drilling suspended while the well was treated and conditioned.
E0484,W115,625,Claystone,Mud Loss,Medium,Partial loss of drilling fluid recorded at 625 m in the Claystone interval; returns reduced and LCM pumped to regain circulation.,6.9,Partial non-productive time; drilling suspended while the well was treated and conditioned.
E0485,W115,77,Claystone,Casing Issue,High,Casing running difficulty at 77 m in the Claystone section; casing hung up and required reciprocation to reach depth.,29.2,Significant non-productive time; remedial operations and additional materials required.
E0486,W116,2869,Sandstone,Casing Issue,Medium,Restricted casing passage through plastic Sandstone at 2869 m; hole conditioned and casing rerun.,16.6,Partial non-productive time; drilling suspended while the well was treated and conditioned.
E0487,W116,2936,Sandstone,Mud Loss,Medium,Loss of circulation into porous Sandstone at 2936 m; drilling paused and a lost-circulation-material pill spotted.,6.5,Partial non-productive time; drilling suspended while the well was treated and conditioned.
E0488,W116,1116,Shale,Stuck Pipe,Low,"Pack-off and stuck pipe in Shale at 1116 m; rotation lost, string freed after jarring and lubricant spotting.",6.2,Minor non-productive time; operations resumed after routine parameter adjustment.
E0489,W116,195,Claystone,Cementing Issue,Medium,Cement slurry losses while cementing across Claystone at 195 m; top of cement lower than designed.,8.6,Partial non-productive time; drilling suspended while the well was treated and conditioned.
E0490,W116,2579,Sandstone,Mud Loss,High,Seepage-to-partial mud losses observed while drilling Sandstone at 2579 m; mud weight trimmed and losses monitored.,11.5,Significant non-productive time; remedial operations and additional materials required.
E0491,W117,1915,Conglomerate,Casing Issue,Low,Casing running difficulty at 1915 m in the Conglomerate section; casing hung up and required reciprocation to reach depth.,6.3,Minor non-productive time; operations resumed after routine parameter adjustment.
E0492,W118,1588,Shale,Stuck Pipe,Medium,Drill string became stuck at 1588 m within the Shale section; overpull observed and jarring / working of pipe required.,11.4,Partial non-productive time; drilling suspended while the well was treated and conditioned.
E0493,W118,154,Claystone,Casing Issue,Medium,Casing integrity concern noted opposite Claystone at 154 m; pressure test anomaly investigated before proceeding.,14.7,Partial non-productive time; drilling suspended while the well was treated and conditioned.
E0494,W118,1045,Shale,Stuck Pipe,Medium,"Pack-off and stuck pipe in Shale at 1045 m; rotation lost, string freed after jarring and lubricant spotting.",15.1,Partial non-productive time; drilling suspended while the well was treated and conditioned.
E0495,W118,2631,Sandstone,Mud Loss,Low,Seepage-to-partial mud losses observed while drilling Sandstone at 2631 m; mud weight trimmed and losses monitored.,2.5,Minor non-productive time; operations resumed after routine parameter adjustment.
E0496,W118,829,Shale,Wellbore Instability,Low,Hole instability and cavings from the Shale interval at 829 m; tight hole on connections and reaming required.,5,Minor non-productive time; operations resumed after routine parameter adjustment.
E0497,W118,2141,Conglomerate,Mud Loss,Low,Seepage-to-partial mud losses observed while drilling Conglomerate at 2141 m; mud weight trimmed and losses monitored.,3.1,Minor non-productive time; operations resumed after routine parameter adjustment.
E0498,W119,770,Shale,Stuck Pipe,Low,Drill string became stuck at 770 m within the Shale section; overpull observed and jarring / working of pipe required.,7.1,Minor non-productive time; operations resumed after routine parameter adjustment.
E0499,W119,2619,Sandstone,Mud Loss,Critical,Loss of circulation into porous Sandstone at 2619 m; drilling paused and a lost-circulation-material pill spotted.,19.9,Major non-productive time; section objectives affected and specialist intervention required.
E0500,W119,1631,Shale,Stuck Pipe,Medium,"Pack-off and stuck pipe in Shale at 1631 m; rotation lost, string freed after jarring and lubricant spotting.",14.3,Partial non-productive time; drilling suspended while the well was treated and conditioned.
E0501,W119,2134,Conglomerate,Mud Loss,Medium,Seepage-to-partial mud losses observed while drilling Conglomerate at 2134 m; mud weight trimmed and losses monitored.,6.6,Partial non-productive time; drilling suspended while the well was treated and conditioned.
E0502,W119,2545,Sandstone,Wellbore Instability,Medium,Hole instability and cavings from the Sandstone interval at 2545 m; tight hole on connections and reaming required.,11.4,Partial non-productive time; drilling suspended while the well was treated and conditioned.
E0503,W119,2044,Conglomerate,Stuck Pipe,Low,"Pack-off and stuck pipe in Conglomerate at 2044 m; rotation lost, string freed after jarring and lubricant spotting.",6.2,Minor non-productive time; operations resumed after routine parameter adjustment.
E0504,W120,866,Shale,Stuck Pipe,Medium,Drill string became stuck at 866 m within the Shale section; overpull observed and jarring / working of pipe required.,14.6,Partial non-productive time; drilling suspended while the well was treated and conditioned.
E0505,W120,386,Claystone,Cementing Issue,Low,Cement slurry losses while cementing across Claystone at 386 m; top of cement lower than designed.,4.4,Minor non-productive time; operations resumed after routine parameter adjustment.
E0506,W121,951,Shale,Wellbore Instability,High,Sloughing Shale at 951 m produced excess cuttings volume and hole enlargement; mud properties adjusted.,25.8,Significant non-productive time; remedial operations and additional materials required.
E0507,W121,646,Claystone,Cementing Issue,Low,Cement slurry losses while cementing across Claystone at 646 m; top of cement lower than designed.,4,Minor non-productive time; operations resumed after routine parameter adjustment.
E0508,W121,1262,Shale,Stuck Pipe,Medium,"Pack-off and stuck pipe in Shale at 1262 m; rotation lost, string freed after jarring and lubricant spotting.",11.2,Partial non-productive time; drilling suspended while the well was treated and conditioned.
E0509,W121,2366,Conglomerate,Stuck Pipe,Medium,Differential/mechanical sticking of the string at 2366 m in Conglomerate; hole cleaning improved and pipe recovered.,15.7,Partial non-productive time; drilling suspended while the well was treated and conditioned.
E0510,W121,20,Claystone,Casing Issue,Medium,Restricted casing passage through plastic Claystone at 20 m; hole conditioned and casing rerun.,12,Partial non-productive time; drilling suspended while the well was treated and conditioned.
E0511,W122,289,Claystone,Wellbore Instability,Medium,Hole instability and cavings from the Claystone interval at 289 m; tight hole on connections and reaming required.,9.7,Partial non-productive time; drilling suspended while the well was treated and conditioned.
E0512,W122,429,Claystone,Stuck Pipe,Low,Drill string became stuck at 429 m within the Claystone section; overpull observed and jarring / working of pipe required.,5.8,Minor non-productive time; operations resumed after routine parameter adjustment.
E0513,W122,2140,Conglomerate,Kick,Medium,"Pressure-related kick detected while drilling Conglomerate at 2140 m; annular pressure rise recorded, mud weight raised after control.",8.9,Partial non-productive time; drilling suspended while the well was treated and conditioned.
E0514,W123,749,Shale,Wellbore Instability,Medium,Hole instability and cavings from the Shale interval at 749 m; tight hole on connections and reaming required.,9.3,Partial non-productive time; drilling suspended while the well was treated and conditioned.
E0515,W123,1384,Shale,Wellbore Instability,High,Sloughing Shale at 1384 m produced excess cuttings volume and hole enlargement; mud properties adjusted.,27.4,Significant non-productive time; remedial operations and additional materials required.
E0516,W123,374,Claystone,Casing Issue,High,Casing integrity concern noted opposite Claystone at 374 m; pressure test anomaly investigated before proceeding.,36.5,Significant non-productive time; remedial operations and additional materials required.
E0517,W123,481,Claystone,Stuck Pipe,High,Drill string became stuck at 481 m within the Claystone section; overpull observed and jarring / working of pipe required.,25.7,Significant non-productive time; remedial operations and additional materials required.
E0518,W123,972,Shale,Wellbore Instability,Critical,Borehole collapse tendency in Shale at 972 m; repeated back-reaming needed to maintain hole condition.,31.1,Major non-productive time; section objectives affected and specialist intervention required.
E0519,W123,650,Shale,Stuck Pipe,Medium,Drill string became stuck at 650 m within the Shale section; overpull observed and jarring / working of pipe required.,11.3,Partial non-productive time; drilling suspended while the well was treated and conditioned.
E0520,W123,94,Claystone,Wellbore Instability,Medium,Sloughing Claystone at 94 m produced excess cuttings volume and hole enlargement; mud properties adjusted.,10.4,Partial non-productive time; drilling suspended while the well was treated and conditioned.
E0521,W123,1863,Conglomerate,Cementing Issue,Low,Incomplete annular cement coverage near 1863 m in Conglomerate; remedial cementing operation carried out.,4.8,Minor non-productive time; operations resumed after routine parameter adjustment.
E0522,W124,1325,Shale,Wellbore Instability,High,Hole instability and cavings from the Shale interval at 1325 m; tight hole on connections and reaming required.,19.5,Significant non-productive time; remedial operations and additional materials required.
E0523,W124,2981,Sandstone,Stuck Pipe,High,Differential/mechanical sticking of the string at 2981 m in Sandstone; hole cleaning improved and pipe recovered.,29.8,Significant non-productive time; remedial operations and additional materials required.
E0524,W124,788,Shale,Stuck Pipe,Low,Drill string became stuck at 788 m within the Shale section; overpull observed and jarring / working of pipe required.,5.1,Minor non-productive time; operations resumed after routine parameter adjustment.
E0525,W124,2826,Sandstone,Casing Issue,Critical,Casing integrity concern noted opposite Sandstone at 2826 m; pressure test anomaly investigated before proceeding.,42.8,Major non-productive time; section objectives affected and specialist intervention required.
E0526,W125,1989,Sandstone,Mud Loss,Medium,Loss of circulation into porous Sandstone at 1989 m; drilling paused and a lost-circulation-material pill spotted.,6.3,Partial non-productive time; drilling suspended while the well was treated and conditioned.
E0527,W125,1423,Conglomerate,Mud Loss,Low,Partial loss of drilling fluid recorded at 1423 m in the Conglomerate interval; returns reduced and LCM pumped to regain circulation.,2.2,Minor non-productive time; operations resumed after routine parameter adjustment.
E0528,W125,216,Claystone,Cementing Issue,Critical,Poor cement bond opposite Claystone at 216 m; channelling indicated on the bond log and a remedial squeeze planned.,32.5,Major non-productive time; section objectives affected and specialist intervention required.
E0529,W125,2623,Limestone,Cementing Issue,Medium,Cement slurry losses while cementing across Limestone at 2623 m; top of cement lower than designed.,9.5,Partial non-productive time; drilling suspended while the well was treated and conditioned.
E0530,W128,1592,Conglomerate,Mud Loss,Low,Partial loss of drilling fluid recorded at 1592 m in the Conglomerate interval; returns reduced and LCM pumped to regain circulation.,3,Minor non-productive time; operations resumed after routine parameter adjustment.
E0531,W129,174,Claystone,Cementing Issue,Low,Cement slurry losses while cementing across Claystone at 174 m; top of cement lower than designed.,4.9,Minor non-productive time; operations resumed after routine parameter adjustment.
E0532,W129,2919,Limestone,Kick,Medium,"Unexpected formation influx in Limestone at 2919 m; flow check positive, BOP closed and circulation of kill mud carried out.",7,Partial non-productive time; drilling suspended while the well was treated and conditioned.
E0533,W132,1861,Sandstone,Mud Loss,Medium,Seepage-to-partial mud losses observed while drilling Sandstone at 1861 m; mud weight trimmed and losses monitored.,5.7,Partial non-productive time; drilling suspended while the well was treated and conditioned.
E0534,W133,2533,Sandstone,Stuck Pipe,Low,"Pack-off and stuck pipe in Sandstone at 2533 m; rotation lost, string freed after jarring and lubricant spotting.",5.1,Minor non-productive time; operations resumed after routine parameter adjustment.
E0535,W133,1114,Conglomerate,Cementing Issue,Medium,Cement slurry losses while cementing across Conglomerate at 1114 m; top of cement lower than designed.,9.7,Partial non-productive time; drilling suspended while the well was treated and conditioned.
E0536,W134,1304,Conglomerate,Cementing Issue,Low,Incomplete annular cement coverage near 1304 m in Conglomerate; remedial cementing operation carried out.,3.4,Minor non-productive time; operations resumed after routine parameter adjustment.
E0537,W134,1194,Conglomerate,Stuck Pipe,Critical,Differential/mechanical sticking of the string at 1194 m in Conglomerate; hole cleaning improved and pipe recovered.,40.3,Major non-productive time; section objectives affected and specialist intervention required.
E0538,W137,2210,Sandstone,Casing Issue,Medium,Casing running difficulty at 2210 m in the Sandstone section; casing hung up and required reciprocation to reach depth.,17,Partial non-productive time; drilling suspended while the well was treated and conditioned.
E0539,W137,2746,Limestone,Mud Loss,Medium,Partial loss of drilling fluid recorded at 2746 m in the Limestone interval; returns reduced and LCM pumped to regain circulation.,5.7,Partial non-productive time; drilling suspended while the well was treated and conditioned.
E0540,W138,618,Conglomerate,Stuck Pipe,Medium,"Pack-off and stuck pipe in Conglomerate at 618 m; rotation lost, string freed after jarring and lubricant spotting.",14.9,Partial non-productive time; drilling suspended while the well was treated and conditioned.
E0541,W138,177,Claystone,Casing Issue,Low,Restricted casing passage through plastic Claystone at 177 m; hole conditioned and casing rerun.,7.6,Minor non-productive time; operations resumed after routine parameter adjustment.
E0542,W140,1709,Sandstone,Mud Loss,High,Partial loss of drilling fluid recorded at 1709 m in the Sandstone interval; returns reduced and LCM pumped to regain circulation.,12.4,Significant non-productive time; remedial operations and additional materials required.
