record_id,well_id,depth_m,mud_weight_ppg,rop_m_per_hr,rpm,wob_klbf
R000001,W001,25,8.97,34.84,143.5,5.35
R000002,W001,50,9.01,33.42,144.8,6.29
R000003,W001,75,9.13,32.35,146.4,6.51
R000004,W001,100,9.16,37.36,150.7,6.12
R000005,W001,125,9.12,37.1,147.1,7.13
R000006,W001,150,9.24,34,148.8,4.69
R000007,W001,175,9.24,31.3,145.4,6.09
R000008,W001,200,9.25,30.07,150.1,6.37
R000009,W001,225,9.34,31.7,139,6.74
R000010,W001,250,9.3,34.92,141.3,7.45
R000011,W001,275,9.36,29.53,140.1,7.35
R000012,W001,300,9.49,36.13,148,7.22
R000013,W001,325,9.39,35.8,142.2,8
R000014,W001,350,9.42,36,141.6,6.69
R000015,W001,375,9.54,35.61,148,7.18
R000016,W001,400,9.54,33.18,147,7.19
R000017,W001,425,9.64,28.29,138.4,7.16
R000018,W001,450,9.58,28.75,136,8.19
R000019,W001,475,9.6,29.01,143,8.13
R000020,W001,500,9.71,29.63,139.9,9.4
R000021,W001,525,9.73,30.02,143.3,10.45
R000022,W001,550,9.72,27.86,142.1,9.31
R000023,W001,575,9.83,29.39,133.5,8.8
R000024,W001,600,9.78,27.71,136.1,10.05
R000025,W001,625,9.85,30.75,143.1,9.71
R000026,W001,650,9.9,31.08,133.2,8.72
R000027,W001,675,9.97,31.14,131.4,9.45
R000028,W001,700,9.92,32.48,142.3,10.16
R000029,W001,725,9.98,29.23,131.2,10.71
R000030,W001,750,10.06,33.99,132.8,10.95
R000031,W001,775,10.09,32.29,139.7,11.3
R000032,W001,800,10.25,18.87,134.3,12.87
R000033,W001,825,10.25,18.59,128.9,12.5
R000034,W001,850,10.33,19.18,137.5,12.71
R000035,W001,875,10.36,18.89,125.3,13.19
R000036,W001,900,10.43,17.19,131.3,15.23
R000037,W001,925,10.35,19.46,136.1,13.86
R000038,W001,950,10.37,17.84,135.6,13.18
R000039,W001,975,10.52,17.84,136.1,14.16
R000040,W001,1000,10.58,18.79,125.3,15.42
R000041,W001,1025,10.52,17.27,130.8,15.21
R000042,W001,1050,10.53,18.05,131.8,15.15
R000043,W001,1075,10.63,18.84,124.7,14.73
R000044,W001,1100,10.62,17.62,121.3,14.85
R000045,W001,1125,10.76,18.4,132.9,15.53
R000046,W001,1150,10.69,17.43,127.3,15.7
R000047,W001,1175,10.7,16.85,131,14.93
R000048,W001,1200,10.79,15.1,128.2,16.54
R000049,W001,1225,10.81,17.16,121.9,15.78
R000050,W001,1250,10.86,16.34,132.4,15.54
R000051,W001,1275,10.93,17.35,127.8,16.18
R000052,W001,1300,11.02,18.17,128.5,17.86
R000053,W001,1325,10.95,15.93,121,15.96
R000054,W001,1350,11.05,14.36,126.1,16.32
R000055,W001,1375,11,14.98,119.4,16.97
R000056,W001,1400,11.16,17.96,125.4,17.9
R000057,W001,1425,11.09,14.32,123.1,17.15
R000058,W001,1450,11.11,15.68,119.6,19.15
R000059,W001,1475,11.21,17.73,117.5,17.94
R000060,W001,1500,11.26,14.95,123.9,17.46
R000061,W001,1525,11.2,17.44,116.8,18.38
R000062,W001,1550,11.24,14.65,125.1,20.27
R000063,W001,1575,11.27,15.6,120.1,18.52
R000064,W001,1600,11.35,16.56,123.8,19.17
R000065,W001,1625,11.35,15.57,128.2,19.16
R000066,W001,1650,11.42,15.99,123.6,20.57
R000067,W001,1675,11.49,15.36,122.1,19.03
R000068,W001,1700,11.48,14.21,120.9,18.87
R000069,W001,1725,11.53,16.82,126.8,18.92
R000070,W001,1750,11.6,15.07,121.7,19.48
R000071,W001,1775,11.56,14.88,123.6,20.18
R000072,W001,1800,11.65,15.25,112.5,22.07
R000073,W001,1825,11.74,13.51,120.4,21.88
R000074,W001,1850,11.65,15.16,120.3,19.8
R000075,W001,1875,11.8,16.17,123,20.89
R000076,W001,1900,11.85,14.82,116.5,21.72
R000077,W001,1925,11.58,16.98,116.4,19.73
R000078,W001,1950,11.69,18.11,126,19.76
R000079,W001,1975,11.67,16.2,118.7,20.42
R000080,W001,2000,11.74,17.29,120.5,22.29
R000081,W001,2025,11.77,16.07,125.4,20.24
R000082,W001,2050,11.81,16,114.3,23.07
R000083,W001,2075,11.82,16.48,116.5,22.68
R000084,W001,2100,11.94,17.69,123.1,23.3
R000085,W001,2125,11.84,18.75,117.3,21.46
R000086,W001,2150,11.9,15.33,119.2,22.21
R000087,W001,2175,12.06,18.03,121.4,22.24
R000088,W001,2200,12.07,16.63,112.6,23.26
R000089,W001,2225,12.01,18.44,114.3,23.76
R000090,W001,2250,12.17,16.98,122.7,23.9
R000091,W001,2275,12.21,16.77,108.7,21.89
R000092,W001,2300,12.22,15.41,109.8,24.38
R000093,W001,2325,12.2,15.2,121.6,23.09
R000094,W001,2350,12.26,14.98,117.5,24.9
R000095,W001,2375,12.26,17,115.1,23.22
R000096,W001,2400,12.35,15.62,110,23.89
R000097,W001,2425,12.41,14.83,112.8,23.11
R000098,W001,2450,12.35,17.02,117.5,24.77
R000099,W001,2475,12.48,14.07,112.7,24.2
R000100,W001,2500,12.39,16.66,105.9,25.74
R000101,W001,2525,12.47,15.38,116.8,25
R000102,W001,2550,12.46,16.75,107.3,24.23
R000103,W001,2575,12.49,14.93,107.9,26.8
R000104,W001,2600,12.52,14.48,107.6,24.94
R000105,W001,2625,12.56,13.56,109.3,26
R000106,W001,2650,12.73,16.54,110.4,27.61
R000107,W001,2675,12.76,15.95,106.8,25.95
R000108,W001,2700,12.76,16.74,111.6,27.39
R000109,W001,2725,12.77,15.26,114.9,27.51
R000110,W001,2750,12.87,14.43,116,28.09
R000111,W001,2775,12.68,17.45,105.5,25.78
R000112,W001,2800,12.65,16.57,108.9,25.36
R000113,W001,2825,12.86,15.4,112.4,26.74
R000114,W001,2850,12.88,13.49,110.5,27.56
R000115,W001,2875,12.99,15.65,107.3,26.77
R000116,W001,2900,13.07,12.76,101.7,28.91
R000117,W001,2925,13.01,15.92,112.5,28.06
R000118,W001,2950,13.14,14.42,107.3,27.28
R000119,W001,2975,13.05,15.39,111.5,29
R000120,W001,3000,13.16,14.28,112.6,29.1
R000121,W001,3025,13.2,15.38,99.3,29.59
R000122,W001,3050,13.26,11.8,98.4,29.47
R000123,W001,3075,13.21,13.78,101.9,32.06
R000124,W001,3100,13.61,7.11,96.5,32.75
R000125,W001,3125,13.71,7.67,97.3,33.32
R000126,W001,3150,13.66,8.13,91.8,35.18
R000127,W001,3175,13.71,6.96,95,33.85
R000128,W001,3200,13.77,8,90,35.02
R000129,W001,3225,13.78,6.95,87.7,33.7
R000130,W001,3250,13.81,6.99,86.5,33.61
R000131,W001,3275,13.98,7.35,94.8,35.67
R000132,W001,3300,13.88,7.61,96.2,36.45
R000133,W001,3325,13.89,6.81,86.2,35.52
R000134,W001,3350,13.97,6.78,90.5,35.8
R000135,W001,3375,14.08,7.18,94.5,36.29
R000136,W001,3400,14.08,7.26,85.9,35.8
R000137,W001,3425,14.17,8.05,95.6,35.64
R000138,W001,3450,14.21,6.61,94.7,34.93
R000139,W002,25,9.01,37.4,151,4.04
R000140,W002,50,9.13,30.42,143.6,3.9
R000141,W002,75,9.09,32.94,150,4.14
R000142,W002,100,9.07,35.35,138.3,4.9
R000143,W002,125,9.24,33.32,147.3,5.24
R000144,W002,150,9.16,30.43,150.7,4.77
R000145,W002,175,9.23,34.84,142.2,6.27
R000146,W002,200,9.24,37.01,136.8,5.05
R000147,W002,225,9.38,34.29,139.9,8.05
R000148,W002,250,9.3,30.06,144.6,8.1
R000149,W002,275,9.34,34.23,144.3,6.45
R000150,W002,300,9.36,31.16,136.8,8.61
R000151,W002,325,9.49,32.52,138,8.57
R000152,W002,350,9.48,33.83,137.3,8.12
R000153,W002,375,9.5,31.34,145.8,8.06
R000154,W002,400,9.63,33.42,138.6,8.89
R000155,W002,425,9.58,31.52,142.6,8.13
R000156,W002,450,9.64,32.56,138.5,8.72
R000157,W002,475,9.64,31.68,140.3,9.14
R000158,W002,500,9.7,31.17,141.9,8.45
R000159,W002,525,9.71,29.69,141.9,8.57
R000160,W002,550,9.71,34.85,139.3,7.79
R000161,W002,575,9.86,27.56,134.3,9.82
R000162,W002,600,9.84,30.17,141.7,10.83
R000163,W002,625,9.89,27.37,145.2,10.75
R000164,W002,650,9.95,29.81,139.8,11.2
R000165,W002,675,9.97,32.24,131.2,11.51
R000166,W002,700,9.97,27.6,136.6,9.08
R000167,W002,725,10.1,32.1,135,11.76
R000168,W002,750,10.03,27.05,142.6,9.58
R000169,W002,775,10.16,28.97,141.3,10.49
R000170,W002,800,10.18,18.34,136.6,14.31
R000171,W002,825,10.26,17.16,134.3,14.62
R000172,W002,850,10.27,19.49,132.2,14.12
R000173,W002,875,10.4,15.74,131.5,14.3
R000174,W002,900,10.43,18.23,129,14.88
R000175,W002,925,10.46,16.4,130.5,13.01
R000176,W002,950,10.41,17.01,129.4,14.16
R000177,W002,975,10.53,15.27,136.3,13.08
R000178,W002,1000,10.48,18.5,133.7,13.32
R000179,W002,1025,10.51,18.94,123.3,15.34
R000180,W002,1050,10.53,18.73,125.5,16.18
R000181,W002,1075,10.62,17.96,129.9,15.84
R000182,W002,1100,10.71,16.52,122.1,14.39
R000183,W002,1125,10.64,15.98,123.4,17.11
R000184,W002,1150,10.68,14.72,119.1,17.21
R000185,W002,1175,10.79,18.68,133,16.11
R000186,W002,1200,10.8,16.81,123.3,16.91
R000187,W002,1225,10.81,15.72,132.7,17.28
R000188,W002,1250,10.84,16.97,121.8,16.72
R000189,W002,1275,10.83,18.24,122.6,15.61
R000190,W002,1300,10.96,17.58,126.9,17.3
R000191,W002,1325,10.97,14.91,127.4,18.03
R000192,W002,1350,10.99,17.48,128.1,18.04
R000193,W002,1375,11,17.32,129.5,17.39
R000194,W002,1400,11.13,16.87,120.4,16.17
R000195,W002,1425,11.11,17.54,127.5,19.11
R000196,W002,1450,11.2,17.04,129.9,16.72
R000197,W002,1475,11.24,17.45,119.2,18.83
R000198,W002,1500,11.16,13.71,115.6,17.7
R000199,W002,1525,11.28,16.23,119.1,17.6
R000200,W002,1550,11.32,17.37,117.8,20.1
R000201,W002,1575,11.36,16.07,128.4,19.02
R000202,W002,1600,11.33,17.29,125.4,19.73
R000203,W002,1625,11.44,14.21,125,20.47
R000204,W002,1650,11.45,14.79,121.1,18.49
R000205,W002,1675,11.52,15.85,120.9,19.21
R000206,W002,1700,11.59,16.33,122,20.37
R000207,W002,1725,11.57,15.98,124.8,20.11
R000208,W002,1750,11.51,15.6,114.5,19.08
R000209,W002,1775,11.68,15.57,114.9,20.72
R000210,W002,1800,11.72,13.78,123.7,20.33
R000211,W002,1825,11.7,13.92,121.1,19.59
R000212,W002,1850,11.75,14.33,120.3,19.73
R000213,W002,1875,11.79,14.52,117.6,20.86
R000214,W002,1900,11.64,17.68,127,20.02
R000215,W002,1925,11.63,16.02,116.7,22.11
R000216,W002,1950,11.71,15.69,114.2,22.12
R000217,W002,1975,11.76,16.95,115.2,20.66
R000218,W002,2000,11.8,16.71,125.8,21.94
R000219,W002,2025,11.72,16.99,119.7,22.79
R000220,W002,2050,11.79,17.61,112.9,22.81
R000221,W002,2075,11.83,18.25,119.1,21.81
R000222,W002,2100,11.83,16.31,112.7,20.67
R000223,W002,2125,11.94,17.42,122.3,21.94
R000224,W002,2150,11.95,17.57,115.8,23.52
R000225,W002,2175,12.01,15.55,115.2,22.76
R000226,W002,2200,12.03,16.45,118.9,23.05
R000227,W002,2225,12.05,15.28,121.7,21.69
R000228,W002,2250,12.05,16.68,115.6,23.21
R000229,W002,2275,12.06,15.16,113.4,23.58
R000230,W002,2300,12.11,16.07,118.1,22.94
R000231,W002,2325,12.14,15.08,121.7,23.31
R000232,W002,2350,12.16,16.07,109.9,24.68
R000233,W002,2375,12.23,15.94,118.3,24.59
R000234,W002,2400,12.28,15.38,114,23.55
R000235,W002,2425,12.26,15.1,111.8,25.85
R000236,W002,2450,12.45,16.79,115.4,25.57
R000237,W002,2475,12.39,15.47,108,24.17
R000238,W002,2500,12.39,16.55,114,24.35
R000239,W002,2525,12.56,17.37,110.9,26.25
R000240,W002,2550,12.53,15.05,110.4,25.49
R000241,W002,2575,12.54,15.62,117,25.8
R000242,W002,2600,12.67,16.07,106.7,27.09
R000243,W002,2625,12.67,15.9,114.9,27.04
R000244,W002,2650,12.74,16.73,104.6,27.5
R000245,W002,2675,12.76,14,108.5,26.73
R000246,W002,2700,12.75,16.77,105.2,27.28
R000247,W002,2725,12.75,14.81,113.4,25.76
R000248,W002,2750,12.87,16.49,113.9,28.07
R000249,W002,2775,12.83,15.93,111.2,25.96
R000250,W002,2800,12.46,18.32,105.1,23.4
R000251,W002,2825,12.91,15.76,102.3,27.74
R000252,W002,2850,12.87,14.31,105.8,27.9
R000253,W002,2875,13.03,14.69,105.4,26.77
R000254,W002,2900,13.01,13.16,109.4,27.26
R000255,W002,2925,12.99,13.55,102.8,29.59
R000256,W002,2950,13.11,12.69,112.7,27.6
R000257,W002,2975,13.11,13.46,109.3,28.34
R000258,W002,3000,13.14,14.04,103.8,29.91
R000259,W002,3025,13.21,12.9,106.4,27.6
R000260,W002,3050,13.16,13.48,107.2,29.4
R000261,W002,3075,13.35,14.25,105.6,30.35
R000262,W002,3100,13.72,8.07,88,34.49
R000263,W002,3125,13.72,8.3,93.8,33.04
R000264,W002,3150,13.74,8.2,97.6,33.72
R000265,W002,3175,13.73,8.67,90.1,32.86
R000266,W002,3200,13.84,7.34,96.9,34.42
R000267,W002,3225,13.87,7.98,90.4,33.09
R000268,W002,3250,13.92,7.06,97.2,33.29
R000269,W002,3275,13.95,8.43,85,35.18
R000270,W002,3300,13.85,7.57,92.3,34.66
R000271,W002,3325,13.93,7.66,83.8,35.87
R000272,W002,3350,13.94,7.25,88,35.07
R000273,W002,3375,14.04,7.62,93.1,35.69
R000274,W002,3400,14.01,6.64,91.9,34.71
R000275,W002,3425,14.06,7,94.1,36.21
R000276,W002,3450,14.21,7.34,82.8,37.11
R000277,W003,25,9.1,37.07,140.1,5.03
R000278,W003,50,9.14,36.49,140.1,3.92
R000279,W003,75,9.09,35.1,141.5,4.68
R000280,W003,100,9.21,31,147.3,6.03
R000281,W003,125,9.23,30.18,139.7,5.43
R000282,W003,150,9.19,34.55,147.7,6.96
R000283,W003,175,9.22,35.04,150.2,6.83
R000284,W003,200,9.28,36.53,138.7,6.13
R000285,W003,225,9.38,35.17,137.1,6.21
R000286,W003,250,9.41,33.27,138.5,6.92
R000287,W003,275,9.39,31.57,138.4,7.22
R000288,W003,300,9.35,29.65,144.9,6.23
R000289,W003,325,9.53,32.8,140,7.58
R000290,W003,350,9.55,32.42,143.2,6.99
R000291,W003,375,9.48,30.53,138.3,8.55
R000292,W003,400,9.51,32.97,137,7.1
R000293,W003,425,9.57,29.64,134.4,9.04
R000294,W003,450,9.7,35.13,135.3,8.48
R000295,W003,475,9.69,28.99,143.8,8.46
R000296,W003,500,9.69,28.03,133.4,9.91
R000297,W003,525,9.78,28.55,135.2,9.26
R000298,W003,550,9.71,34.44,143.2,9.26
R000299,W003,575,9.78,30,142.1,8.12
R000300,W003,600,9.86,28.36,140.3,9.22
R000301,W003,625,9.96,32.24,136.9,10.14
R000302,W003,650,9.99,29.3,141.7,8.54
R000303,W003,675,9.92,30.27,136.3,10.24
R000304,W003,700,9.92,27.58,139.7,9.09
R000305,W003,725,10.01,27.88,138.4,11.02
R000306,W003,750,10.03,31.78,143.3,11.47
R000307,W003,775,10.1,29.22,139,10.13
R000308,W003,800,10.15,28.95,133.6,10.43
R000309,W003,825,10.17,29.94,130.6,12.76
R000310,W003,850,10.26,32.13,140.9,11.26
R000311,W003,875,10.28,16.77,136.5,13.84
R000312,W003,900,10.32,19.12,132.3,12.39
R000313,W003,925,10.37,16.07,128,15.16
R000314,W003,950,10.53,16.33,136.1,15.42
R000315,W003,975,10.56,18.48,133,15.55
R000316,W003,1000,10.49,17.29,124.3,13.4
R000317,W003,1025,10.49,16.59,133.4,15.63
R000318,W003,1050,10.61,16.74,131.1,14.76
R000319,W003,1075,10.62,18.63,133.6,16.38
R000320,W003,1100,10.68,17.18,123,14.91
R000321,W003,1125,10.62,16.84,132.5,14.11
R000322,W003,1150,10.68,17.03,122,15.87
R000323,W003,1175,10.74,15.25,132,15.22
R000324,W003,1200,10.87,17.9,123.9,15.19
R000325,W003,1225,10.92,16.55,124.7,16.06
R000326,W003,1250,10.89,18.32,121.4,16.65
R000327,W003,1275,10.98,15.49,130.7,17.86
R000328,W003,1300,10.88,14.75,129.3,17.38
R000329,W003,1325,10.97,15.62,129.9,16.27
R000330,W003,1350,11.02,16.52,127.5,17.36
R000331,W003,1375,11.03,14.86,126.9,18.81
R000332,W003,1400,11.15,16.86,121.5,16.52
R000333,W003,1425,11.19,14.07,118.8,18.72
R000334,W003,1450,11.09,15.09,110.9,19.52
R000335,W003,1475,11.24,15.88,129.7,17.89
R000336,W003,1500,11.26,17.29,121.6,19.43
R000337,W003,1525,11.34,14.39,126.6,19.71
R000338,W003,1550,11.29,16.22,126.4,20.06
R000339,W003,1575,11.31,14.25,115.4,19.58
R000340,W003,1600,11.42,15.26,120.5,20.22
R000341,W003,1625,11.37,16.72,126.5,17.98
R000342,W003,1650,11.51,13.83,124.4,18.52
R000343,W003,1675,11.42,15.84,120.8,19.46
R000344,W003,1700,11.56,15.69,116.4,18.84
R000345,W003,1725,11.47,13.47,115.4,19.46
R000346,W003,1750,11.53,14.62,120.8,21.42
R000347,W003,1775,11.6,16.84,122.3,20.22
R000348,W003,1800,11.65,14.47,118.2,20.83
R000349,W003,1825,11.74,16.01,113.3,20.74
R000350,W003,1850,11.71,16.14,115.4,19.77
R000351,W003,1875,11.76,16.51,121.7,22.45
R000352,W003,1900,11.74,13.48,124.6,20.89
R000353,W003,1925,11.88,15.4,122.8,23.04
R000354,W003,1950,11.94,15.54,118.1,23.23
R000355,W003,1975,11.86,14.47,111.6,21.12
R000356,W003,2000,11.99,15.4,118.3,22.63
R000357,W003,2025,11.95,15.42,116.3,21.51
R000358,W003,2050,12,14.41,109.8,23.7
R000359,W003,2075,12.06,15.94,120.1,23.62
R000360,W003,2100,12.02,15.15,112.8,23.76
R000361,W003,2125,12.14,15.2,119.4,22.43
R000362,W003,2150,12.23,13.7,121.9,22.82
R000363,W003,2175,12.19,14.71,117.2,23.09
R000364,W003,2200,11.92,19.59,116.3,21.44
R000365,W003,2225,11.97,19.73,114.1,21.52
R000366,W003,2250,12.1,17.4,122.1,22.91
R000367,W003,2275,12.13,17.86,120.7,24.11
R000368,W003,2300,12.22,16.21,113.5,23.61
R000369,W003,2325,12.17,15.35,109.6,23.86
R000370,W003,2350,12.29,18.18,119,23.79
R000371,W003,2375,12.32,17.67,107.8,25.49
R000372,W003,2400,12.36,16.79,117.3,23.72
R000373,W003,2425,12.36,14.21,112.9,22.97
R000374,W003,2450,12.45,17.44,110.3,23.7
R000375,W003,2475,12.46,15.66,113,24.84
R000376,W003,2500,12.51,14.1,113.8,24.04
R000377,W003,2525,12.49,14.73,113.5,25.17
R000378,W003,2550,12.52,13.96,105.2,25.62
R000379,W003,2575,12.57,16.19,107.2,26.73
R000380,W003,2600,12.58,15.57,109.5,24.75
R000381,W003,2625,12.58,14.27,115,25.25
R000382,W003,2650,12.59,13.72,107.1,24.95
R000383,W003,2675,12.63,14.91,105.4,25.01
R000384,W003,2700,12.67,16.73,111.6,25.09
R000385,W003,2725,12.74,13.93,105.4,25.21
R000386,W003,2750,12.74,15.96,107.5,25.45
R000387,W003,2775,12.79,15.42,103.3,27.8
R000388,W003,2800,12.92,13.51,102.8,26.65
R000389,W003,2825,12.77,14.9,106.1,26.96
R000390,W003,2850,12.81,14.64,115.1,25.03
R000391,W003,2875,13.01,16.15,107.1,28.37
R000392,W003,2900,13.06,12.77,114.1,26.65
R000393,W003,2925,13.04,13.89,104.1,26.79
R000394,W003,2950,13.13,12.7,107.1,28.66
R000395,W003,2975,13.18,15.78,104.4,27.82
R000396,W003,3000,13.1,14.39,102.3,27.65
R000397,W003,3025,13.16,13.49,103.9,29.7
R000398,W003,3050,13.22,14.2,99.1,30.48
R000399,W003,3075,13.3,13.4,112.4,29.57
R000400,W003,3100,13.22,12.15,109.7,28.65
R000401,W003,3125,13.33,12.06,109.4,29.4
R000402,W003,3150,13.29,14.33,97.9,30.97
R000403,W003,3175,13.41,12.83,99.4,31.06
R000404,W003,3200,13.45,14.71,107,30.38
R000405,W003,3225,13.46,11.78,99.5,30.26
R000406,W003,3250,13.5,13.23,103.7,31.29
R000407,W003,3275,13.62,13.11,109.5,30.89
R000408,W003,3300,13.61,12.56,107.7,30.82
R000409,W003,3325,13.62,11.91,108.5,29.95
R000410,W003,3350,13.66,13.46,106.7,30.77
R000411,W003,3375,13.67,11.62,95.7,30.83
R000412,W003,3400,13.66,13.9,101.8,30.94
R000413,W003,3425,13.76,13.41,105,32.85
R000414,W003,3450,14.15,8.04,84.3,37.59
R000415,W003,3475,14.17,6.45,81.7,35.89
R000416,W003,3500,14.23,7.26,94.9,37.77
R000417,W003,3525,14.33,6.99,83,37.67
R000418,W003,3550,14.22,7.66,89.6,36.89
R000419,W003,3575,14.26,6.72,87.4,36.15
R000420,W003,3600,14.29,7.2,86,36.18
R000421,W003,3625,14.34,7.24,81.7,37.54
R000422,W003,3650,14.45,7.26,81.1,38.22
R000423,W003,3675,14.46,7.05,93,37.03
R000424,W003,3700,14.58,6.72,85.2,39.01
R000425,W003,3725,14.49,6.84,92,38.51
R000426,W003,3750,14.64,6.16,85.7,37.5
R000427,W003,3775,14.58,6.73,83.4,38.32
R000428,W003,3800,14.7,7.32,84.3,40.37
R000429,W003,3825,14.73,7.24,81.2,39.92
R000430,W003,3850,14.7,5.98,79.9,38.57
R000431,W004,25,9,34.17,139.2,5.38
R000432,W004,50,9,30.2,151.2,5.12
R000433,W004,75,9.06,31.12,138.4,6.35
R000434,W004,100,9.16,30.07,148.7,7.19
R000435,W004,125,9.16,31.87,148,5.29
R000436,W004,150,9.29,29.9,144.5,5.5
R000437,W004,175,9.27,31.33,138.6,7.6
R000438,W004,200,9.28,35.72,136.9,5.94
R000439,W004,225,9.34,33.96,141.7,6.72
R000440,W004,250,9.37,31.88,140.5,5.42
R000441,W004,275,9.38,35.7,140.8,8.44
R000442,W004,300,9.39,28.95,140.4,8.05
R000443,W004,325,9.54,35.52,136.7,6.6
R000444,W004,350,9.47,30,142.8,7.85
R000445,W004,375,9.56,33.22,135,7.65
R000446,W004,400,9.54,34.66,140.7,9.44
R000447,W004,425,9.62,28.69,138.3,9.59
R000448,W004,450,9.67,28.28,143,7.1
R000449,W004,475,9.62,34.17,144.9,9.03
R000450,W004,500,9.67,34.2,145.6,8.33
R000451,W004,525,9.79,31.46,142.8,9.36
R000452,W004,550,9.85,32.88,134.2,10.47
R000453,W004,575,9.85,30.58,132.9,9.14
R000454,W004,600,9.9,33.65,138.8,10.16
R000455,W004,625,9.96,32.97,138.5,9.68
R000456,W004,650,9.89,30.66,143,11.01
R000457,W004,675,9.97,30.8,135.1,9.58
R000458,W004,700,10.05,27.65,136.8,9.99
R000459,W004,725,10.03,31.9,142.6,11.28
R000460,W004,750,10.11,32.41,135.8,10.96
R000461,W004,775,10.04,30.65,136.9,10.74
R000462,W004,800,10.11,26.7,131.6,11.91
R000463,W004,825,10.28,16.15,126.5,14.19
R000464,W004,850,10.27,15.88,129.2,12.35
R000465,W004,875,10.33,16.12,124.2,14.77
R000466,W004,900,10.31,17.81,129.4,12.86
R000467,W004,925,10.46,19.09,127.1,14.6
R000468,W004,950,10.47,16.24,128.9,14.67
R000469,W004,975,10.52,18.74,125.1,14.31
R000470,W004,1000,10.55,15.4,135,14.93
R000471,W004,1025,10.6,15.25,135.9,15.63
R000472,W004,1050,10.54,18.13,123.5,16.02
R000473,W004,1075,10.55,18.42,131.9,14.89
R000474,W004,1100,10.72,18.04,132.8,16.66
R000475,W004,1125,10.68,17.14,122.7,14.76
R000476,W004,1150,10.75,17.57,125,17.12
R000477,W004,1175,10.82,16.58,124.1,16.73
R000478,W004,1200,10.79,15.83,121.1,16.23
R000479,W004,1225,10.76,17.69,120.7,16.67
R000480,W004,1250,10.91,14.88,121.6,16.42
R000481,W004,1275,10.96,17.76,130.9,16.42
R000482,W004,1300,11.01,15.12,126.5,16.53
R000483,W004,1325,11.04,15.38,121.5,16.33
R000484,W004,1350,11.09,18.12,125.1,17.32
R000485,W004,1375,11.02,18.06,126.3,18.7
R000486,W004,1400,11.11,15.29,121.8,17.94
R000487,W004,1425,11.19,16.17,117.9,17.12
R000488,W004,1450,11.24,15.73,130.7,19.18
R000489,W004,1475,11.2,17.21,118.5,18.24
R000490,W004,1500,11.15,14.22,122.3,17.31
R000491,W004,1525,11.29,16.28,128.8,19.01
R000492,W004,1550,11.29,17.23,123.3,17.41
R000493,W004,1575,11.36,14.12,116,19.11
R000494,W004,1600,11.3,16.21,124.3,18.29
R000495,W004,1625,11.45,16.87,126.2,19.22
R000496,W004,1650,11.39,17.03,122.6,20.45
R000497,W004,1675,11.42,16.14,121.5,19.48
R000498,W004,1700,11.5,15.61,125.6,20.22
R000499,W004,1725,11.51,16.77,120.2,20.74
R000500,W004,1750,11.59,15.62,126.4,20.2
R000501,W004,1775,11.6,15.46,115.6,19.32
R000502,W004,1800,11.73,13.47,115.7,20.77
R000503,W004,1825,11.67,16.28,116,21.5
R000504,W004,1850,11.74,15.31,125.3,22.31
R000505,W004,1875,11.71,14.2,116.7,20.24
R000506,W004,1900,11.8,16.49,120.5,21.11
R000507,W004,1925,11.85,13.11,115.7,22.85
R000508,W004,1950,11.92,15.38,119.7,21.01
R000509,W004,1975,11.9,15.51,122.9,22.77
R000510,W004,2000,12.02,14.7,116.5,22.46
R000511,W004,2025,11.74,19.31,116.1,20.53
R000512,W004,2050,11.83,18.81,120.7,21.82
R000513,W004,2075,11.79,16.7,124.8,22.06
R000514,W004,2100,11.95,19.08,115.9,21.03
R000515,W004,2125,11.87,15.21,123.2,21.6
R000516,W004,2150,11.89,18.07,113.9,22.46
R000517,W004,2175,11.92,18.01,119.3,22.81
R000518,W004,2200,12.02,17.9,115.9,21.57
R000519,W004,2225,12.09,16.7,120.2,24.14
R000520,W004,2250,12.15,15.49,109,24.43
R000521,W004,2275,12.17,18.24,117,22.45
R000522,W004,2300,12.18,17.64,111.9,24.6
R000523,W004,2325,12.15,14.74,118.9,23.63
R000524,W004,2350,12.28,17.75,115.9,22.69
R000525,W004,2375,12.35,17.37,119.3,23.08
R000526,W004,2400,12.37,14.61,119.2,25.42
R000527,W004,2425,12.41,14.38,107.4,22.96
R000528,W004,2450,12.4,17.44,107.3,24.23
R000529,W004,2475,12.4,13.94,110.6,25.6
R000530,W004,2500,12.43,16.24,109.8,26.2
R000531,W004,2525,12.54,14.93,114.6,25.53
R000532,W004,2550,12.49,14.62,110.8,24.05
R000533,W004,2575,12.56,16.37,114.8,24.39
R000534,W004,2600,12.55,14.87,106,24.77
R000535,W004,2625,12.7,16.92,118,25.98
R000536,W004,2650,12.7,15.89,113.4,26.79
R000537,W004,2675,12.62,13.82,115.5,25.1
R000538,W004,2700,12.79,16.1,108.7,26.21
R000539,W004,2725,12.7,15.83,103.5,26.81
R000540,W004,2750,12.83,15.14,104.4,27.57
R000541,W004,2775,12.79,14.96,107.6,26.92
R000542,W004,2800,12.93,16.26,102,27.52
R000543,W004,2825,12.99,14.98,113.4,27.77
R000544,W004,2850,12.86,13.91,106,27.31
R000545,W004,2875,12.93,16.48,103.8,28.07
R000546,W004,2900,12.96,14.08,108.6,27.86
R000547,W004,2925,13.05,13.57,110.6,27.53
R000548,W004,2950,13.1,15.04,109.8,29.18
R000549,W004,2975,13.05,13.52,110.8,28.3
R000550,W004,3000,13.21,14.45,113.3,27.48
R000551,W004,3025,13.22,13.01,105.3,28.45
R000552,W004,3050,13.25,13.86,109.8,30.49
R000553,W004,3075,13.28,14.64,101.5,30.79
R000554,W004,3100,13.31,12.27,104,28.25
R000555,W004,3125,13.41,12.14,104.6,29.85
R000556,W004,3150,13.42,14.66,99.1,29.71
R000557,W004,3175,13.37,14.05,105.5,31.42
R000558,W004,3200,13.74,8.49,86.4,32.84
R000559,W004,3225,13.67,8.28,90.6,34.51
R000560,W004,3250,13.8,7.89,90.5,33.81
R000561,W004,3275,13.91,7.27,89.9,34.88
R000562,W004,3300,13.86,8.04,88.2,35.91
R000563,W004,3325,13.92,6.87,94.6,34.59
R000564,W004,3350,14.08,8.03,93.9,34.09
R000565,W004,3375,13.98,7.53,96.3,35.17
R000566,W004,3400,14,7.09,94.5,35.85
R000567,W004,3425,14.04,6.59,84.9,36.93
R000568,W004,3450,14.11,6.94,85.9,37.26
R000569,W004,3475,14.16,7.68,89.1,36.07
R000570,W004,3500,14.26,6.67,84.4,37.14
R000571,W004,3525,14.23,6.73,89.9,37.53
R000572,W004,3550,14.33,7.33,94.4,37.26
R000573,W004,3575,14.27,6.29,91.7,36.19
R000574,W005,25,9.08,33.36,147,5.92
R000575,W005,50,9.12,35.35,143.7,5.13
R000576,W005,75,9.07,31.82,138.8,4.47
R000577,W005,100,9.09,34.46,145,5.81
R000578,W005,125,9.1,36.66,138.7,5.62
R000579,W005,150,9.21,30.89,145.2,5.49
R000580,W005,175,9.19,29.6,148.6,6.74
R000581,W005,200,9.34,31.73,139.5,6.01
R000582,W005,225,9.35,30.82,136.8,8.05
R000583,W005,250,9.39,29.76,142.7,8.28
R000584,W005,275,9.41,31.87,141.6,7.92
R000585,W005,300,9.35,36.34,143.1,7.95
R000586,W005,325,9.47,33.41,136.8,8.83
R000587,W005,350,9.52,36.04,147.5,8.93
R000588,W005,375,9.55,29,145.9,7.52
R000589,W005,400,9.5,30,134.2,7.92
R000590,W005,425,9.58,30.28,147.5,8.97
R000591,W005,450,9.64,33.25,139.3,9.49
R000592,W005,475,9.68,28.16,137.9,8.61
R000593,W005,500,9.65,31.83,142.7,7.68
R000594,W005,525,9.77,28.47,136.2,9.75
R000595,W005,550,9.83,29.69,133.7,8.06
R000596,W005,575,9.87,32.69,136.2,9.24
R000597,W005,600,9.92,34.8,142,8.64
R000598,W005,625,9.97,28.73,136.1,8.51
R000599,W005,650,9.89,30.3,139.1,9.56
R000600,W005,675,10,29.09,138.3,10.96
R000601,W005,700,10.06,29.72,137.4,9.94
R000602,W005,725,10.09,32.27,137.5,9.63
R000603,W005,750,10.05,29.13,134.3,11.22
R000604,W005,775,10.13,33.01,130.3,11.78
R000605,W005,800,10.22,16.47,138.7,11.89
R000606,W005,825,10.33,18.3,135.8,14.56
R000607,W005,850,10.29,17.03,136.9,12.87
R000608,W005,875,10.38,17.73,137.5,12.6
R000609,W005,900,10.4,17.62,133.1,15.02
R000610,W005,925,10.46,17.86,131.6,15.11
R000611,W005,950,10.42,17.82,127.4,14.92
R000612,W005,975,10.5,16.88,126.3,14.57
R000613,W005,1000,10.47,18.94,134.5,14.75
R000614,W005,1025,10.6,17.58,128.4,14.91
R000615,W005,1050,10.57,16.24,125.3,13.49
R000616,W005,1075,10.69,17.07,124.5,15.6
R000617,W005,1100,10.63,18.81,121.4,15.07
R000618,W005,1125,10.7,16.96,132.7,16.86
R000619,W005,1150,10.68,18.69,131.5,14.26
R000620,W005,1175,10.77,18.18,131.3,15.87
R000621,W005,1200,10.84,17.57,132,16.85
R000622,W005,1225,10.84,16.18,124.9,16.37
R000623,W005,1250,10.93,15.23,128,15.82
R000624,W005,1275,10.95,16.17,126.5,18.02
R000625,W005,1300,10.92,18.36,123,18.34
R000626,W005,1325,10.99,17.12,130.4,17.93
R000627,W005,1350,11.08,15.35,124.2,16.29
R000628,W005,1375,11.02,15.85,119.2,16.33
R000629,W005,1400,11.05,14.56,118.1,16.78
R000630,W005,1425,11.2,15.92,119.3,19.05
R000631,W005,1450,11.17,14.58,120.8,17.14
R000632,W005,1475,11.26,16.82,126.8,17.09
R000633,W005,1500,11.23,16.65,127.6,17.4
R000634,W005,1525,11.25,16.61,126.7,18.03
R000635,W005,1550,11.29,15.34,127.8,19.6
R000636,W005,1575,11.41,17.03,115.9,19.54
R000637,W005,1600,11.39,16.71,120.3,18.14
R000638,W005,1625,11.38,16.58,125.4,18.16
R000639,W005,1650,11.52,16.5,127.1,19.15
R000640,W005,1675,11.49,14.43,123,20.75
R000641,W005,1700,11.48,16.18,127.5,21.2
R000642,W005,1725,11.55,14.18,117.1,18.7
R000643,W005,1750,11.63,14.05,125,20.35
R000644,W005,1775,11.65,13.39,117.4,19.45
R000645,W005,1800,11.72,14.03,114.8,21.79
R000646,W005,1825,11.63,16.59,116.8,20.7
R000647,W005,1850,11.69,13.63,113.2,21.7
R000648,W005,1875,11.79,15.61,124.2,20.34
R000649,W005,1900,11.86,16.48,112.4,22.15
R000650,W005,1925,11.9,16.15,113.4,20.69
R000651,W005,1950,11.83,13.11,115.9,20.94
R000652,W005,1975,11.96,15.78,123.2,22.97
R000653,W005,2000,11.99,15.97,110.7,23.44
R000654,W005,2025,11.83,17.62,116.2,21.02
R000655,W005,2050,11.86,15.31,114.9,20.99
R000656,W005,2075,11.81,15.25,121.4,22.59
R000657,W005,2100,11.83,17.05,117,20.82
R000658,W005,2125,11.92,17.68,116,23.15
R000659,W005,2150,11.7,17.86,113.8,21.74
R000660,W005,2175,11.83,17.97,109.9,20.49
R000661,W005,2200,12.01,14.76,121.8,23.61
R000662,W005,2225,11.98,17.85,110.1,21.79
R000663,W005,2250,12.16,15.56,117.2,23.47
R000664,W005,2275,12.17,17.04,112.1,22.34
R000665,W005,2300,12.13,17.39,112.2,23.11
R000666,W005,2325,12.18,16.99,115.4,24.65
R000667,W005,2350,12.28,14.45,115.9,22.8
R000668,W005,2375,12.28,15.82,110.3,24.96
R000669,W005,2400,12.28,14.2,117.9,23.04
R000670,W005,2425,12.27,16.49,119.2,23.96
R000671,W005,2450,12.32,15.43,113,25.91
R000672,W005,2475,12.45,17.59,117.8,24.39
R000673,W005,2500,12.38,16.6,108.2,24.92
R000674,W005,2525,12.53,16.59,111.7,25.2
R000675,W005,2550,12.57,17.24,109.5,25.93
R000676,W005,2575,12.55,13.98,106.8,25.52
R000677,W005,2600,12.55,16.95,108.8,25.17
R000678,W005,2625,12.64,16.52,116.3,27.13
R000679,W005,2650,12.69,16.49,113.2,24.86
R000680,W005,2675,12.77,14.38,110.5,25.85
R000681,W005,2700,12.8,16.38,114.7,25.54
R000682,W005,2725,12.72,14.89,108.4,25.46
R000683,W005,2750,12.84,13.74,103.7,26.65
R000684,W005,2775,12.84,14.71,115.3,26.88
R000685,W005,2800,12.89,13.57,110.2,26.03
R000686,W005,2825,12.83,13.51,106.9,27.14
R000687,W005,2850,12.89,14.51,102.4,26.65
R000688,W005,2875,13.05,15.25,101.7,27.38
R000689,W005,2900,12.98,12.95,114.2,27.57
R000690,W005,2925,13.1,13.34,112.1,27.34
R000691,W005,2950,13.01,13.17,114.1,28.3
R000692,W005,2975,13.11,15.53,110.1,29.64
R000693,W005,3000,13.09,15.68,108.1,29.46
R000694,W005,3025,13.24,12.37,107.4,28.13
R000695,W005,3050,13.18,14.24,102.4,29.89
R000696,W005,3075,13.25,14.74,100.7,27.9
R000697,W005,3100,13.27,12.42,102,29.34
R000698,W005,3125,13.27,14.42,109.5,31.03
R000699,W005,3150,13.43,12.28,100.9,28.91
R000700,W005,3175,13.47,12.59,110.5,28.99
R000701,W005,3200,13.87,8.74,93.7,33.81
R000702,W005,3225,13.82,7.85,95.4,33.53
R000703,W005,3250,13.86,8.35,97.3,34.5
R000704,W005,3275,13.84,7.67,93.8,34.77
R000705,W005,3300,13.92,6.94,95.3,33.93
R000706,W005,3325,13.99,7.03,85.5,33.9
R000707,W005,3350,13.95,7.88,90.3,36.96
R000708,W005,3375,14.08,7.12,91.6,36.95
R000709,W005,3400,14.16,6.75,85,36.76
R000710,W005,3425,14.1,7.65,95.4,34.6
R000711,W005,3450,14.19,7.95,93.2,36.66
R000712,W005,3475,14.16,8.05,90.7,36.66
R000713,W005,3500,14.19,7.79,83.2,36.82
R000714,W005,3525,14.23,7.71,92.6,37.09
R000715,W005,3550,14.23,6.88,81.2,38.25
R000716,W006,25,9,37.36,141.6,6.08
R000717,W006,50,9.05,37.74,142.5,5.12
R000718,W006,75,9.11,36.2,140.3,4.36
R000719,W006,100,9.12,31.77,146.2,7.25
R000720,W006,125,9.25,31.76,142.6,7.07
R000721,W006,150,9.28,34.03,149.3,7.02
R000722,W006,175,9.29,31.77,141,5.29
R000723,W006,200,9.3,31.15,148,6.63
R000724,W006,225,9.26,33.32,140.5,5.61
R000725,W006,250,9.34,28.93,147.8,7.49
R000726,W006,275,9.35,33.67,147.1,6.04
R000727,W006,300,9.49,31.33,145.5,6.93
R000728,W006,325,9.46,31.53,135.3,8.28
R000729,W006,350,9.43,31.59,135.4,8.57
R000730,W006,375,9.5,29.63,137.4,6.88
R000731,W006,400,9.59,33.56,147.4,8.11
R000732,W006,425,9.61,33.57,142.1,9.46
R000733,W006,450,9.66,28.28,143,9.01
R000734,W006,475,9.64,31.75,142.1,8.26
R000735,W006,500,9.76,33.25,134.8,7.75
R000736,W006,525,9.79,28.42,143.1,8.64
R000737,W006,550,9.75,30.09,136.4,9.19
R000738,W006,575,9.78,32.63,141,8.85
R000739,W006,600,9.87,30.11,138.3,10.02
R000740,W006,625,9.83,28.06,141,8.4
R000741,W006,650,9.92,33.31,132.1,8.48
R000742,W006,675,9.89,32.96,141.3,11.51
R000743,W006,700,9.96,27.81,134.6,9.78
R000744,W006,725,10.08,28.31,141.3,10.59
R000745,W006,750,10,31.58,132.9,12.18
R000746,W006,775,10.17,31.32,142.7,9.46
R000747,W006,800,10.16,31.55,141.8,11.45
R000748,W006,825,10.21,18.59,130.9,12.76
R000749,W006,850,10.31,19.3,134.1,12.18
R000750,W006,875,10.38,18.25,137.3,14.83
R000751,W006,900,10.4,19.17,133.6,14.14
R000752,W006,925,10.42,18.14,133.3,14.69
R000753,W006,950,10.41,15.6,135.8,14.97
R000754,W006,975,10.53,18.84,134.8,14.98
R000755,W006,1000,10.54,16.5,122.9,15.5
R000756,W006,1025,10.58,19.02,126.1,13.97
R000757,W006,1050,10.55,16.09,128.2,13.83
R000758,W006,1075,10.7,17.32,124.4,14.44
R000759,W006,1100,10.73,17.11,124.1,15.08
R000760,W006,1125,10.62,16.63,129.9,16.65
R000761,W006,1150,10.67,17.68,133.3,15.78
R000762,W006,1175,10.84,15.81,130.4,15.06
R000763,W006,1200,10.76,16.7,129.7,17.22
R000764,W006,1225,10.91,17.55,120.9,17.75
R000765,W006,1250,10.8,15.54,121.2,17.88
R000766,W006,1275,10.99,16.26,124.3,17.9
R000767,W006,1300,11,17.33,121.3,15.74
R000768,W006,1325,10.99,14.77,124.1,17.23
R000769,W006,1350,11.01,14.73,125,15.9
R000770,W006,1375,11.04,17.23,131.8,17.67
R000771,W006,1400,11.04,15.08,127.1,16.43
R000772,W006,1425,11.08,15.61,129.7,19
R000773,W006,1450,11.12,16.83,123.2,18.55
R000774,W006,1475,11.27,14.14,127.5,18
R000775,W006,1500,11.17,17.38,121.2,18.96
R000776,W006,1525,11.19,16.17,121.9,18.17
R000777,W006,1550,11.22,15.03,126.7,17.77
R000778,W006,1575,11.41,14.08,128.1,20.18
R000779,W006,1600,11.41,16.77,119.4,18.84
R000780,W006,1625,11.36,15.4,123.8,19.18
R000781,W006,1650,11.51,14.1,127.2,20.67
R000782,W006,1675,11.47,16.85,115.2,18.77
R000783,W006,1700,11.51,15.34,127.4,20.38
R000784,W006,1725,11.52,14.33,117.9,20.97
R000785,W006,1750,11.56,14.18,116,20.73
R000786,W006,1775,11.58,15.61,122.5,19.21
R000787,W006,1800,11.66,16.06,118.3,21.53
R000788,W006,1825,11.7,14.81,125.4,20.02
R000789,W006,1850,11.8,15.59,114,21.13
R000790,W006,1875,11.74,13.41,124.7,22.16
R000791,W006,1900,11.8,14.98,121.3,20.73
R000792,W006,1925,11.77,14.08,118.9,21.12
R000793,W006,1950,11.84,13.56,116.2,23.21
R000794,W006,1975,11.91,13.66,111.5,22.13
R000795,W006,2000,11.86,15.81,123,21.7
R000796,W006,2025,12.03,15.25,114.1,21.8
R000797,W006,2050,12.06,14.29,121.3,22.59
R000798,W006,2075,12.01,13.3,121.5,21.57
R000799,W006,2100,12.13,15.01,112.6,24.3
R000800,W006,2125,12.05,13.62,110,23.54
R000801,W006,2150,12.2,12.59,113.7,24.2
R000802,W006,2175,12.14,13.63,116.9,23.26
R000803,W006,2200,12.25,14.99,115.7,24.94
R000804,W006,2225,12.21,15.21,109.2,22.59
R000805,W006,2250,12.23,13.28,120.1,24.47
R000806,W006,2275,12.06,14.96,118.2,24.03
R000807,W006,2300,12.12,18.34,116.1,22.62
R000808,W006,2325,12.19,15.81,116.1,24.89
R000809,W006,2350,12.18,16.4,119.6,22.63
R000810,W006,2375,12.35,15.89,109.5,23.98
R000811,W006,2400,12.3,16.8,117,23.89
R000812,W006,2425,12.26,16.78,111.8,24.6
R000813,W006,2450,12.36,15.8,107.2,23.54
R000814,W006,2475,12.44,17.47,111.4,25.52
R000815,W006,2500,12.53,17.41,119.1,25.88
R000816,W006,2525,12.41,17.43,106.8,23.81
R000817,W006,2550,12.54,17.07,113.3,24.05
R000818,W006,2575,12.62,16.87,116.5,24.07
R000819,W006,2600,12.56,17.03,109.6,26.71
R000820,W006,2625,12.61,15.46,108.8,26.54
R000821,W006,2650,12.6,14.87,112,25.45
R000822,W006,2675,12.75,14.05,106.8,25.69
R000823,W006,2700,12.77,16.06,107.8,25.36
R000824,W006,2725,12.72,13.88,113.9,25.42
R000825,W006,2750,12.8,14.71,113.4,26.27
R000826,W006,2775,12.91,13.99,102.8,26.4
R000827,W006,2800,12.93,16.33,109.4,26.96
R000828,W006,2825,12.92,13.94,106,27.41
R000829,W006,2850,12.88,15.31,112.3,29.09
R000830,W006,2875,12.95,14.64,104.5,26.73
R000831,W006,2900,13.07,12.93,102.8,26.61
R000832,W006,2925,13.06,14.04,112,28.91
R000833,W006,2950,13.04,14.18,100.3,27.62
R000834,W006,2975,13.16,13.89,101.2,30.1
R000835,W006,3000,13.2,15.29,112,27.54
R000836,W006,3025,13.18,14.55,112,29.56
R000837,W006,3050,13.23,15.08,105.3,30.6
R000838,W006,3075,13.29,14.1,99,28.67
R000839,W006,3100,13.36,14.6,100,30.53
R000840,W006,3125,13.35,12.12,107,28.42
R000841,W006,3150,13.44,12.57,100.3,29.26
R000842,W006,3175,13.48,14.15,110.5,30.94
R000843,W006,3200,13.42,12.45,100,30.31
R000844,W006,3225,13.55,13.3,96.8,29.63
R000845,W006,3250,13.55,13.82,107.7,29.65
R000846,W006,3275,13.48,12.99,102,30.47
R000847,W006,3300,13.53,13.09,106.4,31.71
R000848,W006,3325,13.57,12.12,105.5,30.54
R000849,W006,3350,13.72,13.76,99.8,31.31
R000850,W006,3375,13.7,13.06,96.9,30.6
R000851,W006,3400,13.67,13.86,100.3,31.01
R000852,W006,3425,13.7,11.39,96,33.32
R000853,W006,3450,13.77,13.72,97.4,33.44
R000854,W006,3475,13.87,11.69,99.1,33.61
R000855,W006,3500,13.86,13.67,105.4,31.16
R000856,W006,3525,14.28,8.03,82.8,36.54
R000857,W006,3550,14.27,7.76,88.1,37.65
R000858,W006,3575,14.36,7.59,94.3,35.83
R000859,W006,3600,14.4,7.82,93.5,37.61
R000860,W006,3625,14.43,7.76,80,38.95
R000861,W006,3650,14.4,6.97,85.2,38.44
R000862,W006,3675,14.5,6.86,88.6,39.2
R000863,W006,3700,14.47,6.81,78.9,36.81
R000864,W006,3725,14.54,6.6,82.6,37.03
R000865,W006,3750,14.51,6.74,86.6,38.97
R000866,W006,3775,14.63,7.43,85.5,38.18
R000867,W006,3800,14.66,7.46,80.7,37.67
R000868,W006,3825,14.75,5.87,84,40.14
R000869,W006,3850,14.74,6.46,89.7,38.38
R000870,W006,3875,14.7,6.96,83,39.79
R000871,W006,3900,14.73,6.21,86.1,38.75
R000872,W006,3925,14.87,7.11,80.8,39.48
R000873,W006,3950,14.91,6.25,85.5,40.16
R000874,W007,25,9.11,31.53,150.9,4.07
R000875,W007,50,9.09,32.1,151.8,4.16
R000876,W007,75,9.07,36.42,145.9,5.86
R000877,W007,100,9.21,32.21,147.8,7.06
R000878,W007,125,9.24,36.38,143.4,5.63
R000879,W007,150,9.14,31.78,139.4,6.3
R000880,W007,175,9.21,31.89,149.7,4.92
R000881,W007,200,9.2,29.91,141.3,6.85
R000882,W007,225,9.26,36.43,143.2,5.65
R000883,W007,250,9.43,30.77,142.4,6.06
R000884,W007,275,9.46,36.36,140,6.07
R000885,W007,300,9.43,35.88,144.6,6.12
R000886,W007,325,9.46,35.24,138.3,6.67
R000887,W007,350,9.51,33.91,142.1,8.78
R000888,W007,375,9.53,28.73,144.9,6.53
R000889,W007,400,9.62,34.55,138.7,9.28
R000890,W007,425,9.66,32.32,139.2,8.71
R000891,W007,450,9.57,32.89,144.7,9.56
R000892,W007,475,9.62,30.72,139.6,9.85
R000893,W007,500,9.74,32.5,146.7,7.97
R000894,W007,525,9.68,34.9,142.6,7.49
R000895,W007,550,9.76,29.35,132.8,10.09
R000896,W007,575,9.81,29.29,139.5,9.73
R000897,W007,600,9.86,31.77,137.7,8.47
R000898,W007,625,9.96,34.15,138.7,10.94
R000899,W007,650,9.95,29.69,131.5,10.12
R000900,W007,675,9.95,29.42,133.3,9.36
R000901,W007,700,9.99,33.49,139,10.16
R000902,W007,725,10.01,28.09,137.2,10.95
R000903,W007,750,10.05,32.43,139,11.11
R000904,W007,775,10.18,15.98,134.7,12.88
R000905,W007,800,10.16,18.66,127.7,11.63
R000906,W007,825,10.33,19.32,135.3,13.7
R000907,W007,850,10.35,18.42,137.3,12.23
R000908,W007,875,10.42,15.52,132.1,14.23
R000909,W007,900,10.44,18.34,136.4,14.13
R000910,W007,925,10.41,17.49,135.8,14.34
R000911,W007,950,10.39,17.25,136,14.99
R000912,W007,975,10.42,16.9,126.6,14.19
R000913,W007,1000,10.56,15.62,128.7,14.59
R000914,W007,1025,10.63,15.55,131.4,15.61
R000915,W007,1050,10.56,17.83,125.7,13.98
R000916,W007,1075,10.6,16.24,132.7,16.25
R000917,W007,1100,10.65,16.28,130.5,16.38
R000918,W007,1125,10.64,17.65,132.9,15.68
R000919,W007,1150,10.72,17.75,128.7,14.81
R000920,W007,1175,10.8,16.03,120.4,15.54
R000921,W007,1200,10.82,16.53,129.4,15.15
R000922,W007,1225,10.82,17.01,129.7,17.56
R000923,W007,1250,10.86,15.77,126.7,16.43
R000924,W007,1275,10.87,15.57,126.1,17.46
R000925,W007,1300,10.88,18.09,126.5,17.37
R000926,W007,1325,11.02,16.25,126.9,16.29
R000927,W007,1350,10.99,17.05,128.1,18.15
R000928,W007,1375,11.03,15.79,119.1,16.5
R000929,W007,1400,11.16,17.38,122.9,16.42
R000930,W007,1425,11.2,14.78,125.6,16.53
R000931,W007,1450,11.23,15.95,118.9,16.87
R000932,W007,1475,11.2,17.63,124.2,16.94
R000933,W007,1500,11.19,15.67,121.9,18.91
R000934,W007,1525,11.29,15.34,118.1,18.27
R000935,W007,1550,11.32,14.69,127.6,19.71
R000936,W007,1575,11.33,17.48,124.4,19.92
R000937,W007,1600,11.37,17.36,126.8,20.5
R000938,W007,1625,11.39,15.21,120.5,20.78
R000939,W007,1650,11.48,14.36,119.1,19.65
R000940,W007,1675,11.47,15.46,127.5,19.12
R000941,W007,1700,11.47,14,124.6,18.65
R000942,W007,1725,11.51,14.58,126.1,20.5
R000943,W007,1750,11.66,15.33,123,19.3
R000944,W007,1775,11.6,13.46,116.2,21.91
R000945,W007,1800,11.58,13.26,123.2,21.51
R000946,W007,1825,11.74,14.54,119.1,21.03
R000947,W007,1850,11.51,19,117.8,21.32
R000948,W007,1875,11.63,18.33,114.8,21.29
R000949,W007,1900,11.62,19.1,119.4,20.75
R000950,W007,1925,11.56,19.34,116.6,21.88
R000951,W007,1950,11.69,18.98,124.7,19.41
R000952,W007,1975,11.68,16.62,124.4,21.1
R000953,W007,2000,11.81,15.63,116.6,19.81
R000954,W007,2025,11.82,18.26,124.6,22.51
R000955,W007,2050,11.75,18.87,124.5,22.6
R000956,W007,2075,11.8,15.73,119.5,21.8
R000957,W007,2100,11.81,17.81,119.6,22.92
R000958,W007,2125,11.85,16.03,110.8,22.03
R000959,W007,2150,11.89,17.13,119.4,23.66
R000960,W007,2175,12.03,15.76,117.7,21.62
R000961,W007,2200,12,18.61,121.8,23.43
R000962,W007,2225,11.99,16.71,117.9,21.98
R000963,W007,2250,12.14,18.2,110.6,21.89
R000964,W007,2275,12.2,15.84,120,23.22
R000965,W007,2300,12.14,15.57,101.5,24.2
R000966,W007,2325,12.23,15.44,98.5,26.05
R000967,W007,2350,12.28,14.68,112.5,22.72
R000968,W007,2375,12.26,16.91,120.4,25.36
R000969,W007,2400,12.33,16.06,117.9,24.86
R000970,W007,2425,12.3,15.51,116.6,24.44
R000971,W007,2450,12.31,15.48,110.6,25.36
R000972,W007,2475,12.49,16.82,107.4,25.8
R000973,W007,2500,12.39,16,108.7,25.62
R000974,W007,2525,12.48,14.52,110.7,24.05
R000975,W007,2550,12.47,16.45,110.2,23.98
R000976,W007,2575,12.61,14.17,115,24.63
R000977,W007,2600,12.55,13.75,108.9,27.1
R000978,W007,2625,12.59,16.02,110.9,26.27
R000979,W007,2650,12.7,14.61,116,25.2
R000980,W007,2675,12.63,16.28,109.8,26.38
R000981,W007,2700,12.67,13.31,107.3,25.76
R000982,W007,2725,12.7,13.69,107,28.15
R000983,W007,2750,12.88,13.76,105.6,28.29
R000984,W007,2775,12.81,15.05,103.1,25.9
R000985,W007,2800,12.89,14.84,112.7,27.17
R000986,W007,2825,12.9,13.91,98.4,30.97
R000987,W007,2850,13.02,12.45,112.7,26.86
R000988,W007,2875,12.98,14.48,104.1,27.88
R000989,W007,2900,13.03,14.47,101.5,27.85
R000990,W007,2925,13.11,15.45,102.4,28.58
R000991,W007,2950,13.06,13.15,113.4,27.29
R000992,W007,2975,13.12,14.44,111.2,28.48
R000993,W007,3000,13.23,14.73,106.7,29.77
R000994,W007,3025,13.25,14.85,111,27.92
R000995,W007,3050,13.65,8.57,93.5,32.26
R000996,W007,3075,13.63,7.93,93.7,33.35
R000997,W007,3100,13.62,8.46,95.8,32.42
R000998,W007,3125,13.63,8.68,91.5,35.08
R000999,W007,3150,13.79,8.28,97.3,34.06
R001000,W007,3175,13.71,7.02,89.4,33.76
R001001,W007,3200,13.78,7.21,90.6,33.76
R001002,W007,3225,13.88,7.8,84.7,34.19
R001003,W007,3250,13.84,6.86,87.7,34.19
R001004,W007,3275,13.91,7,96.1,33.7
R001005,W007,3300,13.86,8.08,90.3,34.65
R001006,W007,3325,13.95,7.96,96.8,36.5
R001007,W007,3350,13.96,7.8,92.5,35.32
R001008,W007,3375,14.09,7.18,93.6,36.24
R001009,W007,3400,14.1,6.75,93.1,37.33
R001010,W008,25,9.05,31.03,140.5,3.74
R001011,W008,50,9,31.94,146.1,3.9
R001012,W008,75,9.19,32.79,148.8,6.64
R001013,W008,100,9.16,35.55,150.2,4.66
R001014,W008,125,9.23,31.72,151.3,7.06
R001015,W008,150,9.22,30.19,139.2,6.95
R001016,W008,175,9.24,33.42,146.1,5.95
R001017,W008,200,9.32,34.39,142.2,5.4
R001018,W008,225,9.4,36.28,147.1,7.77
R001019,W008,250,9.28,29.66,136.8,5.86
R001020,W008,275,9.42,32.5,144.7,7.73
R001021,W008,300,9.39,32.19,143.4,8.42
R001022,W008,325,9.43,31.78,140.3,7.68
R001023,W008,350,9.43,36.05,137.1,7.7
R001024,W008,375,9.49,29.25,137.8,8.63
R001025,W008,400,9.63,29.1,141.7,7.33
R001026,W008,425,9.61,32.07,140.7,9.69
R001027,W008,450,9.6,35.37,136.9,8.38
R001028,W008,475,9.67,29.82,145.9,9.36
R001029,W008,500,9.74,34.46,142.7,8.44
R001030,W008,525,9.82,28.44,137.6,8.57
R001031,W008,550,9.75,31.78,144.6,10.34
R001032,W008,575,9.83,32.6,132,9.76
R001033,W008,600,9.81,30.18,141.2,8.83
R001034,W008,625,9.89,32.98,140.5,9.93
R001035,W008,650,9.9,28.63,141,11.38
R001036,W008,675,9.97,30.53,139.2,11.13
R001037,W008,700,9.99,28.25,132.3,10.66
R001038,W008,725,9.98,30.35,132.9,9.59
R001039,W008,750,10.12,31.45,141,9.73
R001040,W008,775,10.08,32.69,134,11.1
R001041,W008,800,10.14,28.05,130.8,9.89
R001042,W008,825,10.14,31.08,132.3,12.02
R001043,W008,850,10.37,19.12,127.7,12.96
R001044,W008,875,10.36,16.16,136.2,14.35
R001045,W008,900,10.34,16.12,130.7,14.75
R001046,W008,925,10.47,15.4,130.6,13.36
R001047,W008,950,10.48,17.05,136.3,15.39
R001048,W008,975,10.52,18.05,125.1,15.87
R001049,W008,1000,10.51,16.21,133.9,15.92
R001050,W008,1025,10.51,17.42,126.4,16.05
R001051,W008,1050,10.53,15.56,135.7,16.26
R001052,W008,1075,10.65,17.35,123.2,15.62
R001053,W008,1100,10.64,16.49,124.7,15.82
R001054,W008,1125,10.66,17.97,122.2,14.64
R001055,W008,1150,10.79,17.46,132.6,16.11
R001056,W008,1175,10.81,17.41,128.3,15.47
R001057,W008,1200,10.76,14.71,126.9,17.33
R001058,W008,1225,10.82,15.15,127.7,14.87
R001059,W008,1250,10.91,16.9,131.1,16.98
R001060,W008,1275,10.84,18.4,126.6,15.56
R001061,W008,1300,10.94,16.69,126.8,16.13
R001062,W008,1325,10.95,14.49,128.8,16.67
R001063,W008,1350,11.06,17.77,128.9,16.76
R001064,W008,1375,11.13,17.72,131.4,17.09
R001065,W008,1400,11.08,17.27,119.3,16.21
R001066,W008,1425,11.06,14.17,128.6,17.63
R001067,W008,1450,11.2,16.13,130.4,18.26
R001068,W008,1475,11.14,15.76,117.8,19.09
R001069,W008,1500,11.2,14.59,128,18.68
R001070,W008,1525,11.26,15.04,126.1,17.94
R001071,W008,1550,11.23,16.32,126.7,17.75
R001072,W008,1575,11.39,16.78,117.3,18.66
R001073,W008,1600,11.42,15.42,119.7,17.74
R001074,W008,1625,11.46,14.27,119.5,18.3
R001075,W008,1650,11.44,15.97,126.2,20.59
R001076,W008,1675,11.6,12.98,125,20.9
R001077,W008,1700,11.47,16.86,123.5,20.19
R001078,W008,1725,11.55,14.97,125.9,18.79
R001079,W008,1750,11.64,15.02,119.2,20.89
R001080,W008,1775,11.66,15.31,115.6,19.81
R001081,W008,1800,11.62,14.69,119.6,20.43
R001082,W008,1825,11.71,15.62,113,19.37
R001083,W008,1850,11.75,13.89,113.7,21.59
R001084,W008,1875,11.81,14.04,114.2,22.05
R001085,W008,1900,11.87,13.23,116.2,20.88
R001086,W008,1925,11.89,15.87,117.4,22.04
R001087,W008,1950,11.82,15.35,121.9,23.29
R001088,W008,1975,11.83,15.38,118.9,23.41
R001089,W008,2000,11.99,12.86,119.9,23.68
R001090,W008,2025,11.73,16.79,113,22.75
R001091,W008,2050,11.86,15.42,120.8,22.05
R001092,W008,2075,11.78,16.51,117.2,22.5
R001093,W008,2100,11.82,17.31,112.5,23.26
R001094,W008,2125,11.92,18.62,120.3,20.85
R001095,W008,2150,12.01,17.43,112,21.21
R001096,W008,2175,11.91,15.65,120.2,22.63
R001097,W008,2200,12.04,17.18,114.3,22.75
R001098,W008,2225,11.98,17.1,119.3,23.16
R001099,W008,2250,12.17,14.71,110.3,22.05
R001100,W008,2275,12.07,16.47,121,23.73
R001101,W008,2300,12.17,14.82,119,22.35
R001102,W008,2325,12.26,16.41,108.1,22.85
R001103,W008,2350,12.2,14.53,114.2,25.13
R001104,W008,2375,12.3,17.65,118.4,24.02
R001105,W008,2400,12.26,18,117.4,24.65
R001106,W008,2425,12.27,15.63,111.6,25.66
R001107,W008,2450,12.4,15.73,116,23.87
R001108,W008,2475,12.41,15.39,107.5,23.47
R001109,W008,2500,12.52,16.34,114.1,23.85
R001110,W008,2525,12.47,15.44,115.4,24.8
R001111,W008,2550,12.56,15.57,113.4,25.81
R001112,W008,2575,12.56,16.19,105.3,24.26
R001113,W008,2600,12.59,15.48,110.7,25.11
R001114,W008,2625,12.58,13.75,117.6,25.25
R001115,W008,2650,12.6,17.88,117.7,25.36
R001116,W008,2675,12.49,15.58,113.4,23.95
R001117,W008,2700,12.81,13.78,104,26.52
R001118,W008,2725,12.53,16.63,103.8,25.07
R001119,W008,2750,12.7,15.39,110.9,26.83
R001120,W008,2775,12.79,13.99,104.6,26.5
R001121,W008,2800,12.95,13.62,107,27.46
R001122,W008,2825,12.88,13.35,104.6,26.61
R001123,W008,2850,13.02,16.09,114.9,26.64
R001124,W008,2875,12.99,15.63,110.8,28.62
R001125,W008,2900,13,13.73,108.1,27.46
R001126,W008,2925,13.09,15.34,110.8,27.01
R001127,W008,2950,13.03,13.56,105.2,27.69
R001128,W008,2975,13.17,13.97,101.7,27.62
R001129,W008,3000,13.18,14.01,107.4,28.91
R001130,W008,3025,13.12,12.75,112.1,27.64
R001131,W008,3050,13.26,12.37,99.6,29.28
R001132,W008,3075,13.33,12.61,105.7,29.95
R001133,W008,3100,13.36,15.25,103.4,30.43
R001134,W008,3125,13.3,12.96,108.3,29.62
R001135,W008,3150,13.32,15.03,102.3,29.71
R001136,W008,3175,13.44,14.65,103.9,31.54
R001137,W008,3200,13.44,14.63,106.6,31.46
R001138,W008,3225,13.43,12.46,106.9,31.35
R001139,W008,3250,13.58,13.05,98.1,32.05
R001140,W008,3275,13.98,8.14,96.6,34.85
R001141,W008,3300,13.98,7.19,97,34.13
R001142,W008,3325,13.9,7.84,90.5,34.52
R001143,W008,3350,14.08,8.09,90.9,34.39
R001144,W008,3375,14.04,7.84,88.4,36.97
R001145,W008,3400,14.1,7.45,92.6,36.73
R001146,W008,3425,14.15,7.82,94.4,35.6
R001147,W008,3450,14.09,7.33,87.1,35.09
R001148,W008,3475,14.12,7.34,92,35.4
R001149,W008,3500,14.26,6.21,86.3,36.05
R001150,W008,3525,14.33,6.28,91.3,36.85
R001151,W008,3550,14.24,6.65,89.6,35.87
R001152,W008,3575,14.41,7.21,82,37.24
R001153,W008,3600,14.41,6.66,93.4,36.94
R001154,W008,3625,14.45,6.44,84.1,36.84
R001155,W008,3650,14.46,7.18,80.5,36.29
R001156,W008,3675,14.44,6.16,88.1,37.33
R001157,W009,100,9.14,35.85,142.1,7.21
R001158,W009,200,9.25,35.28,137.5,6.5
R001159,W009,300,9.42,33.36,138,6.33
R001160,W009,400,9.53,30.17,134.8,7.97
R001161,W009,500,9.83,33.82,133.4,10.22
R001162,W009,600,9.81,28.03,139.3,10.34
R001163,W009,700,9.92,31.79,133.8,9.7
R001164,W009,800,10.28,17.75,138.6,13.08
R001165,W009,900,10.32,17.58,126.1,12.64
R001166,W009,1000,10.58,16.79,135.6,14.73
R001167,W009,1100,10.73,15.36,134.7,14.94
R001168,W009,1200,10.74,18.22,127.3,17.08
R001169,W009,1300,10.87,16.56,129.8,15.69
R001170,W009,1400,11.15,15.03,122.2,18.82
R001171,W009,1500,11.2,17.06,117.2,18.04
R001172,W009,1600,11.3,14.9,117.1,19.45
R001173,W009,1700,11.45,14.18,121.9,18.8
R001174,W009,1800,11.39,17.62,126,19.3
R001175,W009,1900,11.51,18.45,122.4,18.99
R001176,W009,2000,11.75,15.44,118.5,20.87
R001177,W009,2100,11.89,16,116.2,21.19
R001178,W009,2200,12.02,14.84,117.6,22.25
R001179,W009,2300,12.1,15.22,119,23.39
R001180,W009,2400,12.23,14.41,115,24.06
R001181,W009,2500,12.4,17.28,118.5,25.53
R001182,W009,2600,12.42,17.36,105.6,23.72
R001183,W009,2700,12.76,13.9,111.7,26.01
R001184,W009,2800,12.89,13.13,115.7,26.26
R001185,W009,2900,13.41,7.57,100.3,32.23
R001186,W009,3000,13.53,8.2,97.3,31.61
R001187,W009,3100,13.6,8.3,95.9,34.07
R001188,W010,100,9.17,32.97,149.9,4.75
R001189,W010,200,9.34,31.59,148.3,7.56
R001190,W010,300,9.49,29.02,136.2,8.03
R001191,W010,400,9.58,30.53,142.8,6.65
R001192,W010,500,9.64,33.84,146.6,8.19
R001193,W010,600,9.85,28.64,145.2,10.7
R001194,W010,700,10.01,30.95,135.7,11.6
R001195,W010,800,10.27,19.12,125,12.72
R001196,W010,900,10.37,17,133.9,14.57
R001197,W010,1000,10.59,18.76,134.9,15.28
R001198,W010,1100,10.67,18.55,123.2,15.52
R001199,W010,1200,10.88,15.38,124.1,17.36
R001200,W010,1300,10.94,14.5,122.5,16.37
R001201,W010,1400,11.09,17.45,121.6,16.28
R001202,W010,1500,11.18,17.68,118,18.51
R001203,W010,1600,11.4,16.45,127.7,18.41
R001204,W010,1700,11.42,16.46,116.4,19.81
R001205,W010,1800,11.6,15.24,113.5,20.75
R001206,W010,1900,11.54,19.84,122.1,21.78
R001207,W010,2000,11.68,16.99,124.3,21.17
R001208,W010,2100,11.84,16.72,121.7,22.35
R001209,W010,2200,11.95,16.77,110.1,22.86
R001210,W010,2300,12.09,19.79,111.3,22.58
R001211,W010,2400,12.26,17.66,110.9,24.88
R001212,W010,2500,12.39,15,113.4,25.27
R001213,W010,2600,12.62,17,105.1,26.87
R001214,W010,2700,12.8,15.44,104,25.38
R001215,W010,2800,12.91,15.4,102.5,27.17
R001216,W010,2900,13.42,9.29,90.2,32.9
R001217,W010,3000,13.52,7.8,100.9,31.9
R001218,W010,3100,13.58,8.41,86.3,34.99
R001219,W010,3200,13.82,8.7,86.2,33.49
R001220,W011,100,9.12,32.43,144.7,4.7
R001221,W011,200,9.31,36.78,149.6,6.83
R001222,W011,300,9.43,31.41,141.6,7.47
R001223,W011,400,9.64,30.9,138.5,8.57
R001224,W011,500,9.68,27.9,144.3,9.26
R001225,W011,600,9.78,29.34,144.2,8.79
R001226,W011,700,10.04,29.8,133.9,9.33
R001227,W011,800,10.18,17.11,130.4,14.45
R001228,W011,900,10.39,17.26,131.3,13.15
R001229,W011,1000,10.6,15.98,125.5,14.75
R001230,W011,1100,10.61,18.61,126,15.93
R001231,W011,1200,10.76,18.48,121.9,16.13
R001232,W011,1300,11.02,17.12,119.1,16.86
R001233,W011,1400,11.13,15.92,122.5,16.39
R001234,W011,1500,11.25,16.83,120.1,18.95
R001235,W011,1600,11.34,14.64,127.9,20.5
R001236,W011,1700,11.54,16.42,122.5,19.48
R001237,W011,1800,11.65,16.54,113.2,19.59
R001238,W011,1900,11.77,13.66,111.9,20.05
R001239,W011,2000,11.75,15.99,122.2,22.68
R001240,W011,2100,11.94,18.98,123.9,20.94
R001241,W011,2200,12.01,17.7,119.7,22.56
R001242,W011,2300,12.23,16.23,119.6,22.12
R001243,W011,2400,12.32,16.33,109.3,23.92
R001244,W011,2500,12.47,17.1,110.3,23.76
R001245,W011,2600,12.57,15.76,106.1,27.2
R001246,W011,2700,12.81,14.06,101.4,27.55
R001247,W011,2800,12.82,14.89,106.8,25.86
R001248,W011,2900,12.9,14.49,104.6,25.35
R001249,W011,3000,13.13,15.01,109.9,27.95
R001250,W011,3100,13.35,15.23,111,28.24
R001251,W011,3200,13.38,13.98,100,30.76
R001252,W011,3300,13.91,7.49,93.1,34.75
R001253,W011,3400,14.1,7.23,83.2,36.01
R001254,W011,3500,14.28,7.28,82.9,37.6
R001255,W011,3600,14.32,7.75,81.3,38.28
R001256,W012,100,9.23,18.81,142,7.3
R001257,W012,200,9.39,20.98,132.7,9.21
R001258,W012,300,9.47,17.57,139.6,8.68
R001259,W012,400,9.61,19.06,137.4,10.71
R001260,W012,500,9.79,16.64,137.1,11.46
R001261,W012,600,9.98,19.63,139.7,10.41
R001262,W012,700,10.15,16.82,130.1,11.64
R001263,W012,800,10.26,17.91,125.1,11.98
R001264,W012,900,10.33,17.44,130.4,15.24
R001265,W012,1000,10.45,17.21,124.6,13.83
R001266,W012,1100,10.73,18.05,134,15.98
R001267,W012,1200,10.86,18.04,121,16.06
R001268,W012,1300,10.93,14.77,132.3,18.17
R001269,W012,1400,11.01,17.75,122.8,16.79
R001270,W012,1500,11.18,14.78,125.3,18.57
R001271,W012,1600,11.32,16.82,127.8,18.25
R001272,W012,1700,11.52,15.89,124.6,21.05
R001273,W012,1800,11.66,14.5,113.1,20.75
R001274,W012,1900,11.82,16.53,121.8,20.48
R001275,W012,2000,11.92,12.94,95.9,25.51
R001276,W012,2100,11.94,17.19,120.6,22.58
R001277,W012,2200,11.96,14.93,122.4,23.04
R001278,W012,2300,12.2,15.77,115.5,23.03
R001279,W012,2400,12.29,17.84,115.7,24.93
R001280,W012,2500,12.52,16.9,119.6,25.32
R001281,W012,2600,12.56,16.64,113.2,25.22
R001282,W012,2700,12.66,16.69,106.5,27.04
R001283,W012,2800,12.89,14.38,107.4,26.16
R001284,W012,2900,12.98,16.03,100.8,27.72
R001285,W012,3000,13.14,13.36,108.2,28.49
R001286,W012,3100,13.3,12.7,102.1,30.02
R001287,W012,3200,13.74,7.63,93,33.67
R001288,W012,3300,13.99,8.37,90.5,36.17
R001289,W012,3400,14.07,6.76,91.5,35.96
R001290,W012,3500,14.29,6.97,92.5,37.62
R001291,W013,100,9.15,36.65,141.3,7.03
R001292,W013,200,9.25,33.58,149.2,6.14
R001293,W013,300,9.41,33.99,144.9,8.1
R001294,W013,400,9.51,33.55,137.9,9.3
R001295,W013,500,9.67,31.18,143,9.46
R001296,W013,600,9.79,33.46,145.1,10.37
R001297,W013,700,9.96,33.54,142.9,10.02
R001298,W013,800,10.25,18.09,130.3,12.04
R001299,W013,900,10.29,20.23,129.7,13.79
R001300,W013,1000,10.46,15.32,127.6,16
R001301,W013,1100,10.74,14.48,120.5,15.57
R001302,W013,1200,10.87,18,126.9,15.85
R001303,W013,1300,11.02,15.41,132.2,18.18
R001304,W013,1400,11.08,16.21,125.9,16.82
R001305,W013,1500,11.17,16.28,122.9,17.32
R001306,W013,1600,11.44,15.79,119.1,18.07
R001307,W013,1700,11.52,16.52,122.6,18.93
R001308,W013,1800,11.59,13.81,123.2,20.94
R001309,W013,1900,11.57,16.49,127.1,20.37
R001310,W013,2000,11.7,18.05,115.8,20.78
R001311,W013,2100,11.94,15.95,112.4,20.85
R001312,W013,2200,11.98,17,121.7,21.41
R001313,W013,2300,12.2,15.13,110.6,23.58
R001314,W013,2400,12.33,15.08,112.5,24.32
R001315,W013,2500,12.44,14.4,113,26
R001316,W013,2600,12.66,14.27,110.2,24.8
R001317,W013,2700,12.72,15.05,106.6,25.66
R001318,W013,2800,12.82,13.83,115.1,27.65
R001319,W013,2900,13.06,15.69,112.5,28.08
R001320,W013,3000,13.5,8.5,96.5,31.68
R001321,W013,3100,13.69,8.45,87.8,34.36
R001322,W013,3200,13.84,7.84,89.6,33.35
R001323,W013,3300,14,8.48,91.1,34.78
R001324,W014,100,9.23,31.58,145.4,4.28
R001325,W014,200,9.24,36,139.7,6.81
R001326,W014,300,9.37,33.45,143.4,7.65
R001327,W014,400,9.57,35.06,137.3,7.82
R001328,W014,500,9.65,28,141,8.48
R001329,W014,600,9.89,29.52,133.2,9.11
R001330,W014,700,10,32.78,135.2,9.5
R001331,W014,800,10.26,15.47,125.1,13.54
R001332,W014,900,10.45,15.87,129.1,13.23
R001333,W014,1000,10.49,18.39,131.9,15.57
R001334,W014,1100,10.68,16.45,134.5,15.35
R001335,W014,1200,10.79,16.69,120.5,16.42
R001336,W014,1300,11.01,17.98,127.1,17.01
R001337,W014,1400,11.12,17.39,119.2,18.8
R001338,W014,1500,11.28,15.3,118.7,18.3
R001339,W014,1600,11.32,14.45,128.2,19.91
R001340,W014,1700,11.57,13.49,118.2,19.09
R001341,W014,1800,11.67,15.11,120.3,21.01
R001342,W014,1900,11.63,19.43,120.2,20.52
R001343,W014,2000,11.76,15.75,115.9,20.09
R001344,W014,2100,11.92,18.89,118.5,22.67
R001345,W014,2200,12.02,17.04,121.3,21.27
R001346,W014,2300,12.25,16.05,113.5,24.96
R001347,W014,2400,12.24,17.64,118.7,22.83
R001348,W014,2500,12.4,16.94,112.6,26.02
R001349,W014,2600,12.64,14.97,106.8,24.56
R001350,W014,2700,12.71,13.69,113.5,27.21
R001351,W014,2800,12.83,13.33,103,27.18
R001352,W014,2900,13.01,13.91,111,29.42
R001353,W014,3000,13.43,8.13,90.6,32.92
R001354,W014,3100,13.63,8.08,97,34.63
R001355,W014,3200,13.83,8.63,88.5,35.32
R001356,W014,3300,13.9,8.52,92.5,36.15
R001357,W015,100,9.1,34.76,147.6,4.81
R001358,W015,200,9.33,33.81,150.4,6.74
R001359,W015,300,9.43,35.02,149.1,8.17
R001360,W015,400,9.61,35.19,136.8,8.08
R001361,W015,500,9.64,35.41,137.4,8.25
R001362,W015,600,9.88,27.75,137.2,9.7
R001363,W015,700,10.06,32.18,132.5,10.72
R001364,W015,800,10.23,15.72,137.8,14.2
R001365,W015,900,10.43,15.5,130.1,13.42
R001366,W015,1000,10.55,18.1,122.6,15.6
R001367,W015,1100,10.6,17.15,122.8,14.31
R001368,W015,1200,10.75,15.77,120.1,16.39
R001369,W015,1300,10.98,14.76,118.2,18.17
R001370,W015,1400,11.16,14.91,130.9,16.46
R001371,W015,1500,11.27,15.39,124.6,18.15
R001372,W015,1600,11.43,15.36,127,19.07
R001373,W015,1700,11.48,14.72,111.5,20.03
R001374,W015,1800,11.73,14.46,116.7,21.2
R001375,W015,1900,11.67,19.47,114,19.48
R001376,W015,2000,11.81,18.95,122.5,21.34
R001377,W015,2100,11.92,16.26,111.2,21.2
R001378,W015,2200,11.98,19.12,119.2,21
R001379,W015,2300,12.19,15.02,120.8,23.5
R001380,W015,2400,12.38,15.67,109.6,24.85
R001381,W015,2500,12.42,16.47,116.8,24.24
R001382,W015,2600,12.54,16.55,118.1,27.14
R001383,W015,2700,12.69,14.85,108.5,25.99
R001384,W015,2800,12.87,15.89,110.1,25.87
R001385,W015,2900,13.34,8.67,97.6,32.8
R001386,W015,3000,13.51,9.15,92.4,32
R001387,W015,3100,13.61,7.84,99.5,34.89
R001388,W015,3200,13.8,8.66,98.3,35.25
R001389,W016,100,9.16,33.35,149.7,5.43
R001390,W016,200,9.22,34.9,141.6,7.86
R001391,W016,300,9.46,34.9,138,8.77
R001392,W016,400,9.64,34.98,139.2,9.35
R001393,W016,500,9.65,35.38,140.7,9.34
R001394,W016,600,9.85,33.11,134,10.19
R001395,W016,700,10.01,28.96,138.2,11.63
R001396,W016,800,10.18,31.93,130.4,10.72
R001397,W016,900,10.33,19.31,127.7,13.31
R001398,W016,1000,10.46,17.7,133.8,14.11
R001399,W016,1100,10.67,17.8,129.9,15.78
R001400,W016,1200,10.82,15.29,128.7,17.19
R001401,W016,1300,10.93,15.9,126.7,17.21
R001402,W016,1400,11.01,14.76,121.1,16.72
R001403,W016,1500,11.21,14.97,119.1,19.12
R001404,W016,1600,11.43,16.38,120.7,17.84
R001405,W016,1700,11.57,14.37,125.2,21.19
R001406,W016,1800,11.65,14.03,113.5,20.79
R001407,W016,1900,11.76,13.81,117.5,22.79
R001408,W016,2000,11.97,14.43,111.5,21.71
R001409,W016,2100,12.13,12.62,119.6,21.95
R001410,W016,2200,12.21,15.41,111.2,23.25
R001411,W016,2300,12.18,16.04,110.6,22.49
R001412,W016,2400,12.26,14.37,110.8,24.21
R001413,W016,2500,12.44,15.23,110.9,25.82
R001414,W016,2600,12.61,17.15,115.2,25.31
R001415,W016,2700,12.72,13.36,109.1,26.26
R001416,W016,2800,12.87,15.36,104.2,27.99
R001417,W016,2900,12.97,15.45,112.1,27.78
R001418,W016,3000,13.11,12.72,107.4,29.91
R001419,W016,3100,13.37,14.95,111.7,30.33
R001420,W016,3200,13.38,11.91,104.6,29.12
R001421,W016,3300,13.65,13.57,105.1,29.7
R001422,W016,3400,13.68,13.52,104.3,32.47
R001423,W016,3500,14.28,7.85,89.8,35.71
R001424,W016,3600,14.32,7.38,82.8,38.24
R001425,W016,3700,14.45,7.55,89.5,39.04
R001426,W016,3800,14.7,6.76,79.6,38.6
R001427,W016,3900,14.73,6.07,85.5,38.52
R001428,W017,100,9.3,18.05,136.5,6.63
R001429,W017,200,9.35,20.78,137.6,7.33
R001430,W017,300,9.48,19.63,137.7,9.96
R001431,W017,400,9.63,18.05,140.4,10.27
R001432,W017,500,9.84,17.38,139.4,11.69
R001433,W017,600,9.95,20.37,131.9,11.26
R001434,W017,700,10.14,19.58,130.6,10.99
R001435,W017,800,10.16,16.88,128.5,14.47
R001436,W017,900,10.4,16.14,137.7,12.64
R001437,W017,1000,10.58,18.36,126.2,13.54
R001438,W017,1100,10.7,15.33,131.9,14.05
R001439,W017,1200,10.88,15.62,122.4,15.34
R001440,W017,1300,10.94,16.91,131.1,17.93
R001441,W017,1400,11.14,15.13,128.5,16.99
R001442,W017,1500,11.22,17.76,124.3,19.64
R001443,W017,1600,11.4,15.76,118.4,19.78
R001444,W017,1700,11.5,15.86,120.2,19.15
R001445,W017,1800,11.5,18.87,123.3,18.5
R001446,W017,1900,11.55,16.57,115.1,21.61
R001447,W017,2000,11.7,17.38,122.5,20.29
R001448,W017,2100,11.84,15.08,114.3,22.13
R001449,W017,2200,11.98,17.06,117.7,24.07
R001450,W017,2300,12.09,16.89,112.8,22.45
R001451,W017,2400,12.27,15.84,113.2,25.35
R001452,W017,2500,12.47,16.29,119.5,23.69
R001453,W017,2600,12.64,16.57,111.9,26.15
R001454,W017,2700,12.7,16,112.5,26.12
R001455,W017,2800,12.89,14.64,110.4,27.05
R001456,W017,2900,13.37,7.6,94.3,33.4
R001457,W017,3000,13.51,8.43,101.5,34.17
R001458,W017,3100,13.63,8.33,92.6,32.94
R001459,W017,3200,13.82,7.18,90.2,33.63
R001460,W018,100,9.1,30.43,138.8,5.7
R001461,W018,200,9.34,29.15,137.9,6.13
R001462,W018,300,9.44,30.65,146.8,8.34
R001463,W018,400,9.57,33.3,139,7.28
R001464,W018,500,9.67,33.1,144.4,8.2
R001465,W018,600,9.84,27.69,136.3,8.21
R001466,W018,700,9.94,33.08,137.8,9.43
R001467,W018,800,10.18,30.45,130.6,12.07
R001468,W018,900,10.2,28.97,140.8,10.8
R001469,W018,1000,10.59,18.52,130.5,13.49
R001470,W018,1100,10.65,18.51,128.9,15.46
R001471,W018,1200,10.8,15.84,120,16.23
R001472,W018,1300,10.95,17.65,122.3,15.62
R001473,W018,1400,11.11,15.9,123.8,19.1
R001474,W018,1500,11.3,15.14,127.2,18.01
R001475,W018,1600,11.34,16.09,116.6,20.21
R001476,W018,1700,11.54,16.88,125.3,18.87
R001477,W018,1800,11.61,14.6,119.4,20.32
R001478,W018,1900,11.87,13.12,119.8,21.03
R001479,W018,2000,11.87,13.69,119.2,22.46
R001480,W018,2100,12.02,13.65,119.8,22.12
R001481,W018,2200,11.99,16.37,120.5,23.4
R001482,W018,2300,12.24,15.31,110.5,22.75
R001483,W018,2400,12.38,16.9,115.8,22.99
R001484,W018,2500,12.45,16.84,108.3,25.08
R001485,W018,2600,12.6,14.92,115.7,27.22
R001486,W018,2700,12.79,15.35,105.1,28.02
R001487,W018,2800,12.92,13.67,109.7,27.95
R001488,W018,2900,13.06,13.79,111.4,28.68
R001489,W018,3000,13.09,13.74,102.6,28.6
R001490,W018,3100,13.25,12.72,103.9,29.87
R001491,W018,3200,13.43,12.33,108.6,31.39
R001492,W018,3300,13.55,14.38,101.2,30.66
R001493,W018,3400,13.65,13.48,96.5,30.81
R001494,W018,3500,14.2,6.47,90.2,37.57
R001495,W018,3600,14.42,7.49,84.6,36.79
R001496,W018,3700,14.55,6.9,92,38.73
R001497,W018,3800,14.62,6.22,86.1,39.68
R001498,W019,100,9.1,33.48,142.3,4.69
R001499,W019,200,9.22,30.06,142.5,5.05
R001500,W019,300,9.4,34,137,7.44
R001501,W019,400,9.57,35.14,144,9.49
R001502,W019,500,9.76,32.98,146,8.3
R001503,W019,600,9.78,29.52,137.6,10.86
R001504,W019,700,9.97,33.6,137.1,10.88
R001505,W019,800,10.1,27.87,139.6,11.09
R001506,W019,900,10.23,32.46,130.5,10.52
R001507,W019,1000,10.55,16.84,134.1,14.47
R001508,W019,1100,10.69,16.61,122.4,15.5
R001509,W019,1200,10.79,16.83,126.2,17.05
R001510,W019,1300,11.01,16.34,119.9,18.19
R001511,W019,1400,11.06,18.04,121,16.23
R001512,W019,1500,11.16,15.24,129.4,17.64
R001513,W019,1600,11.37,15.22,127.5,19.81
R001514,W019,1700,11.44,15.87,118.3,20.78
R001515,W019,1800,11.6,15.63,121.7,19.55
R001516,W019,1900,11.85,15.12,120.8,21.13
R001517,W019,2000,12.02,13.01,111.3,23.11
R001518,W019,2100,11.93,17.54,112.3,22.09
R001519,W019,2200,12.03,18.7,120.1,21.72
R001520,W019,2300,12.14,15.45,114.3,23.1
R001521,W019,2400,12.26,15.32,115.5,23.44
R001522,W019,2500,12.46,13.98,111.6,26.16
R001523,W019,2600,12.53,16.27,110.2,26.25
R001524,W019,2700,12.76,13.61,108.3,26.15
R001525,W019,2800,12.92,16.01,114.6,26.8
R001526,W019,2900,12.98,13.54,109.2,28.85
R001527,W019,3000,13.1,15.66,105.4,28.46
R001528,W019,3100,13.36,14.42,104.7,29.39
R001529,W019,3200,13.38,11.86,111,29.72
R001530,W019,3300,13.66,14.31,101.6,32.05
R001531,W019,3400,13.68,11.95,96.2,32.66
R001532,W019,3500,14.17,7.59,91.5,35.58
R001533,W019,3600,14.43,7.56,93.9,36.69
R001534,W019,3700,14.43,7.13,83.2,38.58
R001535,W019,3800,14.65,7.27,81.1,37.4
R001536,W020,100,9.12,36.53,143.5,4.59
R001537,W020,200,9.25,34.48,141.5,6.73
R001538,W020,300,9.49,36.08,139.4,7.45
R001539,W020,400,9.56,30.71,142,7.53
R001540,W020,500,9.65,34.4,136.3,8.79
R001541,W020,600,9.87,31.76,140.2,9.23
R001542,W020,700,10.05,28.16,133.3,10.28
R001543,W020,800,10.31,16.02,125.7,12.72
R001544,W020,900,10.45,18.71,127.4,13.08
R001545,W020,1000,10.5,15.52,133.4,16.05
R001546,W020,1100,10.71,18.08,130.4,15.35
R001547,W020,1200,10.86,15.14,127.5,15.17
R001548,W020,1300,10.88,17.68,123.8,16.74
R001549,W020,1400,11.05,17,126.9,17.6
R001550,W020,1500,11.23,14.39,126.1,18.41
R001551,W020,1600,11.38,17.13,117.9,17.76
R001552,W020,1700,11.55,16.6,115.8,18.42
R001553,W020,1800,11.66,16.01,116.8,20.26
R001554,W020,1900,11.78,13.55,112.5,21
R001555,W020,2000,11.74,16.93,115.7,20.07
R001556,W020,2100,11.96,18.42,121.4,22.32
R001557,W020,2200,12.01,18.39,118.6,24.04
R001558,W020,2300,12.22,17.36,116.1,23.13
R001559,W020,2400,12.27,14.28,114.9,23.73
R001560,W020,2500,12.37,13.95,118.9,24.9
R001561,W020,2600,12.58,17.09,116.6,25.6
R001562,W020,2700,12.75,13.43,116.5,27.87
R001563,W020,2800,12.88,15.29,108.6,28.05
R001564,W020,2900,13.06,13.49,103.3,27.4
R001565,W020,3000,13.1,14.59,100.5,28.28
R001566,W020,3100,13.32,14.18,105.7,28.9
R001567,W020,3200,13.76,8.2,90.9,34.28
R001568,W020,3300,14.01,7.38,92.8,33.61
R001569,W020,3400,14.12,7.27,93.5,34.87
R001570,W020,3500,14.28,7.08,86.4,37.66
R001571,W021,100,9.26,19.1,134.1,6.39
R001572,W021,200,9.43,18.26,133.4,8.15
R001573,W021,300,9.57,20.09,143.4,10.24
R001574,W021,400,9.67,17.72,131.6,9.2
R001575,W021,500,9.86,18.93,135.1,11.19
R001576,W021,600,9.93,16.94,136.7,11.05
R001577,W021,700,10.11,17.76,130.1,11.96
R001578,W021,800,10.24,18.89,132.2,12.71
R001579,W021,900,10.33,19.62,129.9,13.49
R001580,W021,1000,10.58,17.99,135.8,14.88
R001581,W021,1100,10.63,16.96,130.3,16.1
R001582,W021,1200,10.74,16.9,123.9,17.21
R001583,W021,1300,10.97,16.66,128.7,16.13
R001584,W021,1400,11.08,17.39,127.2,18.01
R001585,W021,1500,11.21,16.75,127.7,17.06
R001586,W021,1600,11.34,16.26,128.1,18.95
R001587,W021,1700,11.45,15.75,121.9,20.92
R001588,W021,1800,11.6,16.07,115.9,19.46
R001589,W021,1900,11.78,16.46,112.7,22.42
R001590,W021,2000,11.99,12.77,112.8,22.49
R001591,W021,2100,11.93,16.16,116,21.34
R001592,W021,2200,11.95,18.65,121.2,23.88
R001593,W021,2300,12.22,18.02,121.8,24.93
R001594,W021,2400,11.98,19.88,118.1,22.97
R001595,W021,2500,12.47,16.66,109.3,25.23
R001596,W021,2600,12.65,16.7,107.7,26.71
R001597,W021,2700,12.8,16.76,113.9,26.82
R001598,W021,2800,12.89,14.44,104.1,28.37
R001599,W021,2900,13.02,15.84,108.2,28.71
R001600,W021,3000,13.19,14.46,100.6,29.44
R001601,W021,3100,13.36,15.16,108.4,30.79
R001602,W021,3200,13.49,12.83,108.9,29.63
R001603,W021,3300,13.87,7.81,84.3,35.07
R001604,W021,3400,14.14,7.41,96,36.73
R001605,W021,3500,14.27,7.89,87.6,35.92
R001606,W022,100,9.27,21.74,135.8,6.84
R001607,W022,200,9.45,18.72,144.5,7.77
R001608,W022,300,9.53,19.21,139.6,8.13
R001609,W022,400,9.63,20.5,133.1,11.15
R001610,W022,500,9.84,20.41,137.9,9.81
R001611,W022,600,10,17.52,127.8,11.69
R001612,W022,700,10.1,17.55,133,12.76
R001613,W022,800,10.22,17.72,126.7,14.25
R001614,W022,900,10.4,15.21,127.1,12.78
R001615,W022,1000,10.46,17.73,127.3,15.75
R001616,W022,1100,10.61,15.87,133,15.87
R001617,W022,1200,10.79,15.03,120,16.37
R001618,W022,1300,10.95,15.68,130.6,15.58
R001619,W022,1400,11.13,15.89,129.2,17.05
R001620,W022,1500,11.25,17.52,130,17.42
R001621,W022,1600,11.32,13.97,128.2,20.53
R001622,W022,1700,11.57,15.02,121.1,19.5
R001623,W022,1800,11.73,16.38,115.6,21.36
R001624,W022,1900,11.78,14.32,114.9,21
R001625,W022,2000,11.97,15.24,114.2,21.84
R001626,W022,2100,12.16,15.07,112.7,22.94
R001627,W022,2200,12.02,14.85,112.7,23.22
R001628,W022,2300,12.25,17.24,118.4,22.42
R001629,W022,2400,12.35,16.75,107.1,23.63
R001630,W022,2500,12.41,13.97,114.1,24.48
R001631,W022,2600,12.54,16.92,110.7,24.82
R001632,W022,2700,12.71,16.09,109.2,25.61
R001633,W022,2800,12.91,15.13,114.9,28.61
R001634,W022,2900,13,13.19,107.3,27.07
R001635,W022,3000,13.18,14.82,101.8,27.73
R001636,W022,3100,13.35,12.23,110.9,29.8
R001637,W022,3200,13.42,13.69,102.8,31.59
R001638,W022,3300,13.56,14.55,96.6,30.92
R001639,W022,3400,13.65,14.07,94.5,32.13
R001640,W022,3500,14.25,7.42,86.5,36.81
R001641,W022,3600,14.41,7.83,92.2,37.4
R001642,W022,3700,14.55,6.52,79.3,38.05
R001643,W022,3800,14.6,6.77,85,39.68
R001644,W023,100,9.12,30.95,148.2,5.85
R001645,W023,200,9.33,35.17,143.3,7.47
R001646,W023,300,9.45,31.94,148.6,8.25
R001647,W023,400,9.64,29.68,144.6,7.1
R001648,W023,500,9.76,32.38,134,8.6
R001649,W023,600,9.82,30.47,143.2,8.19
R001650,W023,700,9.98,32.49,138.2,10.27
R001651,W023,800,10.17,29.43,134.7,10.74
R001652,W023,900,10.35,18.98,134.7,14.09
R001653,W023,1000,10.51,16.78,128,13.61
R001654,W023,1100,10.73,17.52,124.5,15.63
R001655,W023,1200,10.79,18.62,121.9,16.12
R001656,W023,1300,10.87,15.27,132.1,18.25
R001657,W023,1400,11.15,17.13,120.2,17.56
R001658,W023,1500,11.25,14.48,119.9,18.97
R001659,W023,1600,11.37,17.31,117.5,19.13
R001660,W023,1700,11.49,13.61,122.6,20.83
R001661,W023,1800,11.69,14.76,115.4,20.51
R001662,W023,1900,11.82,15.36,112.3,22.18
R001663,W023,2000,11.89,14.8,114.1,23.39
R001664,W023,2100,12.09,14.26,114.9,23.71
R001665,W023,2200,12.08,18.51,119.2,23.87
R001666,W023,2300,12.2,17.83,122.1,24.75
R001667,W023,2400,12.23,16.98,111.5,23.68
R001668,W023,2500,12.4,16.54,108.4,25.51
R001669,W023,2600,12.33,19.17,105.1,22.56
R001670,W023,2700,12.73,16.76,110,27.76
R001671,W023,2800,12.81,16.39,111.6,26.05
R001672,W023,2900,13.04,14.63,100.8,28.82
R001673,W023,3000,13.14,13.82,106.9,30.17
R001674,W023,3100,13.27,14.37,108.5,28.73
R001675,W023,3200,13.46,12.39,107,30.81
R001676,W023,3300,13.62,12.97,102.3,31.87
R001677,W023,3400,13.68,12.42,105.5,32.5
R001678,W023,3500,14.25,6.94,91.8,36.45
R001679,W023,3600,14.36,7.42,91.6,37.16
R001680,W023,3700,14.47,7.25,91.6,39.43
R001681,W023,3800,14.58,6.34,81.9,39.31
R001682,W024,100,9.21,19.31,144.7,9.01
R001683,W024,200,9.44,21.59,144.5,7.99
R001684,W024,300,9.47,17.03,141.7,7.89
R001685,W024,400,9.68,20.95,130.3,9.96
R001686,W024,500,9.89,18.26,132.1,11.25
R001687,W024,600,9.89,18.89,134.3,12.76
R001688,W024,700,10.11,15.49,139.2,12.31
R001689,W024,800,10.17,15.83,133.4,14.16
R001690,W024,900,10.37,19.6,134.7,12.83
R001691,W024,1000,10.54,19.29,133.6,13.87
R001692,W024,1100,10.64,17.94,133,14.79
R001693,W024,1200,10.8,15.66,130.4,16.98
R001694,W024,1300,10.98,18.07,124.2,15.75
R001695,W024,1400,11.11,16.22,124,18.16
R001696,W024,1500,11.23,15.76,124.7,19.16
R001697,W024,1600,11.32,15.68,117.2,18.9
R001698,W024,1700,11.54,16.46,114,20.56
R001699,W024,1800,11.72,15.21,117.6,20.59
R001700,W024,1900,11.74,15.05,122.9,20.91
R001701,W024,2000,11.98,15.75,122.1,22.84
R001702,W024,2100,12.16,15.43,115.5,23.8
R001703,W024,2200,11.99,18.12,113.9,23.22
R001704,W024,2300,12.19,17.09,109.3,22.66
R001705,W024,2400,12.27,15.4,113.9,25.27
R001706,W024,2500,12.46,16.97,106.2,26.1
R001707,W024,2600,12.35,15.97,112.9,24.7
R001708,W024,2700,12.69,14.03,109.4,25.11
R001709,W024,2800,12.82,13.04,106.1,26.29
R001710,W024,2900,12.97,14.24,109.2,28.68
R001711,W024,3000,13.16,14.49,107.2,28.6
R001712,W024,3100,13.23,12.63,106,29.64
R001713,W024,3200,13.37,12.63,106.7,29.74
R001714,W024,3300,13.51,13.33,105.6,30.29
R001715,W024,3400,13.79,13.77,96.1,32.46
R001716,W024,3500,13.8,12.42,95.8,33.96
R001717,W024,3600,14.3,6.48,92.5,37.14
R001718,W024,3700,14.56,7.41,89.8,37.83
R001719,W024,3800,14.72,6.88,86,38.13
R001720,W024,3900,14.74,6.15,82.7,40.7
R001721,W025,100,9.11,31.03,138.1,6.81
R001722,W025,200,9.32,32,147.6,6.54
R001723,W025,300,9.43,35.04,144.8,6.09
R001724,W025,400,9.56,35.23,143.8,8.33
R001725,W025,500,9.69,34.92,134,10.14
R001726,W025,600,9.88,31.68,139,11.06
R001727,W025,700,9.93,29.43,142,10.59
R001728,W025,800,10.31,16.26,128.2,12.11
R001729,W025,900,10.4,17.2,137.1,13.45
R001730,W025,1000,10.59,15.47,126.8,14.29
R001731,W025,1100,10.64,18.84,125.6,16.17
R001732,W025,1200,10.73,16.86,129.5,16.73
R001733,W025,1300,10.94,14.48,119.1,15.66
R001734,W025,1400,11.13,16.96,118,17.72
R001735,W025,1500,11.22,17.6,127.1,18.55
R001736,W025,1600,11.29,16.18,119.5,19.39
R001737,W025,1700,11.57,14.81,127.1,18.49
R001738,W025,1800,11.69,16.49,125.1,20.45
R001739,W025,1900,11.76,13.61,121.3,21.12
R001740,W025,2000,11.79,19.32,116.1,19.78
R001741,W025,2100,11.9,17.12,121.6,22.85
R001742,W025,2200,12.05,16.33,119.3,21.63
R001743,W025,2300,12.22,16,116.1,24.38
R001744,W025,2400,12.23,17.38,113.4,23.32
R001745,W025,2500,12.52,14.07,107.1,26.4
R001746,W025,2600,12.54,14.69,105.2,24.27
R001747,W025,2700,12.71,13.95,105.4,25.07
R001748,W025,2800,12.92,13.26,115.8,28.25
R001749,W025,2900,13.04,12.84,103.4,28.68
R001750,W025,3000,13.12,13.97,106.7,27.8
R001751,W025,3100,13.32,14.53,104,29.68
R001752,W025,3200,13.74,8.17,97.8,34.05
R001753,W025,3300,13.9,7.82,92.1,34.72
R001754,W025,3400,14.11,7.06,83.3,34.78
R001755,W025,3500,14.15,7.22,85,37.27
R001756,W026,100,9.26,21.15,143.8,8.42
R001757,W026,200,9.39,21.42,134,9.21
R001758,W026,300,9.56,20.99,141.1,9.52
R001759,W026,400,9.68,17.35,137.8,10.05
R001760,W026,500,9.79,18.04,137.4,11.62
R001761,W026,600,10.03,18.29,127.5,12.66
R001762,W026,700,10.04,18.08,139.3,12.25
R001763,W026,800,10.3,16.46,129.2,12.9
R001764,W026,900,10.32,18.95,124.6,14.73
R001765,W026,1000,10.6,16.76,128.5,15.18
R001766,W026,1100,10.66,16.01,122.7,15.59
R001767,W026,1200,10.81,16.86,133.8,17.47
R001768,W026,1300,10.9,15.99,131.8,17.07
R001769,W026,1400,11.03,17.36,119.5,18.86
R001770,W026,1500,11.23,16.84,130,17.11
R001771,W026,1600,11.35,13.9,126.5,19.71
R001772,W026,1700,11.58,16.14,117,20.88
R001773,W026,1800,11.6,15.31,114.4,21.05
R001774,W026,1900,11.61,16.48,115.1,19.98
R001775,W026,2000,11.71,18.26,112.5,21.93
R001776,W026,2100,11.88,18.82,111.5,21.95
R001777,W026,2200,11.98,17.44,117,23.99
R001778,W026,2300,12.24,17.21,113.2,24.87
R001779,W026,2400,12.27,17.04,116.5,24.81
R001780,W026,2500,12.4,15.94,106.3,24.98
R001781,W026,2600,12.63,15.61,106.5,25.95
R001782,W026,2700,12.67,15.05,116.8,27.5
R001783,W026,2800,12.89,15.06,105.4,28.12
R001784,W026,2900,13.1,14.54,112.3,27.01
R001785,W026,3000,13.09,15.1,101.6,30.23
R001786,W026,3100,13.7,8.76,90.4,33.65
R001787,W026,3200,13.85,6.98,86.4,35.05
R001788,W026,3300,13.91,7.32,93.8,35.41
R001789,W026,3400,14.01,7.97,88.9,36.72
R001790,W027,100,9.14,32.26,141.4,5.82
R001791,W027,200,9.3,29.13,139.8,6.66
R001792,W027,300,9.49,31.51,146.5,6.85
R001793,W027,400,9.63,28.94,146.2,7.99
R001794,W027,500,9.79,33.46,133.2,9.76
R001795,W027,600,9.87,30.57,142.1,8.09
R001796,W027,700,10.06,33.87,136.8,8.82
R001797,W027,800,10.09,28.54,131.1,10.31
R001798,W027,900,10.31,19.39,133.8,13.58
R001799,W027,1000,10.47,18.65,129.8,15.33
R001800,W027,1100,10.6,15.95,128.8,14.65
R001801,W027,1200,10.81,15.47,123.1,17.09
R001802,W027,1300,10.89,15.88,127.5,15.59
R001803,W027,1400,11.14,15.87,122.7,16.17
R001804,W027,1500,11.2,16.1,127.4,17.09
R001805,W027,1600,11.29,15.58,119.4,18.58
R001806,W027,1700,11.46,16.39,122.1,19.4
R001807,W027,1800,11.6,13.97,113.7,20.28
R001808,W027,1900,11.72,13.34,115.6,22.93
R001809,W027,2000,11.93,14.44,114.4,21.98
R001810,W027,2100,12.03,15.7,111.4,21.87
R001811,W027,2200,12.02,18.73,122.9,23.02
R001812,W027,2300,12.22,15.63,108.5,24.98
R001813,W027,2400,12.24,16.59,116.4,25.28
R001814,W027,2500,12.44,16.09,111.8,25.03
R001815,W027,2600,12.61,14.06,118.1,27.05
R001816,W027,2700,12.75,14.18,114.4,26.75
R001817,W027,2800,12.86,13.66,108.3,26.41
R001818,W027,2900,13.08,15.23,108.1,26.85
R001819,W027,3000,13.14,12.92,111.4,28.01
R001820,W027,3100,13.36,14.86,109.2,30.83
R001821,W027,3200,13.49,12.18,105.5,29.5
R001822,W027,3300,13.6,13.63,106.7,31.2
R001823,W027,3400,13.66,11.57,99.6,32.42
R001824,W027,3500,14.19,7.35,92.5,35.42
R001825,W027,3600,14.37,7.23,89.3,36.34
R001826,W027,3700,14.33,7.54,83.9,39.54
R001827,W027,3800,14.66,6.83,88.1,39.96
R001828,W028,100,9.17,19.47,135.2,8.57
R001829,W028,200,9.34,19.4,143.8,9.29
R001830,W028,300,9.6,19.91,139.1,8.31
R001831,W028,400,9.69,20.94,131.2,10.66
R001832,W028,500,9.81,19.53,133.2,9.59
R001833,W028,600,9.95,17.6,135.9,11.41
R001834,W028,700,10.09,17.1,130.3,12.36
R001835,W028,800,10.22,18.57,137.7,12.51
R001836,W028,900,10.33,15.57,125.8,14.31
R001837,W028,1000,10.48,17.42,135.2,15.05
R001838,W028,1100,10.62,18.92,134.1,15.48
R001839,W028,1200,10.76,17.5,132.5,15.82
R001840,W028,1300,10.92,17.49,120,16.9
R001841,W028,1400,11.01,15.29,130.6,17.16
R001842,W028,1500,11.29,16.98,118.2,17.6
R001843,W028,1600,11.31,15.51,125.2,17.69
R001844,W028,1700,11.48,14.32,114.4,21.24
R001845,W028,1800,11.69,13.35,120.3,20.56
R001846,W028,1900,11.83,13.01,115.9,22.79
R001847,W028,2000,11.78,15.86,121.9,21.94
R001848,W028,2100,11.8,15.88,113.7,22.12
R001849,W028,2200,12.1,16.28,110.9,22.39
R001850,W028,2300,12.15,16.27,120.1,23.15
R001851,W028,2400,12.36,17.42,113.9,23.84
R001852,W028,2500,12.39,13.9,113.3,25.9
R001853,W028,2600,12.64,16.52,107.6,25.3
R001854,W028,2700,12.67,13.88,109.1,26.59
R001855,W028,2800,12.83,13.49,103.2,27.02
R001856,W028,2900,13.06,15.8,109.7,29.09
R001857,W028,3000,13.09,15.54,104.5,29.91
R001858,W028,3100,13.52,8.19,96,33.04
R001859,W028,3200,13.72,8.29,87,35.24
R001860,W028,3300,13.93,8.06,86.6,35.36
R001861,W028,3400,14.12,7.89,88.4,35.17
R001862,W029,100,9.08,30.25,145.4,6.75
R001863,W029,200,9.32,34.35,137.9,6.03
R001864,W029,300,9.5,30.64,142.2,7.6
R001865,W029,400,9.6,33.05,147.5,9.34
R001866,W029,500,9.71,33.73,134.5,7.41
R001867,W029,600,9.88,29.97,136.6,9.52
R001868,W029,700,10.03,27.51,136.8,11.21
R001869,W029,800,10.18,31.9,135.1,11.38
R001870,W029,900,10.32,17.22,131,12.62
R001871,W029,1000,10.56,16.64,134.7,15.39
R001872,W029,1100,10.7,17.57,134,15.55
R001873,W029,1200,10.77,18.38,132.1,16.01
R001874,W029,1300,10.99,16.83,119.8,18.01
R001875,W029,1400,11.13,15.98,118.1,16.74
R001876,W029,1500,11.23,15.05,130.2,17.18
R001877,W029,1600,11.3,15.49,127.4,19.6
R001878,W029,1700,11.59,15.8,126.9,21.32
R001879,W029,1800,11.58,13.81,122.6,19.75
R001880,W029,1900,11.61,16.59,125.9,20.03
R001881,W029,2000,11.81,19.06,120.5,20.04
R001882,W029,2100,11.89,16.88,120.7,23.44
R001883,W029,2200,12.06,17.8,122.7,21.94
R001884,W029,2300,12.14,16.01,117,22.53
R001885,W029,2400,12.24,16.85,119.4,25.67
R001886,W029,2500,12.42,15.87,117.1,25.13
R001887,W029,2600,12.64,16.56,111,24.26
R001888,W029,2700,12.72,15.31,115.9,26
R001889,W029,2800,12.92,15.45,103,28.2
R001890,W029,2900,13,14.41,111,29.51
R001891,W029,3000,13.15,12.88,103,29.5
R001892,W029,3100,13.7,7.42,90.4,34.87
R001893,W029,3200,13.66,9.2,94.8,34.64
R001894,W029,3300,13.96,8.4,86.6,35.17
R001895,W030,100,9.1,36.57,144.3,4.32
R001896,W030,200,9.33,34.74,150.4,6.99
R001897,W030,300,9.42,31.92,142.5,6.16
R001898,W030,400,9.56,33.82,142.2,9.27
R001899,W030,500,9.77,33.83,142.7,8.92
R001900,W030,600,9.92,30.22,142.9,8.88
R001901,W030,700,9.97,28.51,130.4,9.08
R001902,W030,800,10.31,19.36,131.8,12.66
R001903,W030,900,10.32,14.94,121,13.36
R001904,W030,1000,10.56,16.28,127.4,13.38
R001905,W030,1100,10.69,18.9,134.9,16.04
R001906,W030,1200,10.77,17.81,128.8,15.92
R001907,W030,1300,10.94,17.78,122.2,17.08
R001908,W030,1400,11.07,17.09,120.3,17.5
R001909,W030,1500,11.26,14.72,129.9,18.66
R001910,W030,1600,11.4,18.03,126.5,19.46
R001911,W030,1700,11.49,16.35,115.9,18.95
R001912,W030,1800,11.47,16.79,114.7,20.81
R001913,W030,1900,11.66,17.74,124.1,19.18
R001914,W030,2000,11.72,18.5,116.9,21.4
R001915,W030,2100,11.94,15.24,115.1,20.56
R001916,W030,2200,12.03,15.76,117.3,21.92
R001917,W030,2300,12.17,17.3,111.4,24.24
R001918,W030,2400,12.38,14.72,120.8,23.25
R001919,W030,2500,12.46,16.85,118.1,25.94
R001920,W030,2600,12.66,16.98,117.1,27.12
R001921,W030,2700,12.72,14.12,111.6,27.37
R001922,W030,2800,12.85,13.58,111.5,28.21
R001923,W030,2900,13.44,8.12,95.2,30.58
R001924,W030,3000,13.54,7.64,92.4,33.25
R001925,W030,3100,13.65,8.39,88.9,32.83
R001926,W030,3200,13.8,7.65,89.6,35.78
R001927,W031,175,9.23,31.52,147.6,5.51
R001928,W031,350,9.43,33.61,139.8,8.56
R001929,W031,525,9.75,33.64,140.2,9.44
R001930,W031,700,10.01,34.01,141.9,10.63
R001931,W031,875,10.23,28.88,141.9,12.31
R001932,W031,1050,10.67,17.33,129.8,16.39
R001933,W031,1225,10.88,16.87,132.6,16.76
R001934,W031,1400,11.15,16.46,120.1,19.08
R001935,W031,1575,11.36,15.54,123.6,20.06
R001936,W031,1750,11.65,17,119.5,20.4
R001937,W031,1925,11.82,13.47,117.5,22.49
R001938,W031,2100,12.13,12.96,120.4,21.96
R001939,W031,2275,12.1,14.6,116.8,22.53
R001940,W031,2450,12.43,14.69,111,25.71
R001941,W031,2625,12.67,14.39,106.9,25.34
R001942,W031,2800,12.89,14.35,113.8,27.01
R001943,W031,2975,13.06,14.18,101.8,28.08
R001944,W031,3150,13.37,14.64,99.3,31.05
R001945,W031,3325,13.56,12.03,104.6,31.21
R001946,W031,3500,13.93,11.72,101,33.74
R001947,W031,3675,14.42,7.65,85.7,36.92
R001948,W031,3850,14.73,6.56,79,38.59
R001949,W032,175,9.31,31.29,141.5,5.7
R001950,W032,350,9.58,32.91,137.8,8.28
R001951,W032,525,9.82,28.46,138.3,9.02
R001952,W032,700,9.99,27.72,143.2,11.36
R001953,W032,875,10.29,19.14,129.9,13.28
R001954,W032,1050,10.55,18.25,130.9,13.93
R001955,W032,1225,10.81,17.94,121.3,15.98
R001956,W032,1400,11.09,14.46,127.6,16.97
R001957,W032,1575,11.28,16.81,116.7,20.46
R001958,W032,1750,11.57,14.94,117.1,19.71
R001959,W032,1925,11.82,13.88,105.7,22.67
R001960,W032,2100,12.09,13.05,110.9,22.19
R001961,W032,2275,12.09,17.81,118.2,23.21
R001962,W032,2450,12.4,15.37,114,25.9
R001963,W032,2625,12.67,16.43,108.7,26.85
R001964,W032,2800,12.92,14.4,105.1,27.9
R001965,W032,2975,13.14,14.43,103.1,29.33
R001966,W032,3150,13.32,12.93,100.1,29.17
R001967,W032,3325,13.61,14.34,105.9,30.23
R001968,W032,3500,14.16,7.67,85.5,37.67
R001969,W032,3675,14.47,7.03,80.9,36.63
R001970,W033,175,9.28,34.78,145.6,5.28
R001971,W033,350,9.57,31.81,143.3,7.78
R001972,W033,525,9.79,35.25,136.5,7.94
R001973,W033,700,10,29,143.3,11.1
R001974,W033,875,10.28,32.92,130.9,11.57
R001975,W033,1050,10.52,16.52,134.7,14.75
R001976,W033,1225,10.81,15.08,124.9,16.12
R001977,W033,1400,11.11,16.56,122.6,18.11
R001978,W033,1575,11.37,13.7,107.8,18.91
R001979,W033,1750,11.57,15.51,115,18.9
R001980,W033,1925,11.8,13.69,117.4,21.94
R001981,W033,2100,12.09,15.67,122.2,22.8
R001982,W033,2275,12.06,16.02,111.9,24.59
R001983,W033,2450,12.45,14.01,118.5,24.17
R001984,W033,2625,12.62,14.47,108.5,25.35
R001985,W033,2800,12.95,16.39,110,26.06
R001986,W033,2975,13.18,14.72,112.3,30.05
R001987,W033,3150,13.3,13.29,100.1,29.57
R001988,W033,3325,13.68,13.15,96.9,30.64
R001989,W033,3500,13.91,11.68,94.2,31.54
R001990,W033,3675,14.53,7.08,86.5,39.27
R001991,W033,3850,14.68,6.61,86.3,39.17
R001992,W034,175,9.3,17.21,144.2,7.14
R001993,W034,350,9.65,16.89,136.9,8.21
R001994,W034,525,9.9,18.91,135.8,10.25
R001995,W034,700,10.1,20.08,132.3,11.74
R001996,W034,875,10.35,18.42,134.4,12.98
R001997,W034,1050,10.63,17.93,132.6,14.84
R001998,W034,1225,10.76,15.3,131.6,15.11
R001999,W034,1400,11.05,16.61,118.2,18.83
R002000,W034,1575,11.3,13.85,127.7,19.62
R002001,W034,1750,11.66,14.1,117.2,19.03
R002002,W034,1925,11.79,14.73,124.1,20.79
R002003,W034,2100,11.84,19.11,118.8,21.09
R002004,W034,2275,12.19,15.22,117.6,24.47
R002005,W034,2450,12.41,14.22,111.5,24.57
R002006,W034,2625,12.67,15.81,104.9,27.1
R002007,W034,2800,12.93,13.42,110.7,27.52
R002008,W034,2975,13.12,15.81,105.3,30.09
R002009,W034,3150,13.32,13.62,108.5,28.62
R002010,W034,3325,13.96,8.28,89.3,36.64
R002011,W034,3500,14.21,6.53,82.7,36.33
R002012,W035,175,9.39,18.67,134.8,8.91
R002013,W035,350,9.65,21.17,134.4,10.94
R002014,W035,525,9.87,20.43,141.7,9.93
R002015,W035,700,10.03,17.58,138.6,11.6
R002016,W035,875,10.42,15.72,132.4,12.68
R002017,W035,1050,10.61,18.53,134,14.31
R002018,W035,1225,10.8,15.06,125.5,17.44
R002019,W035,1400,11.13,17.11,118.5,17.2
R002020,W035,1575,11.31,17.04,127,19.18
R002021,W035,1750,11.6,16.63,119,21.7
R002022,W035,1925,11.9,13.14,122.8,21.43
R002023,W035,2100,12.09,12.75,115.9,22.85
R002024,W035,2275,12.07,18.28,109.4,23.46
R002025,W035,2450,12.33,15.16,114.7,26.01
R002026,W035,2625,12.64,13.89,113.2,26.3
R002027,W035,2800,12.81,13.93,114.1,27.06
R002028,W035,2975,13.18,11.61,92.5,29.56
R002029,W035,3150,13.35,15.16,108.9,29.87
R002030,W035,3325,13.63,13.67,99.3,30.06
R002031,W035,3500,14.22,7.91,94.4,37.75
R002032,W035,3675,14.41,7.34,81.9,38.96
R002033,W036,175,9.38,18.65,139.2,9.44
R002034,W036,350,9.67,18.95,134.4,9.27
R002035,W036,525,9.89,19.59,131.9,11.74
R002036,W036,700,10.02,19.56,135.1,13.01
R002037,W036,875,10.34,16.75,127.3,12.81
R002038,W036,1050,10.53,16.47,128.8,13.84
R002039,W036,1225,10.91,16.39,130,16.05
R002040,W036,1400,11.06,17.73,118.1,17.41
R002041,W036,1575,11.4,17.53,117.2,19.08
R002042,W036,1750,11.38,18.16,126.1,20.23
R002043,W036,1925,11.63,18.18,122.9,20.65
R002044,W036,2100,11.83,17.43,115.8,21.96
R002045,W036,2275,12.13,15.13,116,22.71
R002046,W036,2450,12.37,15.68,108.2,24.08
R002047,W036,2625,12.56,16.23,111,26.37
R002048,W036,2800,12.87,14.69,102.6,28.41
R002049,W036,2975,13.47,7.99,91.7,31.63
R002050,W036,3150,13.74,7.4,94.3,34.77
R002051,W037,175,9.29,37.15,140.5,7.53
R002052,W037,350,9.53,33.7,140.5,8.58
R002053,W037,525,9.79,32.06,140.8,8.84
R002054,W037,700,10.05,33.27,139.9,9.37
R002055,W037,875,10.41,17.79,128,14.42
R002056,W037,1050,10.58,16.57,134,14.66
R002057,W037,1225,10.77,15.96,123.1,17.81
R002058,W037,1400,11.04,17.65,118.6,17.48
R002059,W037,1575,11.37,15.91,129.3,18.83
R002060,W037,1750,11.6,16.92,121.7,18.95
R002061,W037,1925,11.78,16.35,123.4,22.75
R002062,W037,2100,11.81,15.67,112.1,21.82
R002063,W037,2275,12.05,18.07,112.6,23.1
R002064,W037,2450,12.31,16.3,111.2,23.69
R002065,W037,2625,12.69,16.71,107.2,27.07
R002066,W037,2800,12.82,14.3,110.5,26.78
R002067,W037,2975,13.17,14.32,113.2,27.76
R002068,W037,3150,13.74,7.92,97,34.34
R002069,W037,3325,13.95,7.42,90.8,36.28
R002070,W038,175,9.29,31.64,147.3,7.61
R002071,W038,350,9.49,32.68,136.9,6.43
R002072,W038,525,9.77,30.74,138.1,9
R002073,W038,700,9.98,28.65,135.4,11.33
R002074,W038,875,10.4,16.4,125.4,14
R002075,W038,1050,10.53,17.36,126,14.86
R002076,W038,1225,10.77,17.39,126.9,16.95
R002077,W038,1400,11.02,15.46,117.9,18.36
R002078,W038,1575,11.35,13.96,122,18.75
R002079,W038,1750,11.65,16.32,122.8,21.3
R002080,W038,1925,11.68,16.24,117.4,19.31
R002081,W038,2100,11.86,16.63,121.5,21.95
R002082,W038,2275,12.17,17.05,122.3,22.02
R002083,W038,2450,12.35,17.41,119.2,23.34
R002084,W038,2625,12.6,14.66,117.8,25.14
R002085,W038,2800,12.86,14.51,105.7,27.85
R002086,W038,2975,13.46,8.97,99.6,33.67
R002087,W038,3150,13.79,8.66,95.4,34.1
R002088,W039,175,9.3,29.97,137.6,5.01
R002089,W039,350,9.53,35.19,147.5,9.13
R002090,W039,525,9.7,28.69,144.1,8.92
R002091,W039,700,10.13,17.97,128.4,12.99
R002092,W039,875,10.28,16.2,131.8,13.6
R002093,W039,1050,10.51,18.14,126.8,14.09
R002094,W039,1225,10.8,16.56,121.7,16.86
R002095,W039,1400,11.13,17.28,117.9,16.6
R002096,W039,1575,11.33,16.94,122.2,20.28
R002097,W039,1750,11.59,14.97,123.4,20.96
R002098,W039,1925,11.65,19.25,121.3,21.75
R002099,W039,2100,11.89,18.35,116.2,21.48
R002100,W039,2275,12.08,18.06,113.2,23.45
R002101,W039,2450,12.32,17.46,108.3,23.77
R002102,W039,2625,12.62,16.25,110.9,25.59
R002103,W039,2800,12.84,15.77,103.1,27.31
R002104,W039,2975,13.55,8.97,96.6,32.44
R002105,W039,3150,13.79,8.48,90,33.58
R002106,W040,175,9.18,36.45,141.5,6.9
R002107,W040,350,9.55,31.92,138.4,7.01
R002108,W040,525,9.68,32.02,135.8,9.53
R002109,W040,700,9.97,29.4,142.1,8.85
R002110,W040,875,10.38,17.54,138,13.53
R002111,W040,1050,10.51,18.02,127.8,14.74
R002112,W040,1225,10.89,15.79,125.5,17.17
R002113,W040,1400,11.1,14.75,130.9,16.66
R002114,W040,1575,11.3,16.83,126.2,20.29
R002115,W040,1750,11.52,14.7,119.6,20.28
R002116,W040,1925,11.62,18.06,126.7,19.64
R002117,W040,2100,11.9,17.78,121.8,22.19
R002118,W040,2275,12.2,15.24,116.8,23.85
R002119,W040,2450,12.38,15.75,118.9,25.36
R002120,W040,2625,12.59,15.89,114.5,25.86
R002121,W040,2800,12.95,13.66,114.9,26.87
R002122,W040,2975,13.4,8.8,99.1,32.55
R002123,W040,3150,13.71,7.44,99,33.65
R002124,W041,175,9.17,36.46,146.6,6
R002125,W041,350,9.56,28.85,148.5,7.07
R002126,W041,525,9.77,28.38,132.5,8.8
R002127,W041,700,10,30.68,137.4,11.48
R002128,W041,875,10.37,19.01,126.3,13.46
R002129,W041,1050,10.55,15.33,131.9,13.98
R002130,W041,1225,10.78,15.09,122.6,16.37
R002131,W041,1400,11.14,15.86,123.7,17.77
R002132,W041,1575,11.3,14.45,120.2,18.2
R002133,W041,1750,11.55,16.28,117.7,20.52
R002134,W041,1925,11.71,16.64,125.7,21.14
R002135,W041,2100,11.94,15.86,118,22.92
R002136,W041,2275,12.09,15.8,116.5,22.79
R002137,W041,2450,12.32,15.07,111.7,23.49
R002138,W041,2625,12.62,15.67,105,26.8
R002139,W041,2800,12.85,15.63,102.4,27.07
R002140,W041,2975,13.18,12.76,113.4,28.74
R002141,W041,3150,13.74,7.06,93.5,32.78
R002142,W041,3325,13.91,8.49,96.5,34.4
R002143,W042,175,9.28,33.04,138.7,5.22
R002144,W042,350,9.49,34.56,138.2,6.33
R002145,W042,525,9.78,32.65,142,8.35
R002146,W042,700,9.94,29.54,138.9,10
R002147,W042,875,10.34,16.05,129.8,13.25
R002148,W042,1050,10.55,18.02,135.7,14.13
R002149,W042,1225,10.88,18.63,122,16.15
R002150,W042,1400,11.01,14.57,119.1,17.76
R002151,W042,1575,11.28,14.58,118.2,20.23
R002152,W042,1750,11.51,14.86,115.6,21.42
R002153,W042,1925,11.64,18.35,118.2,21.64
R002154,W042,2100,11.9,18.59,113.6,23.3
R002155,W042,2275,12.07,18.06,116.8,24.5
R002156,W042,2450,12.44,16.88,116.6,24.65
R002157,W042,2625,12.62,16.31,107.6,24.67
R002158,W042,2800,12.91,13.09,112.4,28.54
R002159,W042,2975,13.51,7.63,97.9,31.82
R002160,W042,3150,13.8,7.64,96.2,34.44
R002161,W043,175,9.19,29.54,142.1,6.04
R002162,W043,350,9.49,29.14,148.1,7.57
R002163,W043,525,9.79,29.58,136.6,10.34
R002164,W043,700,9.94,33.25,132.3,10.54
R002165,W043,875,10.38,15.62,134.1,12.68
R002166,W043,1050,10.63,16.09,130.1,14.57
R002167,W043,1225,10.84,18.1,126.5,16.27
R002168,W043,1400,11.01,14.78,121.9,16.2
R002169,W043,1575,11.27,14.69,128.7,17.65
R002170,W043,1750,11.56,16.95,120.1,19.46
R002171,W043,1925,11.79,12.97,116.4,21.88
R002172,W043,2100,12.06,14.33,122.5,22.29
R002173,W043,2275,12.13,16.71,116.6,21.91
R002174,W043,2450,12.36,17.51,114.1,23.7
R002175,W043,2625,12.61,13.7,112.4,26.2
R002176,W043,2800,12.93,14.59,109.1,28.5
R002177,W043,2975,13.08,13.79,113.3,28.52
R002178,W043,3150,13.38,12.35,98.9,28.53
R002179,W043,3325,13.64,11.69,99.8,30.94
R002180,W043,3500,14.19,6.54,86.7,35.33
R002181,W043,3675,14.48,6.43,87.4,36.9
R002182,W043,3850,14.75,7.1,83,37.92
R002183,W044,175,9.2,37.03,144.5,7.5
R002184,W044,350,9.42,35.93,135.9,8.39
R002185,W044,525,9.72,34.54,132.7,7.75
R002186,W044,700,10.16,19.92,139.3,12.17
R002187,W044,875,10.42,19.45,135.5,12.91
R002188,W044,1050,10.59,18.93,126.1,16.15
R002189,W044,1225,10.84,18.29,120.1,17.16
R002190,W044,1400,11.12,16.42,119.1,18.73
R002191,W044,1575,11.37,15.15,119.1,17.68
R002192,W044,1750,11.51,13.92,126.5,20.59
R002193,W044,1925,11.57,15.54,116.1,20.06
R002194,W044,2100,11.94,17.14,110.9,22.91
R002195,W044,2275,12.11,14.92,113.8,24.21
R002196,W044,2450,12.42,16.6,119.4,23.65
R002197,W044,2625,12.68,14.66,105.6,27.2
R002198,W044,2800,12.86,13.43,114.2,28.55
R002199,W044,2975,13.5,7.9,88.1,31.16
R002200,W044,3150,13.74,8.32,88.5,35.32
R002201,W045,25,9.07,34.88,150.6,4.47
R002202,W045,50,9.07,35.34,149.7,4.99
R002203,W045,75,9.06,30.04,147.5,5.22
R002204,W045,100,9.13,37.36,146.6,5.65
R002205,W045,125,9.23,34.63,140.8,4.85
R002206,W045,150,9.19,30.16,146.8,6.47
R002207,W045,175,9.27,29.93,150.3,6.32
R002208,W045,200,9.21,35.58,147.6,7
R002209,W045,225,9.37,31.43,143.1,7.96
R002210,W045,250,9.36,34.96,137.1,7.06
R002211,W045,275,9.43,31.87,148.6,7.58
R002212,W045,300,9.41,32.05,140.2,6.49
R002213,W045,325,9.52,33.42,135.6,8.6
R002214,W045,350,9.45,30.07,147,7.89
R002215,W045,375,9.59,31.01,139.1,9.25
R002216,W045,400,9.56,31.76,138.1,7.2
R002217,W045,425,9.65,28.82,146.6,7.41
R002218,W045,450,9.58,33.85,133.9,8.44
R002219,W045,475,9.59,34.56,145.1,8.35
R002220,W045,500,9.77,31.78,140.2,9.56
R002221,W045,525,9.68,29.56,134.4,8.9
R002222,W045,550,9.77,28.81,134.6,8.72
R002223,W045,575,9.82,31.89,138.9,9.34
R002224,W045,600,9.82,30.35,142.9,9.99
R002225,W045,625,9.77,22.69,133.9,11.84
R002226,W045,650,9.82,19.46,141,12.36
R002227,W045,675,9.79,23.98,134.7,10.06
R002228,W045,700,9.98,22.18,140.7,10.58
R002229,W045,725,10.05,20.32,134.7,10.18
R002230,W045,750,10.01,20.29,135.4,10.42
R002231,W045,775,10.06,22.1,132.7,10.42
R002232,W045,800,10.08,22.78,127.6,11.87
R002233,W045,825,10.12,20.62,136,11.9
R002234,W045,850,10.05,20.07,136.9,11.96
R002235,W045,875,10.08,21.65,130.4,12.34
R002236,W045,900,10.16,22.68,131.4,12.68
R002237,W045,925,10.2,20.54,129.8,12.39
R002238,W045,950,10.3,21.98,132,14.33
R002239,W045,975,10.34,18.29,125.3,12.15
R002240,W045,1000,10.26,20.43,138.2,13.99
R002241,W045,1025,10.41,20.73,126,15.12
R002242,W045,1050,10.32,22.57,135.2,13.17
R002243,W045,1075,10.49,19.09,129.2,14.25
R002244,W045,1100,10.46,20.03,130,13.92
R002245,W045,1125,10.48,20.59,134.3,16.01
R002246,W045,1150,10.46,20.13,135.9,14.48
R002247,W045,1175,10.59,21.07,122.3,14.25
R002248,W045,1200,10.57,20.94,135.9,14.82
R002249,W045,1225,10.68,21.01,133.8,16.13
R002250,W045,1250,10.66,21.39,122.1,14.22
R002251,W045,1275,10.78,22.15,123.5,15.04
R002252,W045,1300,10.68,21.65,122.2,16.67
R002253,W045,1325,10.85,20.59,123.6,14.98
R002254,W045,1350,10.74,17.86,124.1,15.24
R002255,W045,1375,10.78,18.84,120.4,17.13
R002256,W045,1400,10.85,19.23,121.2,16.41
R002257,W045,1425,10.91,18.83,132,18.18
R002258,W045,1450,10.93,17.23,121.8,15.59
R002259,W045,1475,10.94,18.86,120.7,16.06
R002260,W045,1500,11.07,17.48,125.8,16.14
R002261,W045,1525,11.01,19.19,130.2,17.1
R002262,W045,1550,11.05,20.32,119.7,16.68
R002263,W045,1575,11.13,17.74,127,17.91
R002264,W045,1600,11.22,18.08,125.7,19.44
R002265,W045,1625,11.24,20.37,126.2,17.12
R002266,W045,1650,11.29,16.5,120.7,18.32
R002267,W045,1675,11.32,19.43,126.4,19.11
R002268,W045,1700,11.26,19.5,118.5,19.14
R002269,W045,1725,11.3,17.6,126.8,20.08
R002270,W045,1750,11.33,18.18,124.4,17.88
R002271,W045,1775,11.7,15.15,118.7,20.9
R002272,W045,1800,11.68,14.05,123.2,21.2
R002273,W045,1825,11.77,13.36,118.2,20.43
R002274,W045,1850,11.72,15.08,120.1,21.85
R002275,W045,1875,11.73,16.26,119.2,20.67
R002276,W045,1900,11.81,13.66,115.6,20.1
R002277,W045,1925,11.78,16.33,114.2,20.19
R002278,W045,1950,11.92,15.82,115.1,21.2
R002279,W045,1975,11.85,14.44,120.7,23.1
R002280,W045,2000,11.87,15.44,123.4,23.68
R002281,W045,2025,12.01,15.62,117.3,21.5
R002282,W045,2050,12.02,13.94,113.8,23.22
R002283,W045,2075,12.09,14.27,116.9,23.35
R002284,W045,2100,12.12,11.46,98.8,23.87
R002285,W045,2125,12.07,14.4,115.5,25.58
R002286,W045,2150,12.15,13,115.1,24.13
R002287,W045,2175,12.26,15,110.6,23.72
R002288,W045,2200,12.24,13.12,114.4,25.15
R002289,W045,2225,12.21,14.13,119.8,24.93
R002290,W045,2250,12.28,15.26,118.7,22.64
R002291,W045,2275,12.39,15.11,107.7,24.64
R002292,W045,2300,12.44,15.07,119.9,25.73
R002293,W045,2325,12.42,12.13,119.2,23.42
R002294,W045,2350,12.5,15.06,119,23.81
R002295,W045,2375,12.55,13.26,105.4,25.65
R002296,W045,2400,12.47,14.68,110.7,26.15
R002297,W045,2425,12.52,13.27,107.2,24.61
R002298,W045,2450,12.58,14.11,112,24.22
R002299,W045,2475,12.68,12.87,115.5,25.44
R002300,W045,2500,12.67,13.52,111.2,25.91
R002301,W045,2525,12.76,14.34,114.2,25.08
R002302,W045,2550,12.8,13.2,104.9,27.57
R002303,W045,2575,12.65,14.24,106.6,27.21
R002304,W045,2600,12.78,10.01,103.5,30.76
R002305,W045,2625,12.89,9.95,97,30.29
R002306,W045,2650,13.04,9.89,95.6,30.9
R002307,W045,2675,13.16,9.1,92.3,31.53
R002308,W045,2700,13.19,8.65,93,30.49
R002309,W045,2725,13.11,8.25,101.8,31.6
R002310,W045,2750,13.16,8.68,102.4,30.69
R002311,W045,2775,13.24,8.24,91.9,29.76
R002312,W045,2800,13.19,7.66,91.6,32.43
R002313,W045,2825,13.24,7.81,97.9,30.05
R002314,W045,2850,13.31,7.92,101.2,31.24
R002315,W045,2875,13.29,8.72,101.6,33.18
R002316,W045,2900,13.34,9.3,94.2,33.4
R002317,W045,2925,13.38,8.66,100.4,30.99
R002318,W045,2950,13.44,8.45,97.7,31.52
R002319,W045,2975,13.52,7.94,100.4,32.59
R002320,W045,3000,13.51,7.27,92.4,33.4
R002321,W045,3025,13.6,8.79,94.5,33.15
R002322,W045,3050,13.66,8.87,99.5,32.13
R002323,W045,3075,13.41,9.62,86.9,32.52
R002324,W045,3100,13.64,9.4,94.3,34.08
R002325,W045,3125,13.67,7.44,90,35.06
R002326,W045,3150,13.8,8.24,97.8,34.31
R002327,W045,3175,13.76,7.08,91.8,34.12
R002328,W045,3200,13.81,7.23,95.6,34.73
R002329,W045,3225,13.88,7.29,97.2,33.85
R002330,W045,3250,13.81,8.46,96,33.83
R002331,W045,3275,13.84,6.93,92.5,35.27
R002332,W045,3300,13.92,7.41,92.1,35.17
R002333,W045,3325,13.96,8.49,84.7,34.43
R002334,W045,3350,14.05,7.15,91.7,35.55
R002335,W045,3375,14.07,6.74,95.7,34.42
R002336,W045,3400,14.06,6.7,92,34.35
R002337,W045,3425,14.19,8.2,91.6,35.08
R002338,W046,25,8.99,30.26,146.9,4.74
R002339,W046,50,9.09,36.87,148.5,4.91
R002340,W046,75,9.14,32.11,143.7,5.08
R002341,W046,100,9.11,37.05,149.4,5.38
R002342,W046,125,9.14,34.21,144.4,7.05
R002343,W046,150,9.21,34.22,139.1,4.98
R002344,W046,175,9.23,37.06,137.4,5.36
R002345,W046,200,9.32,32.48,136.7,5.96
R002346,W046,225,9.39,31.03,149.1,6.96
R002347,W046,250,9.29,30.43,136.4,8
R002348,W046,275,9.34,35.23,144.1,5.66
R002349,W046,300,9.4,35.32,135.9,6.1
R002350,W046,325,9.42,33.62,146.7,8.08
R002351,W046,350,9.47,33.1,143.7,6.59
R002352,W046,375,9.52,35.67,144.7,8.76
R002353,W046,400,9.51,31.23,142.4,7
R002354,W046,425,9.53,29.28,137.7,6.74
R002355,W046,450,9.61,29.31,144.4,8.27
R002356,W046,475,9.65,34.08,141.1,8.75
R002357,W046,500,9.78,35.35,138.4,8.16
R002358,W046,525,9.72,23.46,142.2,9.2
R002359,W046,550,9.73,24.52,142.3,9.51
R002360,W046,575,9.66,25.64,142.4,10.07
R002361,W046,600,9.77,24.91,133.1,10.73
R002362,W046,625,9.83,22.33,139.5,10.57
R002363,W046,650,9.76,20.63,137.7,9.54
R002364,W046,675,9.8,20.29,142.2,11.95
R002365,W046,700,9.96,24.12,130.6,12.76
R002366,W046,725,9.87,21.18,138.1,11.68
R002367,W046,750,9.89,22.18,136.2,11.82
R002368,W046,775,9.8,23.48,134.2,10.24
R002369,W046,800,10.04,22.33,139.3,13.03
R002370,W046,825,10.08,22.63,133.9,13.76
R002371,W046,850,10.09,21.26,136.7,11.92
R002372,W046,875,10.09,21.09,126.6,11.38
R002373,W046,900,10.25,20.52,139.3,12.19
R002374,W046,925,10.14,18.7,133.2,11.75
R002375,W046,950,10.24,19.12,129.7,14.5
R002376,W046,975,10.3,18.89,129.9,13.62
R002377,W046,1000,10.28,22.93,136.8,12.11
R002378,W046,1025,10.12,26.56,130.1,14.01
R002379,W046,1050,10.29,21.86,128.3,14.18
R002380,W046,1075,10.5,21.45,130.3,15.08
R002381,W046,1100,10.49,20.8,127.1,13.38
R002382,W046,1125,10.44,18.29,123.5,13.62
R002383,W046,1150,10.46,17.93,126.4,13.26
R002384,W046,1175,10.5,17.79,122.7,14.32
R002385,W046,1200,10.64,20.51,122.8,14.73
R002386,W046,1225,10.69,21.77,124,14.01
R002387,W046,1250,10.64,19.83,131.2,15.42
R002388,W046,1275,10.74,20.51,125.4,17.17
R002389,W046,1300,10.73,19.94,131.7,14.7
R002390,W046,1325,10.73,20.58,122,14.9
R002391,W046,1350,10.89,19.94,120.3,16.03
R002392,W046,1375,10.77,18.81,129.8,15.95
R002393,W046,1400,10.96,21.05,126.4,16.53
R002394,W046,1425,11,17.46,121.7,16.96
R002395,W046,1450,10.96,17.06,132.5,18.36
R002396,W046,1475,11.05,19.68,122,18.28
R002397,W046,1500,11.06,17.51,128.6,16.38
R002398,W046,1525,11.12,17.01,120.7,18.26
R002399,W046,1550,11.03,16.7,124.2,18.67
R002400,W046,1575,11.12,17.82,124,19.43
R002401,W046,1600,11.17,17.02,121.4,19.53
R002402,W046,1625,11.16,20.19,128.5,17.85
R002403,W046,1650,11.52,13.82,121.2,20.03
R002404,W046,1675,11.49,16.6,125.5,20.21
R002405,W046,1700,11.49,15.56,124.4,18.67
R002406,W046,1725,11.48,15.91,114,20.55
R002407,W046,1750,11.63,13.92,117.9,19.79
R002408,W046,1775,11.59,13.48,121.7,19.64
R002409,W046,1800,11.73,15.68,113.4,20.06
R002410,W046,1825,11.76,16.29,118.8,21.26
R002411,W046,1850,11.71,16.2,112.4,20.94
R002412,W046,1875,11.81,14.44,115.2,20.25
R002413,W046,1900,11.82,15.76,116.4,22.03
R002414,W046,1925,11.82,15.77,117.8,22.66
R002415,W046,1950,11.9,13.02,120,23.31
R002416,W046,1975,11.91,13.66,112.4,21.14
R002417,W046,2000,12,13.33,111.9,21.08
R002418,W046,2025,11.94,12.75,120.1,21.48
R002419,W046,2050,11.97,14.91,122,23.72
R002420,W046,2075,12.07,14.31,112.1,24.12
R002421,W046,2100,12.14,14.61,119.6,24.12
R002422,W046,2125,12.05,14.11,112.9,24.25
R002423,W046,2150,12.22,12.83,120.9,23.6
R002424,W046,2175,12.2,15.1,115,23.01
R002425,W046,2200,12.27,15.27,116.2,24.7
R002426,W046,2225,12.26,14.73,110,25.17
R002427,W046,2250,12.34,13.86,116.2,24.02
R002428,W046,2275,12.35,14.83,108.7,23.79
R002429,W046,2300,12.31,12.79,107.4,23.24
R002430,W046,2325,12.38,12.59,106.4,24.6
R002431,W046,2350,12.62,9.16,103.9,27.33
R002432,W046,2375,12.58,8.37,96.8,27.64
R002433,W046,2400,12.71,9.55,106.3,26.98
R002434,W046,2425,12.64,8.32,103.7,28.56
R002435,W046,2450,12.67,10.35,95.9,27.43
R002436,W046,2475,12.82,8.99,99.8,28.79
R002437,W046,2500,12.79,9.76,105.8,28.43
R002438,W046,2525,12.76,8.61,97.3,27.97
R002439,W046,2550,12.88,10.09,94.6,29.85
R002440,W046,2575,12.97,10.04,98.2,29.95
R002441,W046,2600,12.95,8.38,103.9,30.08
R002442,W046,2625,12.97,10.02,93.5,31.01
R002443,W046,2650,12.92,8.41,97.1,29.04
R002444,W046,2675,12.86,10.76,95.9,28.6
R002445,W046,2700,13.01,9.18,96.4,29.55
R002446,W046,2725,13.19,8.46,102.2,30.34
R002447,W046,2750,13.11,7.71,98.7,29.68
R002448,W046,2775,13.22,8.2,97.8,30.37
R002449,W046,2800,13.19,8.56,90.2,30.17
R002450,W046,2825,13.22,8.94,96.3,32.5
R002451,W046,2850,13.32,8.71,96.8,30.31
R002452,W046,2875,13.4,7.73,94.5,33.05
R002453,W046,2900,13.35,9.07,93.6,31.15
R002454,W046,2925,13.38,8.03,100.8,32.1
R002455,W046,2950,13.45,9.28,96.7,33.4
R002456,W046,2975,13.4,8.18,99.1,31.66
R002457,W046,3000,13.5,7.28,96.6,32.54
R002458,W046,3025,13.48,7.65,92.6,31.8
R002459,W046,3050,13.61,8.24,95,32.36
R002460,W046,3075,13.64,7.62,100.2,32.51
R002461,W046,3100,13.49,8.76,90.7,32.9
R002462,W046,3125,13.55,7.55,90.7,35.11
R002463,W046,3150,13.76,8.07,90.3,35.41
R002464,W047,25,9.08,34.8,144.3,6.57
R002465,W047,50,9.14,32.28,148,6.24
R002466,W047,75,9.15,29.9,145.8,4.38
R002467,W047,100,9.17,31.64,144.4,5.62
R002468,W047,125,9.15,34.08,143.6,4.88
R002469,W047,150,9.24,30.84,149.3,6.99
R002470,W047,175,9.23,36.18,141.9,5.82
R002471,W047,200,9.3,33.77,143.1,5.95
R002472,W047,225,9.25,32.18,148,5.47
R002473,W047,250,9.39,33.88,149.6,7.42
R002474,W047,275,9.37,32.49,147,5.7
R002475,W047,300,9.41,31.78,138.9,7.01
R002476,W047,325,9.48,29.25,138.5,7.95
R002477,W047,350,9.5,35.65,136.1,6.52
R002478,W047,375,9.58,32.24,136.6,8.64
R002479,W047,400,9.63,34.42,145.6,8.76
R002480,W047,425,9.62,28.81,145,8.7
R002481,W047,450,9.58,32,138.3,7.57
R002482,W047,475,9.66,33.98,135.2,9.63
R002483,W047,500,9.76,34.43,143.4,8.21
R002484,W047,525,9.73,33.29,136.4,9.71
R002485,W047,550,9.72,34.19,134.4,9.42
R002486,W047,575,9.86,30.97,135.7,9.29
R002487,W047,600,9.8,30.59,141.2,9
R002488,W047,625,9.85,33.7,132.8,9.09
R002489,W047,650,9.75,22.02,139.9,10.31
R002490,W047,675,9.87,23.78,141.4,12.61
R002491,W047,700,9.96,22.42,134.6,11.85
R002492,W047,725,9.89,19.55,128.6,10.25
R002493,W047,750,10.03,23.26,128.1,11.94
R002494,W047,775,10.03,22.13,133.9,12.23
R002495,W047,800,10.07,21.28,136.1,11.77
R002496,W047,825,10.03,23.71,129.1,11.38
R002497,W047,850,10.13,19.64,132,13.73
R002498,W047,875,10.07,22.76,135.4,13.65
R002499,W047,900,10.12,22.46,128.1,13
R002500,W047,925,10.27,19.3,129.6,12.56
R002501,W047,950,10.2,19.86,136.9,12.23
R002502,W047,975,10.36,18.61,135.3,12.74
R002503,W047,1000,10.26,19.24,126.3,12.79
R002504,W047,1025,10.41,22.48,128.2,14.68
R002505,W047,1050,10.4,20.88,130.3,14.13
R002506,W047,1075,10.41,22.43,136.1,14.61
R002507,W047,1100,10.44,22.73,133.2,14.09
R002508,W047,1125,10.45,18.03,130.7,15.96
R002509,W047,1150,10.61,19.31,130.3,13.26
R002510,W047,1175,10.49,18.05,133.2,15.39
R002511,W047,1200,10.65,19.1,131.9,15.81
R002512,W047,1225,10.63,19.18,132.4,16.23
R002513,W047,1250,10.71,21.65,130,14.71
R002514,W047,1275,10.67,17.53,125.7,16.89
R002515,W047,1300,10.76,19.27,133.7,15.23
R002516,W047,1325,10.81,18.56,125.8,15.26
R002517,W047,1350,10.83,20.77,127.5,17.53
R002518,W047,1375,10.88,18.83,131.1,17.54
R002519,W047,1400,10.96,18.5,122.7,16.33
R002520,W047,1425,10.99,19.93,127.9,17.61
R002521,W047,1450,10.92,18.53,124.8,17.76
R002522,W047,1475,10.95,17.1,127.8,17.1
R002523,W047,1500,11.02,20.78,131.2,16.27
R002524,W047,1525,11.11,16.85,129.3,18.74
R002525,W047,1550,11.04,18.85,129.2,17.5
R002526,W047,1575,11.18,20.58,119.8,19.09
R002527,W047,1600,11.15,17.65,129.7,19.02
R002528,W047,1625,11.25,16.63,128.6,18.63
R002529,W047,1650,11.32,16.82,128.2,19.61
R002530,W047,1675,11.3,17.76,124.9,19.07
R002531,W047,1700,11.33,17.04,124.4,20.29
R002532,W047,1725,11.37,18.17,122.3,18.97
R002533,W047,1750,11.45,17.15,117.4,19.7
R002534,W047,1775,11.39,16.13,118.4,18.09
R002535,W047,1800,11.42,16.7,118.6,19.85
R002536,W047,1825,11.5,18.28,114.9,21.13
R002537,W047,1850,11.49,16.15,125.9,18.96
R002538,W047,1875,11.52,18.57,119.7,21.03
R002539,W047,1900,11.59,18.26,126.7,20.67
R002540,W047,1925,11.69,16.58,119.8,21.19
R002541,W047,1950,11.61,16.5,113.8,20.53
R002542,W047,1975,11.98,15.91,118.8,20.81
R002543,W047,2000,11.97,14.95,116.7,21.88
R002544,W047,2025,11.95,15.86,116.4,21.39
R002545,W047,2050,11.97,13.04,110.9,22.49
R002546,W047,2075,12.1,14.7,113.1,24.12
R002547,W047,2100,12.05,13.81,116.5,24.11
R002548,W047,2125,12.04,12.99,117,23.39
R002549,W047,2150,12.18,15.52,111.3,21.85
R002550,W047,2175,12.19,15.1,114.3,23.49
R002551,W047,2200,12.18,13.27,118.4,24.63
R002552,W047,2225,12.33,13.83,113.8,22.93
R002553,W047,2250,12.34,13.47,108.3,23.16
R002554,W047,2275,12.34,14.49,119.8,24.78
R002555,W047,2300,12.44,12.77,118.4,24.63
R002556,W047,2325,12.42,13.77,114.6,23.39
R002557,W047,2350,12.38,14.36,117.7,24.95
R002558,W047,2375,12.47,13.45,111.4,25.66
R002559,W047,2400,12.52,13.18,108.2,26.32
R002560,W047,2425,12.48,13.58,106,24.58
R002561,W047,2450,12.62,14.1,111.8,24.68
R002562,W047,2475,12.69,12.14,115.5,26.99
R002563,W047,2500,12.72,13.89,105.2,26.41
R002564,W047,2525,12.62,12.45,109.7,25.71
R002565,W047,2550,12.76,14.05,104.1,26.75
R002566,W047,2575,12.79,12.42,115.4,27.98
R002567,W047,2600,12.76,13.54,112,25.65
R002568,W047,2625,12.85,11.94,107,25.57
R002569,W047,2650,12.84,14.09,105.7,26.84
R002570,W047,2675,12.93,12.87,102.5,28.14
R002571,W047,2700,12.96,11.64,102.5,28.95
R002572,W047,2725,12.95,11.35,111.6,26.96
R002573,W047,2750,13.04,11.91,106.8,28.76
R002574,W047,2775,13.08,13.63,101.4,27.01
R002575,W047,2800,13.02,12.3,104.3,27.91
R002576,W047,2825,13.22,9.25,99.7,31.96
R002577,W047,2850,13.33,8.88,91.6,31.89
R002578,W047,2875,13.38,8.06,96.2,33.18
R002579,W047,2900,13.38,9.18,97.2,33.51
R002580,W047,2925,13.46,8.39,92.7,31.71
R002581,W047,2950,13.44,9,89.7,31.47
R002582,W047,2975,13.5,8.3,93.7,32.32
R002583,W047,3000,13.48,8.6,89.3,32.57
R002584,W047,3025,13.57,7.55,90.1,31.87
R002585,W047,3050,13.64,8.83,87.6,33.74
R002586,W047,3075,13.55,8.57,96.9,32.43
R002587,W047,3100,13.63,8.94,99.7,32.37
R002588,W047,3125,13.68,8.86,87.5,32.79
R002589,W047,3150,13.56,10.07,99.1,35.03
R002590,W047,3175,13.75,8.86,90.5,34.53
R002591,W047,3200,13.72,7.15,86,35.14
R002592,W047,3225,13.81,7.97,90.6,35.42
R002593,W047,3250,13.84,7.31,85.3,33.85
R002594,W047,3275,13.83,8.35,87.1,35.07
R002595,W047,3300,13.91,8.11,96.7,34.18
R002596,W047,3325,13.96,8.04,96.1,35.41
R002597,W047,3350,13.93,8.11,88,35.65
R002598,W047,3375,14.07,7.74,94.9,35.31
R002599,W047,3400,14.02,7.79,83.1,34.46
R002600,W047,3425,14.12,7.51,94.1,36.66
R002601,W047,3450,14.22,8,87,34.99
R002602,W047,3475,14.25,6.7,91.8,36.68
R002603,W047,3500,14.24,8.02,86.4,38.01
R002604,W047,3525,14.3,6.46,94.8,36.2
R002605,W047,3550,14.26,6.6,84.2,36.03
R002606,W047,3575,14.39,6.95,86.1,38.12
R002607,W047,3600,14.34,6.87,81.6,37.77
R002608,W047,3625,14.39,7.24,88.3,37.52
R002609,W047,3650,14.43,6.73,90.7,37.13
R002610,W047,3675,14.47,6.16,81.1,37.25
R002611,W047,3700,14.53,7.63,85.1,37.79
R002612,W047,3725,14.6,7.46,80.8,39.34
R002613,W047,3750,14.55,6.99,89.2,37.84
R002614,W047,3775,14.57,6.15,83,39.4
R002615,W047,3800,14.72,6.78,79.4,37.78
R002616,W047,3825,14.64,6.59,78.8,39.03
R002617,W048,25,8.97,32.05,149.6,6.4
R002618,W048,50,9.07,32.43,145.9,6.71
R002619,W048,75,9.14,36.26,151.1,4.57
R002620,W048,100,9.13,34.45,146.4,6.65
R002621,W048,125,9.18,35.76,142.6,5.68
R002622,W048,150,9.14,33.61,143.8,6.97
R002623,W048,175,9.33,30.21,148.4,5.13
R002624,W048,200,9.23,36.87,141.2,5.14
R002625,W048,225,9.28,34.13,142.7,7.15
R002626,W048,250,9.42,36.71,140.1,7.41
R002627,W048,275,9.41,28.83,147.3,7.94
R002628,W048,300,9.37,36.2,147.8,6.15
R002629,W048,325,9.46,30.19,145.7,8.76
R002630,W048,350,9.42,35.32,136.8,6.32
R002631,W048,375,9.61,34.92,147.7,8.14
R002632,W048,400,9.6,31.74,142.5,7.32
R002633,W048,425,9.58,32.88,137.2,7.09
R002634,W048,450,9.61,34.64,146.6,8.08
R002635,W048,475,9.68,28.79,144.4,8.2
R002636,W048,500,9.78,31.27,143.1,8.6
R002637,W048,525,9.73,30.29,145.1,10.01
R002638,W048,550,9.78,29.09,140.1,8.21
R002639,W048,575,9.74,31.42,137.4,10.77
R002640,W048,600,9.84,28.74,144.3,9.14
R002641,W048,625,9.95,27.9,141.2,9.39
R002642,W048,650,9.74,20.86,142.5,11.49
R002643,W048,675,9.87,21.01,141.8,12.59
R002644,W048,700,9.88,22.1,137.6,9.9
R002645,W048,725,10.01,23.14,132.9,11.95
R002646,W048,750,9.93,23.22,140.1,10.72
R002647,W048,775,9.92,24.46,138.1,12.4
R002648,W048,800,9.99,21.66,139.6,11.1
R002649,W048,825,10.09,19.34,126.9,12.88
R002650,W048,850,10.1,22.24,137.5,12.84
R002651,W048,875,10.22,18.77,132.5,11.45
R002652,W048,900,10.18,20.58,128.7,13.55
R002653,W048,925,10.22,22.77,136,13.85
R002654,W048,950,10.24,21.23,125.5,14.58
R002655,W048,975,10.24,20.62,126.7,12.47
R002656,W048,1000,10.4,21.29,127.5,12.6
R002657,W048,1025,10.39,22.55,134.2,13.86
R002658,W048,1050,10.44,19.11,126,12.76
R002659,W048,1075,10.47,19.5,125.9,12.85
R002660,W048,1100,10.45,21.36,133.9,12.92
R002661,W048,1125,10.43,19.73,135.4,13.46
R002662,W048,1150,10.48,19.99,128.4,15.98
R002663,W048,1175,10.58,19.16,135.6,14.47
R002664,W048,1200,10.64,19.68,134,15.36
R002665,W048,1225,10.65,17.74,133.1,15.89
R002666,W048,1250,10.72,19.3,128.6,16.52
R002667,W048,1275,10.64,21.39,127.3,14.53
R002668,W048,1300,10.76,18.31,130.3,14.82
R002669,W048,1325,10.74,19.38,125.5,16.22
R002670,W048,1350,10.88,21.44,126.6,16.9
R002671,W048,1375,10.91,20.26,125.1,17.66
R002672,W048,1400,10.93,20.8,130.4,15.89
R002673,W048,1425,10.92,17.64,122.4,17.33
R002674,W048,1450,10.9,18.59,131.4,16.71
R002675,W048,1475,10.92,21.16,118.7,17.29
R002676,W048,1500,11,17.74,126.2,18.21
R002677,W048,1525,11.05,17.96,126.1,18
R002678,W048,1550,11.11,17.32,131,19
R002679,W048,1575,11.06,18.08,123.6,18.84
R002680,W048,1600,11.1,19.13,126.7,19.36
R002681,W048,1625,11.26,20.47,120.4,18.99
R002682,W048,1650,11.32,20.56,128,17.41
R002683,W048,1675,11.25,20.23,123.6,19.24
R002684,W048,1700,11.26,19.09,118.9,18.02
R002685,W048,1725,11.42,16.72,119.3,18.79
R002686,W048,1750,11.41,16.75,127.6,18.62
R002687,W048,1775,11.39,18.88,114.9,18.25
R002688,W048,1800,11.4,20.14,125.3,18.24
R002689,W048,1825,11.54,15.93,122.8,20.75
R002690,W048,1850,11.61,18.58,116,18.71
R002691,W048,1875,11.55,16.22,116.9,20.69
R002692,W048,1900,11.56,18.33,124.6,21.24
R002693,W048,1925,11.56,16.39,122.7,20.93
R002694,W048,1950,11.56,20.88,119.9,19.65
R002695,W048,1975,11.58,18.2,115.1,19.14
R002696,W048,2000,11.99,13.58,121.1,22.45
R002697,W048,2025,11.97,14.57,113.8,21.46
R002698,W048,2050,12.04,16.05,117.2,21.59
R002699,W048,2075,11.99,15.62,116.1,22.04
R002700,W048,2100,12.06,14,119.8,23.2
R002701,W048,2125,12.1,14.66,118.7,23.82
R002702,W048,2150,12.18,13.83,112.3,24.44
R002703,W048,2175,12.23,12.9,110.8,23.72
R002704,W048,2200,12.16,12.44,120.9,22.29
R002705,W048,2225,12.18,13.22,110.7,23.61
R002706,W048,2250,12.3,12.23,110.8,23.66
R002707,W048,2275,12.35,12.68,108.8,25.23
R002708,W048,2300,12.32,13.01,108.7,25.74
R002709,W048,2325,12.37,14.75,108.9,23.61
R002710,W048,2350,12.39,12.27,115.6,24.18
R002711,W048,2375,12.39,13.73,111,25.61
R002712,W048,2400,12.57,13.68,114.1,24.47
R002713,W048,2425,12.49,14.42,106.9,25.62
R002714,W048,2450,12.55,11.86,114.3,26.26
R002715,W048,2475,12.67,14.17,108.7,25.47
R002716,W048,2500,12.57,12.82,105.5,24.9
R002717,W048,2525,12.72,14.49,104.2,25.44
R002718,W048,2550,12.67,13.12,105.8,26.53
R002719,W048,2575,12.68,13.3,113,26.47
R002720,W048,2600,12.74,13.04,102.5,25.53
R002721,W048,2625,12.9,13.34,104.5,25.83
R002722,W048,2650,12.9,14.13,104.4,28.2
R002723,W048,2675,12.96,11.76,104.5,26.18
R002724,W048,2700,12.93,12.03,102.2,28.78
R002725,W048,2725,13.04,13.18,113.7,29.03
R002726,W048,2750,13.04,12.59,109.7,28.58
R002727,W048,2775,13.06,12.03,114,29.01
R002728,W048,2800,13,13.21,107.4,28.25
R002729,W048,2825,13.04,10.78,108.2,27.31
R002730,W048,2850,13.22,13,102,29.49
R002731,W048,2875,13.19,11.06,111.7,28.01
R002732,W048,2900,13.14,13.15,102.1,29.16
R002733,W048,2925,13.22,10.65,112.3,30.14
R002734,W048,2950,13.41,7.45,95.1,31.68
R002735,W048,2975,13.47,8.2,96.3,32.61
R002736,W048,3000,13.44,8.72,100.8,32.62
R002737,W048,3025,13.6,7.3,88.7,34.28
R002738,W048,3050,13.57,8.74,97.6,34.15
R002739,W048,3075,13.6,8.88,93.7,32.85
R002740,W048,3100,13.58,7.21,89.8,34.05
R002741,W048,3125,13.74,7.06,97.7,33.01
R002742,W048,3150,13.69,7.45,96.5,34.15
R002743,W048,3175,13.73,7.76,87,35.4
R002744,W048,3200,13.73,8.08,89.9,35.38
R002745,W048,3225,13.85,7.21,91.3,35.56
R002746,W048,3250,13.79,7.56,89.9,33.8
R002747,W048,3275,13.92,8.47,96.9,33.49
R002748,W048,3300,14,8.1,85.1,35.91
R002749,W048,3325,13.89,7.15,87.5,33.97
R002750,W048,3350,13.98,7.58,85.7,34.97
R002751,W048,3375,14.06,7.43,94.6,35.32
R002752,W048,3400,14.1,8.04,82.9,36.7
R002753,W048,3425,14.17,7.97,93,34.7
R002754,W048,3450,14.14,6.54,85.3,37.55
R002755,W048,3475,14.21,7.73,84.5,37.29
R002756,W048,3500,14.13,6.53,83.9,37.09
R002757,W048,3525,14.15,8.24,92.5,34.06
R002758,W048,3550,14.23,7.81,87.1,37.46
R002759,W048,3575,14.32,6.31,87,37.17
R002760,W048,3600,14.39,7.06,92.3,35.96
R002761,W048,3625,14.45,6.64,91.4,36.42
R002762,W048,3650,14.46,7.58,91.8,37.62
R002763,W048,3675,14.46,6.76,90.6,38.98
R002764,W048,3700,14.54,6.27,85.9,36.72
R002765,W048,3725,14.57,7.46,81.5,39.4
R002766,W048,3750,14.53,6.8,88.3,37.02
R002767,W048,3775,14.65,6.29,90.5,37.61
R002768,W048,3800,14.6,7.21,90.7,38.81
R002769,W048,3825,14.75,7.13,78.3,38.67
R002770,W048,3850,14.67,6.69,90.6,39.98
R002771,W048,3875,14.83,7.16,78.3,39.99
R002772,W048,3900,14.85,5.98,84.3,40.58
R002773,W049,25,9.11,30.77,150.2,3.77
R002774,W049,50,9.11,31.89,142.5,5.96
R002775,W049,75,9.11,33.94,140.4,5.49
R002776,W049,100,9.21,31.25,150.3,4.69
R002777,W049,125,9.15,31.72,149.2,5.88
R002778,W049,150,9.23,30.08,148.7,6.56
R002779,W049,175,9.24,34.74,148.2,5.61
R002780,W049,200,9.32,29.73,143.7,5.81
R002781,W049,225,9.24,31.48,145.3,8.14
R002782,W049,250,9.39,33.83,139.3,5.9
R002783,W049,275,9.42,34.95,138.1,6.13
R002784,W049,300,9.42,34.42,137.1,8.57
R002785,W049,325,9.4,31.58,141.2,6.54
R002786,W049,350,9.51,32.78,137.7,6.47
R002787,W049,375,9.58,32.01,137.2,6.5
R002788,W049,400,9.57,29.93,137,7.48
R002789,W049,425,9.65,30.51,147.3,7.81
R002790,W049,450,9.66,35.55,145.6,7.19
R002791,W049,475,9.69,28.36,141.9,9.25
R002792,W049,500,9.66,29.04,146.4,9.02
R002793,W049,525,9.79,34.76,133.6,8.59
R002794,W049,550,9.75,32.99,134.9,8.78
R002795,W049,575,9.76,30.06,134,10.7
R002796,W049,600,9.85,31.93,131.7,10.63
R002797,W049,625,9.89,28.28,138.4,9.62
R002798,W049,650,9.82,19.95,131.4,11.06
R002799,W049,675,9.88,20.04,142.5,11.74
R002800,W049,700,9.87,22.61,129.7,12.43
R002801,W049,725,9.94,19.83,136,12.05
R002802,W049,750,9.89,22.06,128.1,12.83
R002803,W049,775,10.03,21.15,139.9,12.78
R002804,W049,800,10.1,20.14,136.1,12.25
R002805,W049,825,10.1,21.28,131.6,11.57
R002806,W049,850,10.08,20.58,132.5,12.94
R002807,W049,875,10.17,22.07,131.8,14.13
R002808,W049,900,10.21,19.85,138.2,13.11
R002809,W049,925,10.16,19.42,135.9,14.18
R002810,W049,950,10.26,21.4,130.6,13.51
R002811,W049,975,10.35,22.35,130.6,13.7
R002812,W049,1000,10.32,22.17,129.4,12.79
R002813,W049,1025,10.36,19.01,126.3,14.87
R002814,W049,1050,10.36,21.69,134.4,13.29
R002815,W049,1075,10.48,21.27,133,15.21
R002816,W049,1100,10.45,22.78,136.4,14.92
R002817,W049,1125,10.48,20.24,128.6,15.75
R002818,W049,1150,10.54,19.61,136.4,13.69
R002819,W049,1175,10.59,19.56,131,15.07
R002820,W049,1200,10.56,19.66,122.9,14.41
R002821,W049,1225,10.6,22.18,134.9,16.37
R002822,W049,1250,10.69,19.79,126.4,14.36
R002823,W049,1275,10.7,19.57,131.1,16.7
R002824,W049,1300,10.8,21.54,130.4,16.35
R002825,W049,1325,10.74,19.9,128.3,16.41
R002826,W049,1350,10.86,18.15,128.6,15.89
R002827,W049,1375,10.89,17.29,126.1,15.93
R002828,W049,1400,10.83,20.54,129.2,17.2
R002829,W049,1425,10.96,19,119.3,16.28
R002830,W049,1450,10.94,19.09,126.5,16.54
R002831,W049,1475,11.03,21.41,121.3,15.8
R002832,W049,1500,11.09,17.09,118.8,16.61
R002833,W049,1525,11.1,20.09,120.1,17.65
R002834,W049,1550,11.15,20.01,124.4,17.76
R002835,W049,1575,11.11,17.07,123.8,16.49
R002836,W049,1600,11.1,18.48,117.1,19.65
R002837,W049,1625,11.16,19.53,117.3,17.98
R002838,W049,1650,11.3,18.71,119.6,17.39
R002839,W049,1675,11.33,18.4,118.9,17.87
R002840,W049,1700,11.4,17.55,126.8,19.52
R002841,W049,1725,11.27,18.59,121.4,17.71
R002842,W049,1750,11.43,16.38,124.2,18.15
R002843,W049,1775,11.39,18.55,117,19.37
R002844,W049,1800,11.48,16.31,122.4,20.94
R002845,W049,1825,11.34,21.29,118.1,18.42
R002846,W049,1850,11.38,17.84,126.1,19.93
R002847,W049,1875,11.49,16.47,118.6,19.17
R002848,W049,1900,11.38,19.96,123.8,20.34
R002849,W049,1925,11.55,17.49,119.8,20.6
R002850,W049,1950,11.75,18.96,123.3,21.38
R002851,W049,1975,11.75,15.67,122,21.52
R002852,W049,2000,11.68,18.8,123.6,22.63
R002853,W049,2025,11.98,14.09,118,22.22
R002854,W049,2050,12.02,14.85,123.1,22.72
R002855,W049,2075,12.12,15.16,119.8,23.9
R002856,W049,2100,12.16,13.22,109.7,22.01
R002857,W049,2125,12.18,13.4,119.2,22.81
R002858,W049,2150,12.12,13.24,110.3,23.96
R002859,W049,2175,12.11,13.45,109.1,23.34
R002860,W049,2200,12.29,12.56,121.1,22.5
R002861,W049,2225,12.32,14.67,120.2,24.51
R002862,W049,2250,12.33,15.04,115.2,22.71
R002863,W049,2275,12.27,12.21,115.4,24.04
R002864,W049,2300,12.36,12.56,113,25.53
R002865,W049,2325,12.36,13.24,112.7,23.38
R002866,W049,2350,12.5,12.33,118.7,25.43
R002867,W049,2375,12.42,11.92,105.7,23.75
R002868,W049,2400,12.58,12.49,112.8,24.84
R002869,W049,2425,12.55,11.92,106.6,27.57
R002870,W049,2450,12.64,11.94,111.6,26.52
R002871,W049,2475,12.64,11.64,110,26.79
R002872,W049,2500,12.6,12.2,107,27.26
R002873,W049,2525,12.75,14.23,106.5,26.3
R002874,W049,2550,12.73,12.59,107,26.24
R002875,W049,2575,12.7,12.98,111.6,26.58
R002876,W049,2600,12.77,11.33,103.7,26.03
R002877,W049,2625,12.81,13.32,108.7,27
R002878,W049,2650,12.93,13.04,109.9,28.46
R002879,W049,2675,12.95,12.18,110.7,28.06
R002880,W049,2700,12.89,13.37,105.8,28.34
R002881,W049,2725,12.9,13.68,106.4,26.25
R002882,W049,2750,13.07,12.18,111.8,29.14
R002883,W049,2775,13.09,11.26,104.6,27.02
R002884,W049,2800,13.03,12.11,111.1,28.14
R002885,W049,2825,13.18,12.22,102.3,29.3
R002886,W049,2850,13.21,12.81,103,29.39
R002887,W049,2875,13.24,11.57,111.9,29.64
R002888,W049,2900,13.28,11.23,108.9,28.68
R002889,W049,2925,13.33,7.48,92.2,32.53
R002890,W049,2950,13.45,7.7,91.8,30.99
R002891,W049,2975,13.43,7.39,92.9,32.04
R002892,W049,3000,13.47,8.77,93.3,32.39
R002893,W049,3025,13.57,8.75,96,33.18
R002894,W049,3050,13.58,8.83,93.8,32.89
R002895,W049,3075,13.62,8.8,88.1,32.02
R002896,W049,3100,13.59,7.54,86.4,34.06
R002897,W049,3125,13.61,7.85,97.4,33.45
R002898,W049,3150,13.69,7.16,88.9,33.75
R002899,W049,3175,13.68,8.58,93,34.85
R002900,W049,3200,13.81,7.13,95,33.75
R002901,W049,3225,13.89,8.36,97.8,33.52
R002902,W049,3250,13.83,7.11,94.4,34.71
R002903,W049,3275,13.83,7.45,92.7,34.03
R002904,W049,3300,13.9,7.67,96.1,34.99
R002905,W049,3325,14.03,8.45,90.4,36.74
R002906,W049,3350,14.02,7,86.6,34.84
R002907,W049,3375,14.06,8.1,91.4,35.72
R002908,W049,3400,14.07,6.8,91,36.04
R002909,W049,3425,14.08,7.33,94.7,36.77
R002910,W049,3450,14.19,7.85,94.8,36.52
R002911,W049,3475,14.25,7.93,81.9,35.85
R002912,W049,3500,14.3,7.24,81.7,35.89
R002913,W049,3525,14.24,7.25,85.9,35.4
R002914,W049,3550,14.28,6.79,94,38.41
R002915,W049,3575,14.25,6.96,93.4,37.47
R002916,W049,3600,14.33,7.85,86.8,37.61
R002917,W049,3625,14.32,6.45,83.3,36.62
R002918,W049,3650,14.49,6.37,89.5,37.94
R002919,W049,3675,14.4,7.22,81.8,38.89
R002920,W049,3700,14.48,7.15,86,38.8
R002921,W049,3725,14.53,7.13,88.6,39.43
R002922,W049,3750,14.65,7.27,85.1,37.1
R002923,W049,3775,14.55,6.79,91.5,39.75
R002924,W049,3800,14.7,6.36,88.5,39.69
R002925,W049,3825,14.71,6.07,87,38.31
R002926,W049,3850,14.75,6.33,89.8,39.08
R002927,W050,25,9.06,31.93,145.4,5.15
R002928,W050,50,9.04,31.6,148.1,5.15
R002929,W050,75,9.05,34.46,146.1,6.01
R002930,W050,100,9.16,35.84,140.1,6.59
R002931,W050,125,9.11,32.53,147.2,5.55
R002932,W050,150,9.18,32.79,149.4,5.07
R002933,W050,175,9.24,29.89,140.7,6.26
R002934,W050,200,9.21,34.25,150.1,7.82
R002935,W050,225,9.38,34.66,147.5,7.51
R002936,W050,250,9.41,32.03,141,5.44
R002937,W050,275,9.37,33.53,145.7,8.01
R002938,W050,300,9.39,33.16,141,6.83
R002939,W050,325,9.54,30.34,148.8,6.29
R002940,W050,350,9.44,35.93,137.2,7.83
R002941,W050,375,9.47,31.79,146.3,7.61
R002942,W050,400,9.54,31.25,142.4,7.79
R002943,W050,425,9.65,30.73,139.7,6.92
R002944,W050,450,9.62,34.46,140.5,7.05
R002945,W050,475,9.68,29.92,135.9,10.09
R002946,W050,500,9.68,33.16,136.7,8.76
R002947,W050,525,9.77,34.33,145,8.56
R002948,W050,550,9.62,22.96,135.9,9.14
R002949,W050,575,9.68,24.72,141.7,9.51
R002950,W050,600,9.69,23.22,129.8,10.32
R002951,W050,625,9.72,19.6,137.3,11.32
R002952,W050,650,9.8,24.17,135.6,10.76
R002953,W050,675,9.87,20.85,141.1,10.99
R002954,W050,700,9.97,24.07,130.4,11.34
R002955,W050,725,9.94,21.23,135,12.24
R002956,W050,750,10.02,19.5,131.3,12.1
R002957,W050,775,9.99,21.1,139.4,11.78
R002958,W050,800,9.96,23.65,138.3,12.82
R002959,W050,825,10.15,19.43,137.8,13.54
R002960,W050,850,10.12,19.27,137.5,11.14
R002961,W050,875,10.14,21.17,140,11.44
R002962,W050,900,10.18,22.56,139.2,13.36
R002963,W050,925,10.25,21.45,128.8,13.1
R002964,W050,950,10.26,21.23,136.9,12.37
R002965,W050,975,10.36,18.75,134.8,14.27
R002966,W050,1000,10.39,21.31,131.4,14.45
R002967,W050,1025,10.33,21.55,134.6,14.63
R002968,W050,1050,10.36,21.26,128.5,13.97
R002969,W050,1075,10.49,21.01,132.8,14.21
R002970,W050,1100,10.45,19.39,137,13.67
R002971,W050,1125,10.5,20.25,133.4,15.91
R002972,W050,1150,10.5,21.4,133.6,14.77
R002973,W050,1175,10.62,19.78,128,14.49
R002974,W050,1200,10.63,18.4,127.3,15.42
R002975,W050,1225,10.65,22.31,125.5,14.06
R002976,W050,1250,10.74,21.45,127.3,15.11
R002977,W050,1275,10.78,18.57,121.4,15.81
R002978,W050,1300,10.8,19.46,125.6,16.06
R002979,W050,1325,10.77,17.97,131.7,14.83
R002980,W050,1350,10.76,18.16,121.3,14.93
R002981,W050,1375,10.78,20.81,131.2,16.57
R002982,W050,1400,10.93,21.3,126,15.97
R002983,W050,1425,10.97,20.33,129.9,16.29
R002984,W050,1450,10.96,17.1,124.3,16.54
R002985,W050,1475,11.03,18.88,120.4,17.9
R002986,W050,1500,11.08,18.29,118.6,17.42
R002987,W050,1525,11,18.53,119.8,16.69
R002988,W050,1550,10.87,20.62,121.7,16.33
R002989,W050,1575,10.98,22.18,123.1,16.76
R002990,W050,1600,11.19,19.23,121.1,17.49
R002991,W050,1625,11.24,16.47,120.9,19.21
R002992,W050,1650,11.32,16.81,122.3,19.92
R002993,W050,1675,11.41,16.29,115.6,18.91
R002994,W050,1700,11.5,16.38,120.1,19.3
R002995,W050,1725,11.59,15.85,124.1,21.41
R002996,W050,1750,11.53,15.9,116.4,19.53
R002997,W050,1775,11.7,16.75,114.5,21.68
R002998,W050,1800,11.59,15.68,118.4,21.22
R002999,W050,1825,11.64,13.36,113.4,23.35
R003000,W050,1850,11.73,14.14,102.3,21.81
R003001,W050,1875,11.69,13.62,121.5,21.63
R003002,W050,1900,11.78,15.41,112.6,20.35
R003003,W050,1925,11.88,16.01,124.2,20.87
R003004,W050,1950,11.89,13.89,114.2,22.98
R003005,W050,1975,11.86,15.87,113.1,22.38
R003006,W050,2000,11.89,14.82,112.9,22.86
R003007,W050,2025,12,16.05,117.2,22.3
R003008,W050,2050,12.04,15.59,111.8,23.4
R003009,W050,2075,12.06,14.83,109.9,23.31
R003010,W050,2100,12.11,15.53,110.2,21.97
R003011,W050,2125,12.14,13.5,110.6,22.33
R003012,W050,2150,12.2,12.52,115.2,23.88
R003013,W050,2175,12.16,15.15,108,23.02
R003014,W050,2200,12.28,13.84,114.3,24.28
R003015,W050,2225,12.25,12.35,109.8,22.84
R003016,W050,2250,12.34,14.58,120.8,25.51
R003017,W050,2275,12.36,14.42,115.4,23.31
R003018,W050,2300,12.38,13.5,108.6,23.41
R003019,W050,2325,12.42,12.94,110.5,23.91
R003020,W050,2350,12.44,12.15,115,24.61
R003021,W050,2375,12.53,14.45,116.6,23.94
R003022,W050,2400,12.54,14.21,108.8,26.58
R003023,W050,2425,12.55,13.1,113.8,25.53
R003024,W050,2450,12.76,9.65,98.5,27.26
R003025,W050,2475,12.62,10.83,103.8,28.84
R003026,W050,2500,12.72,10.91,97.1,27.98
R003027,W050,2525,12.79,8.99,102.5,30.5
R003028,W050,2550,12.92,8.11,98.5,28.71
R003029,W050,2575,12.84,9.01,101.9,30.25
R003030,W050,2600,12.93,9.73,105.5,29.54
R003031,W050,2625,12.99,9.01,92.9,29
R003032,W050,2650,13.04,9.48,103.5,30.37
R003033,W050,2675,13.11,8.6,104,31.13
R003034,W050,2700,13.1,8.25,98.1,29.59
R003035,W050,2725,13.05,8.08,98.7,32.05
R003036,W050,2750,13.21,8.79,95.2,32.06
R003037,W050,2775,13.12,8.82,93.7,32.3
R003038,W050,2800,13.28,9.17,100.1,30.25
R003039,W050,2825,13.32,8.81,98.1,30.02
R003040,W050,2850,13.34,9.42,94.8,30.6
R003041,W050,2875,13.38,8.37,90,31.97
R003042,W050,2900,13.38,8.84,100.7,33.45
R003043,W050,2925,13.41,7.73,98.4,33.69
R003044,W050,2950,13.36,8.19,93.2,31.32
R003045,W050,2975,13.54,8.6,100,31.36
R003046,W050,3000,13.57,7.84,99.5,31.34
R003047,W050,3025,13.5,7.69,99.2,31.79
R003048,W050,3050,13.55,8.77,99.7,33.88
R003049,W050,3075,13.69,7.52,87.5,32.78
R003050,W050,3100,13.65,7.47,89.2,32.75
R003051,W050,3125,13.61,8.38,98.9,33.48
R003052,W050,3150,13.77,7.46,86,35.35
R003053,W050,3175,13.76,8.45,88.9,34.14
R003054,W050,3200,13.78,6.95,86,32.9
R003055,W050,3225,13.77,7.5,84.7,33.02
R003056,W051,25,8.97,36.88,151.1,4.92
R003057,W051,50,9.11,35.7,151.7,3.9
R003058,W051,75,9.18,32.15,141.5,4.29
R003059,W051,100,9.14,37.24,146.9,6.82
R003060,W051,125,9.12,30.1,142.9,7.11
R003061,W051,150,9.23,30.35,141.6,4.74
R003062,W051,175,9.19,36.06,145.2,4.89
R003063,W051,200,9.35,30.47,147.4,7.14
R003064,W051,225,9.25,36.28,137.6,6.45
R003065,W051,250,9.37,32.06,143.1,5.81
R003066,W051,275,9.44,29.3,137.9,7.68
R003067,W051,300,9.46,31.65,145.2,7.34
R003068,W051,325,9.5,32.05,136.8,8
R003069,W051,350,9.51,28.97,139.2,6.88
R003070,W051,375,9.56,36.07,140.5,6.73
R003071,W051,400,9.62,28.57,138.9,6.98
R003072,W051,425,9.63,33.07,136.4,9.53
R003073,W051,450,9.56,33.48,140.7,7.35
R003074,W051,475,9.68,32.83,138.9,7.6
R003075,W051,500,9.71,35.05,146.6,9.34
R003076,W051,525,9.79,35.02,132.5,9.96
R003077,W051,550,9.84,29.62,144.5,10.6
R003078,W051,575,9.79,32.48,139.7,8.81
R003079,W051,600,9.91,30.22,145.2,10.97
R003080,W051,625,9.82,30.49,138.7,10.55
R003081,W051,650,9.88,29.23,133.6,10.15
R003082,W051,675,9.99,31.25,133.8,11
R003083,W051,700,9.82,23.25,141.3,11.41
R003084,W051,725,9.99,19.89,138.5,11.33
R003085,W051,750,9.92,23.93,137.3,12.93
R003086,W051,775,9.94,22.69,127.8,12.03
R003087,W051,800,10.04,23.39,133.1,12.25
R003088,W051,825,10.05,20.39,131.2,12.33
R003089,W051,850,10.15,20.92,139.8,13.11
R003090,W051,875,10.08,19.28,127.1,11.82
R003091,W051,900,10.2,21.69,126.4,12.3
R003092,W051,925,9.9,25.24,128.1,11.61
R003093,W051,950,10.05,20.91,129.9,12.69
R003094,W051,975,10.34,21.34,129,14.64
R003095,W051,1000,10.32,19.83,134.5,13.37
R003096,W051,1025,10.39,23.04,126.1,14.89
R003097,W051,1050,10.39,18.56,136.3,15.14
R003098,W051,1075,10.47,21.5,123.8,13.51
R003099,W051,1100,10.43,21.89,130.4,14.51
R003100,W051,1125,10.53,20.41,126,14.3
R003101,W051,1150,10.51,18.98,127.4,13.68
R003102,W051,1175,10.58,19.55,131,14.38
R003103,W051,1200,10.61,18.2,124,15.08
R003104,W051,1225,10.61,21.53,134.6,14.06
R003105,W051,1250,10.64,20.95,130,14.92
R003106,W051,1275,10.73,22.12,134.9,14.6
R003107,W051,1300,10.72,19.4,126.2,16.23
R003108,W051,1325,10.68,19.22,123,15.87
R003109,W051,1350,10.89,20.18,125.5,17.18
R003110,W051,1375,10.85,18.38,123.2,15.75
R003111,W051,1400,10.9,19.81,126,16.21
R003112,W051,1425,10.98,18.84,123.5,17.07
R003113,W051,1450,11.03,19.73,125.3,16.36
R003114,W051,1475,11.05,17.99,123,16.73
R003115,W051,1500,11.02,20.84,121.5,16.89
R003116,W051,1525,11.04,19.53,120.9,16.73
R003117,W051,1550,11.09,16.89,127.7,16.5
R003118,W051,1575,11.19,20.21,126,16.99
R003119,W051,1600,11.14,16.64,121.5,18.17
R003120,W051,1625,11.29,19.27,121.7,19.44
R003121,W051,1650,11.17,19.63,116.7,19.45
R003122,W051,1675,11.24,18.19,122.4,17.76
R003123,W051,1700,11.26,18.78,127.9,19.25
R003124,W051,1725,11.41,19.72,123.9,19.42
R003125,W051,1750,11.39,20.14,121,18.44
R003126,W051,1775,11.41,16.11,126.2,19.89
R003127,W051,1800,11.42,18.1,125.5,20.4
R003128,W051,1825,11.5,17.99,122.8,18.4
R003129,W051,1850,11.51,19.2,124.6,19.34
R003130,W051,1875,11.52,17.02,123.8,19.65
R003131,W051,1900,11.67,17.58,125.1,20.07
R003132,W051,1925,11.6,19.26,116.3,20.54
R003133,W051,1950,11.59,18.05,118.1,20.74
R003134,W051,1975,11.83,16.16,123.9,22.44
R003135,W051,2000,11.94,13.53,111.3,20.93
R003136,W051,2025,11.92,13.07,114.5,22.51
R003137,W051,2050,12.07,14.79,119.9,21.59
R003138,W051,2075,12.02,14.53,111.9,22.07
R003139,W051,2100,12.09,15.38,114.2,23.7
R003140,W051,2125,12.1,13.34,110.6,24.31
R003141,W051,2150,12.22,13.85,117.4,23.35
R003142,W051,2175,12.12,14.27,116.1,25
R003143,W051,2200,12.28,13.03,113,25.12
R003144,W051,2225,12.19,13.67,111,23.59
R003145,W051,2250,12.32,14.38,113.8,24.68
R003146,W051,2275,12.38,12.61,112.6,24.57
R003147,W051,2300,12.4,13.04,116.3,23.15
R003148,W051,2325,12.38,12.49,108.3,23.18
R003149,W051,2350,12.41,12.65,116.2,23.6
R003150,W051,2375,12.49,12.04,108.6,25.28
R003151,W051,2400,12.45,12.68,105.3,26.04
R003152,W051,2425,12.59,13.66,111.3,26.74
R003153,W051,2450,12.6,11.9,115.6,26.62
R003154,W051,2475,12.64,14.3,111.8,26.98
R003155,W051,2500,12.6,12.42,114.7,25.79
R003156,W051,2525,12.61,14.24,115.7,24.88
R003157,W051,2550,12.76,13.58,104.5,26.73
R003158,W051,2575,12.8,12.98,115.9,27.67
R003159,W051,2600,12.82,12.21,112.5,27.75
R003160,W051,2625,12.86,12.51,114.8,27.64
R003161,W051,2650,12.81,12.37,113.8,27.4
R003162,W051,2675,13,13.17,106.6,28.68
R003163,W051,2700,13.06,12.22,115.2,27.31
R003164,W051,2725,13.02,11.27,108.3,27.09
R003165,W051,2750,13.04,12.42,107.4,26.73
R003166,W051,2775,13.05,13.23,109.1,28.45
R003167,W051,2800,13.12,12.28,111.6,26.99
R003168,W051,2825,13.11,10.8,99.9,29.52
R003169,W051,2850,13.14,12.86,104.8,29.91
R003170,W051,2875,13.31,7.89,90.7,31.02
R003171,W051,2900,13.31,9.45,90.9,33.18
R003172,W051,2925,13.12,10.03,93.1,32.67
R003173,W051,2950,13.2,10.96,99.6,33.75
R003174,W051,2975,13.45,8.85,99.7,32.1
R003175,W051,3000,13.59,8.99,92.7,32.62
R003176,W051,3025,13.59,8.39,98,31.92
R003177,W051,3050,13.6,7.25,100.4,32.91
R003178,W051,3075,13.6,8.96,98.1,33.29
R003179,W051,3100,13.73,7.31,97.7,33.4
R003180,W051,3125,13.71,8.56,95.6,33.28
R003181,W051,3150,13.79,7.72,88.1,33.89
R003182,W051,3175,13.71,8.19,94.2,34.35
R003183,W051,3200,13.87,8.09,95.4,33.3
R003184,W051,3225,13.82,7.85,90.7,34.51
R003185,W051,3250,13.89,7.91,84.8,35.35
R003186,W051,3275,13.86,8,90.7,33.77
R003187,W051,3300,13.87,7.45,89.1,34.26
R003188,W051,3325,13.91,6.84,92.6,36.49
R003189,W051,3350,14.03,7.13,93.7,34.41
R003190,W051,3375,14,7.86,88.1,35.66
R003191,W051,3400,14.09,6.57,88.1,35.29
R003192,W051,3425,14.04,6.66,87.7,36.13
R003193,W051,3450,14.23,7.97,83,36.27
R003194,W051,3475,14.25,7.13,86.8,36.04
R003195,W051,3500,14.28,7.59,90.5,36.47
R003196,W051,3525,14.32,7.83,90.8,35.49
R003197,W051,3550,14.28,7.28,82.5,35.89
R003198,W051,3575,14.32,6.29,90.4,37.55
R003199,W051,3600,14.38,6.67,87.7,38.3
R003200,W051,3625,14.44,6.58,92.7,37.57
R003201,W051,3650,14.37,7.36,88.2,36.75
R003202,W051,3675,14.47,6.57,84,38.57
R003203,W051,3700,14.5,6.79,84,38.64
R003204,W051,3725,14.6,6.76,88.5,37.56
R003205,W051,3750,14.58,7.47,90.4,39.55
R003206,W051,3775,14.65,6.91,82.6,39.17
R003207,W051,3800,14.68,6.1,91.3,40.31
R003208,W051,3825,14.68,6.01,79.4,38.21
R003209,W052,25,9.01,32.53,142.8,5.19
R003210,W052,50,9.05,33.72,142.2,5.02
R003211,W052,75,9.19,34.96,149.8,6.99
R003212,W052,100,9.16,32.02,138.6,6.49
R003213,W052,125,9.22,35.95,144.9,6.52
R003214,W052,150,9.28,37.19,142.2,6.04
R003215,W052,175,9.22,31.15,139.4,6.97
R003216,W052,200,9.28,31.63,145.1,5.74
R003217,W052,225,9.26,29.42,146.7,5.49
R003218,W052,250,9.3,29.68,137.6,6.06
R003219,W052,275,9.38,34.4,139.5,7.81
R003220,W052,300,9.37,31.92,136.9,8.64
R003221,W052,325,9.42,35.49,142.1,7.64
R003222,W052,350,9.47,30.2,140.9,6.28
R003223,W052,375,9.52,31.03,139.6,8.92
R003224,W052,400,9.53,29.26,135.9,7.62
R003225,W052,425,9.55,30.38,142.5,7.39
R003226,W052,450,9.75,31.59,142.7,9.64
R003227,W052,475,9.8,29.44,133.9,7.7
R003228,W052,500,9.66,31.31,133.7,8.83
R003229,W052,525,9.79,31.28,135.7,9.6
R003230,W052,550,9.78,32.51,141.6,8.8
R003231,W052,575,9.65,21.68,136.9,9.17
R003232,W052,600,9.76,20.49,130,11.22
R003233,W052,625,9.72,24.46,141.3,11
R003234,W052,650,9.79,24.32,134.2,9.54
R003235,W052,675,9.84,23.98,141.7,12.41
R003236,W052,700,9.92,23.93,140.6,11.55
R003237,W052,725,9.93,21.45,138.1,12.73
R003238,W052,750,9.98,20.37,132.5,12.15
R003239,W052,775,10,22.37,134.2,13.3
R003240,W052,800,10.03,21.67,138.7,11.95
R003241,W052,825,9.99,20.41,134.5,11.36
R003242,W052,850,10.15,23.57,137,11.52
R003243,W052,875,10.07,22.46,129.1,12.55
R003244,W052,900,10.21,20.29,135.6,12.8
R003245,W052,925,10.24,19.61,128.8,13.22
R003246,W052,950,10.2,23.01,138.2,13.28
R003247,W052,975,10.28,20.68,131.1,13.35
R003248,W052,1000,10.29,19.56,133.9,14.3
R003249,W052,1025,10.2,24.48,127.7,14.35
R003250,W052,1050,10.38,19.85,128.7,14.56
R003251,W052,1075,10.39,18.27,136.1,13.41
R003252,W052,1100,10.49,21.65,130.1,15.17
R003253,W052,1125,10.5,18.49,136.4,14.76
R003254,W052,1150,10.52,21.21,127.4,14.88
R003255,W052,1175,10.59,22.34,128.8,13.54
R003256,W052,1200,10.54,19.87,131.8,16.28
R003257,W052,1225,10.58,22.26,128.6,15.64
R003258,W052,1250,10.72,21.94,131,14.91
R003259,W052,1275,10.58,18.76,124.8,16.32
R003260,W052,1300,10.62,22.63,124.5,15.91
R003261,W052,1325,10.71,18.66,128.2,15.75
R003262,W052,1350,10.76,19.2,130,16.55
R003263,W052,1375,10.93,20.44,122.2,17.8
R003264,W052,1400,10.96,17.86,121.4,16.88
R003265,W052,1425,10.95,17.35,121.1,17.59
R003266,W052,1450,10.97,17.49,123.3,16.07
R003267,W052,1475,11.06,17.54,131.5,16.93
R003268,W052,1500,10.99,17.1,124.4,17.45
R003269,W052,1525,11.08,18.96,122.7,16.34
R003270,W052,1550,11.12,20.22,118.5,16.58
R003271,W052,1575,11.14,18.19,127.8,17.22
R003272,W052,1600,11.2,21.11,127.3,16.96
R003273,W052,1625,10.97,22.26,123.9,18.62
R003274,W052,1650,11.44,16.95,122.1,20.14
R003275,W052,1675,11.4,16.37,121.1,19.57
R003276,W052,1700,11.44,15.42,116.3,20.11
R003277,W052,1725,11.58,16.16,113.9,19.2
R003278,W052,1750,11.6,14.83,117.3,19.9
R003279,W052,1775,11.63,14.56,120,20.61
R003280,W052,1800,11.64,13.65,126.4,19.67
R003281,W052,1825,11.65,14.74,126,19.43
R003282,W052,1850,11.67,15.06,117.5,21.54
R003283,W052,1875,11.76,13.28,115,21.43
R003284,W052,1900,11.75,14.97,120.1,22.07
R003285,W052,1925,11.83,14.17,111.3,21.15
R003286,W052,1950,11.86,15.79,120,22.73
R003287,W052,1975,11.89,14.76,114,20.59
R003288,W052,2000,12.01,15.68,112.3,23.45
R003289,W052,2025,12.04,14.56,112.6,23.81
R003290,W052,2050,12.02,14.53,110,23.12
R003291,W052,2075,11.99,15.81,122.8,21.58
R003292,W052,2100,12.13,13.17,115.4,21.84
R003293,W052,2125,12.15,12.87,116.3,23.07
R003294,W052,2150,12.21,12.79,119.5,22.65
R003295,W052,2175,12.25,12.41,119.8,24.59
R003296,W052,2200,12.28,14.7,108.2,23.19
R003297,W052,2225,12.33,12.39,113.3,22.63
R003298,W052,2250,12.23,14.63,109.6,23.64
R003299,W052,2275,12.32,12.44,119.4,23.03
R003300,W052,2300,12.33,13.68,119.7,24.73
R003301,W052,2325,12.37,14.94,115.4,25.23
R003302,W052,2350,12.38,13.28,113.7,25.84
R003303,W052,2375,12.53,12,108.8,24.79
R003304,W052,2400,12.47,13.83,112.8,26.18
R003305,W052,2425,12.55,13.2,117.1,26.48
R003306,W052,2450,12.78,8.72,96.4,27.46
R003307,W052,2475,12.78,9.4,106.7,29.03
R003308,W052,2500,12.85,9.89,103.8,27.86
R003309,W052,2525,12.91,10,97.2,28.61
R003310,W052,2550,12.91,9.67,103,28.24
R003311,W052,2575,12.88,8.58,101.5,29.69
R003312,W052,2600,12.98,9.2,96.5,29.59
R003313,W052,2625,13.04,8.4,104.7,28.47
R003314,W052,2650,12.94,8.6,97.4,29.9
R003315,W052,2675,13,8.84,100.1,31.26
R003316,W052,2700,13.09,8.48,100.7,31.64
R003317,W052,2725,13.17,8.64,101.3,31.01
R003318,W052,2750,13.23,7.78,99.6,29.98
R003319,W052,2775,13.18,9.53,98.4,30.17
R003320,W052,2800,13.19,7.66,103.4,31.86
R003321,W052,2825,13.31,7.58,99.7,30.49
R003322,W052,2850,13.37,7.63,89.6,32.64
R003323,W052,2875,13.39,7.76,91.5,30.74
R003324,W052,2900,13.42,7.66,93.3,31.59
R003325,W052,2925,13.35,8.83,91.2,30.97
R003326,W052,2950,13.41,8.74,102,30.96
R003327,W052,2975,13.5,8.43,95.7,31.27
R003328,W052,3000,13.54,8.3,95.6,32.29
R003329,W052,3025,13.51,7.78,92.7,33.42
R003330,W052,3050,13.57,7.88,91.4,33.84
R003331,W052,3075,13.59,8.59,99.1,34
R003332,W052,3100,13.7,7.56,87.5,33.41
R003333,W052,3125,13.67,7.35,93.1,33.67
R003334,W052,3150,13.7,8.59,87.4,33.32
R003335,W052,3175,13.82,7.61,95.6,33.18
R003336,W052,3200,13.78,8.72,92.2,34.08
R003337,W052,3225,13.9,8.38,94.5,33.63
R003338,W052,3250,13.81,7.64,88.2,34.13
R003339,W053,100,9.21,34.96,138.9,4.91
R003340,W053,200,9.3,34.07,141.4,7.78
R003341,W053,300,9.39,34.75,148.7,6.39
R003342,W053,400,9.5,32.75,140.3,8.7
R003343,W053,500,9.78,34.55,134.7,9.79
R003344,W053,600,9.8,20.23,133.7,9.53
R003345,W053,700,9.75,24.1,136.9,12.41
R003346,W053,800,9.98,23.19,133.8,13.46
R003347,W053,900,10.14,18.72,126.7,14.18
R003348,W053,1000,10.25,22.25,127.9,14.91
R003349,W053,1100,10.44,19.49,132.7,15.76
R003350,W053,1200,10.67,21.09,129.8,15.95
R003351,W053,1300,10.67,20.61,133,14.91
R003352,W053,1400,10.93,20.95,125.9,17.46
R003353,W053,1500,11.08,17.2,131.8,17.06
R003354,W053,1600,11.11,19.41,123.3,16.77
R003355,W053,1700,11.5,15.46,117.5,18.61
R003356,W053,1800,11.66,14.78,118.9,22
R003357,W053,1900,11.87,15.56,116,20.97
R003358,W053,2000,12.01,13.5,119,21.32
R003359,W053,2100,12.11,13.64,113.9,21.53
R003360,W053,2200,12.29,14.36,110.3,25.09
R003361,W053,2300,12.44,12.39,111.4,24.43
R003362,W053,2400,12.66,9.96,96.9,29.16
R003363,W053,2500,12.76,8.46,105.7,28.52
R003364,W053,2600,12.89,9.61,98,29.24
R003365,W053,2700,13.14,8.96,97.1,30.29
R003366,W053,2800,13.3,7.93,101.3,32.71
R003367,W053,2900,13.31,7.57,91.8,33.52
R003368,W053,3000,13.55,8.63,91.9,33.02
R003369,W053,3100,13.72,8.61,94.4,33.29
R003370,W053,3200,13.74,7.72,86.9,33.53
R003371,W054,100,9.12,30.3,138.4,6.5
R003372,W054,200,9.32,29.83,138.3,6.41
R003373,W054,300,9.49,34.35,136,8.03
R003374,W054,400,9.6,31.26,140.2,7.55
R003375,W054,500,9.63,30.4,142.4,9.49
R003376,W054,600,9.89,30.7,143.9,9.17
R003377,W054,700,10,31.33,131.3,11
R003378,W054,800,10.05,22.54,132.4,12.16
R003379,W054,900,10.11,22.85,127.3,12.53
R003380,W054,1000,10.32,18.88,125.7,13.73
R003381,W054,1100,10.4,19.16,128.8,14.19
R003382,W054,1200,10.66,21.39,127.3,13.76
R003383,W054,1300,10.7,20.67,129.2,17.23
R003384,W054,1400,10.84,19.95,125,16.42
R003385,W054,1500,11.11,17.81,121.5,18.54
R003386,W054,1600,11.25,19.68,124.7,19.15
R003387,W054,1700,11.35,16.66,122.9,18.63
R003388,W054,1800,11.53,19.82,127.5,18.92
R003389,W054,1900,11.54,17.91,119.6,20.91
R003390,W054,2000,11.72,17.94,114.4,20.28
R003391,W054,2100,12.06,15,119.7,23.78
R003392,W054,2200,12.2,13.1,120.2,23.65
R003393,W054,2300,12.44,12.92,115.1,24.67
R003394,W054,2400,12.54,13.65,118.7,24.6
R003395,W054,2500,12.62,12.08,106.8,26.84
R003396,W054,2600,12.85,13.94,103.9,25.36
R003397,W054,2700,12.94,11.28,107.2,26.87
R003398,W054,2800,13.02,12.82,112.5,26.79
R003399,W054,2900,13.42,8.74,94.2,32.93
R003400,W054,3000,13.57,8.34,96.5,32.47
R003401,W054,3100,13.67,8.45,94.5,34.29
R003402,W054,3200,13.79,8.74,88.7,33.01
R003403,W054,3300,13.87,7.56,90.8,35.87
R003404,W054,3400,14.11,7.87,89.4,35.04
R003405,W054,3500,14.2,6.61,84.9,35.35
R003406,W054,3600,14.33,6.85,87.3,37.53
R003407,W054,3700,14.57,6.64,79.8,37.19
R003408,W054,3800,14.67,6.37,90.4,40.1
R003409,W054,3900,14.8,6.72,84.1,40.97
R003410,W055,100,9.19,32.66,148.4,6.13
R003411,W055,200,9.25,33.38,145.6,7.4
R003412,W055,300,9.48,32.43,143.4,7.71
R003413,W055,400,9.57,31.72,141.4,9.47
R003414,W055,500,9.65,33.53,142.5,9.88
R003415,W055,600,9.89,33.34,139.9,8.3
R003416,W055,700,9.97,23.34,130.2,12.58
R003417,W055,800,10.06,22.12,128.5,11.76
R003418,W055,900,10.2,19.63,127.3,12.16
R003419,W055,1000,10.4,22.7,130.4,13.68
R003420,W055,1100,10.39,22.57,131.5,13.68
R003421,W055,1200,10.62,21.71,123.8,15.74
R003422,W055,1300,10.72,19.29,122.2,15.86
R003423,W055,1400,10.96,20.41,129.3,17.83
R003424,W055,1500,11.07,18.81,129.8,16.67
R003425,W055,1600,11.1,18.4,117.2,19.08
R003426,W055,1700,11.28,17.82,127.8,18.3
R003427,W055,1800,11.38,18.76,123,18.72
R003428,W055,1900,11.53,19.59,113.6,19.26
R003429,W055,2000,11.69,18.29,123.6,21.01
R003430,W055,2100,12.12,13.01,112.9,23.15
R003431,W055,2200,12.29,13.13,115.7,22.94
R003432,W055,2300,12.39,13.04,107.2,24.53
R003433,W055,2400,12.44,14.72,108,24.59
R003434,W055,2500,12.59,13.2,105.9,25.14
R003435,W055,2600,12.73,12.39,114.8,26.29
R003436,W055,2700,12.91,11.19,104,27.94
R003437,W055,2800,13.06,10.91,110.3,29.19
R003438,W055,2900,13.27,12.92,105.1,29.2
R003439,W055,3000,13.48,7.47,100.4,33.34
R003440,W055,3100,13.6,7.12,87.2,33.65
R003441,W055,3200,13.85,7.05,91.6,34.14
R003442,W055,3300,14,8.22,97.2,35.12
R003443,W055,3400,14.05,7.88,90.8,37.12
R003444,W055,3500,14.21,7.7,93.3,35.83
R003445,W055,3600,14.37,7.78,91.3,38.03
R003446,W055,3700,14.51,7.49,89,38.08
R003447,W055,3800,14.63,6.76,84.9,37.86
R003448,W055,3900,14.87,7.12,85.4,40.57
R003449,W056,100,9.17,29.79,139.8,5.34
R003450,W056,200,9.32,29.21,145.3,6.57
R003451,W056,300,9.45,30.55,135.8,7.31
R003452,W056,400,9.59,29.44,143.9,7.9
R003453,W056,500,9.68,29.25,141.4,9.28
R003454,W056,600,9.83,34.43,137.4,9.37
R003455,W056,700,9.95,21.85,133.4,10.86
R003456,W056,800,10.05,21.17,133.6,10.8
R003457,W056,900,10.11,23.43,136,11.61
R003458,W056,1000,10.35,19.76,130.1,14.73
R003459,W056,1100,10.41,18.3,135.7,13.05
R003460,W056,1200,10.56,18.61,131.5,16.08
R003461,W056,1300,10.77,18.8,130.4,16.11
R003462,W056,1400,10.87,20.03,128.5,17.23
R003463,W056,1500,11.06,17.27,127.9,17.88
R003464,W056,1600,11.17,17.52,123.9,19.54
R003465,W056,1700,11.3,18.92,127.5,20.23
R003466,W056,1800,11.71,16.02,123.5,21.35
R003467,W056,1900,11.78,14.17,124.1,21.84
R003468,W056,2000,11.86,15.71,118.1,22.35
R003469,W056,2100,12.05,13.74,110,21.94
R003470,W056,2200,12.21,14.22,115.6,23.01
R003471,W056,2300,12.38,14.76,109.4,25.57
R003472,W056,2400,12.58,11.96,110.3,24.34
R003473,W056,2500,12.57,13.94,112.9,24.55
R003474,W056,2600,13,9.12,97.5,30.43
R003475,W056,2700,13.05,9.33,104.3,30.02
R003476,W056,2800,13.23,8.74,96.3,31.62
R003477,W056,2900,13.39,9.28,89.7,31.44
R003478,W056,3000,13.44,8.04,92.8,33.25
R003479,W056,3100,13.7,7.52,87.2,33.89
R003480,W056,3200,13.77,8.12,89.1,35.55
R003481,W056,3300,14,7.27,88.7,33.93
R003482,W056,3400,14.1,7.73,95.4,36.17
R003483,W057,100,8.98,22.13,140.2,5.74
R003484,W057,200,9.15,20.6,146.9,6.39
R003485,W057,300,9.26,21.33,134,8.87
R003486,W057,400,9.44,23.61,138.4,9.52
R003487,W057,500,9.54,20.55,135.5,8.49
R003488,W057,600,9.72,21.54,139.6,9.73
R003489,W057,700,9.84,23.83,138.3,12.04
R003490,W057,800,10.05,23.01,139.3,12.16
R003491,W057,900,10.17,19.85,137.5,13.52
R003492,W057,1000,10.36,20.03,137.2,14.47
R003493,W057,1100,10.47,20.33,123.9,13.56
R003494,W057,1200,10.59,19.46,125.8,14.2
R003495,W057,1300,10.77,21.92,123.9,16.79
R003496,W057,1400,10.81,19.76,123.7,17.91
R003497,W057,1500,11,17.61,129.9,18.25
R003498,W057,1600,11.11,19.34,122.8,16.71
R003499,W057,1700,11.49,16.89,122.6,19.07
R003500,W057,1800,11.61,14.36,118.9,21.88
R003501,W057,1900,11.74,15.54,114.6,20.43
R003502,W057,2000,12,13.92,115.2,23.03
R003503,W057,2100,12.09,14.56,117.8,24.21
R003504,W057,2200,12.23,14.45,110.7,24.56
R003505,W057,2300,12.34,13.21,109,25.83
R003506,W057,2400,12.72,9.44,108.2,27.7
R003507,W057,2500,12.8,9.57,100.2,28.7
R003508,W057,2600,12.86,8.84,95.2,29.26
R003509,W057,2700,13.02,9.45,102.4,30.37
R003510,W057,2800,13.18,7.76,96.1,32.08
R003511,W057,2900,13.32,8.65,91.9,33.44
R003512,W057,3000,13.54,8.11,92,33.18
R003513,W057,3100,13.62,7.92,88.5,33.98
R003514,W058,100,9.2,37.03,150.2,4.38
R003515,W058,200,9.25,31.78,144.5,5.3
R003516,W058,300,9.44,30.92,146.5,8.41
R003517,W058,400,9.63,34.69,147.4,6.64
R003518,W058,500,9.7,27.89,141.6,7.37
R003519,W058,600,9.91,31.59,143,8.72
R003520,W058,700,9.83,20.18,132.8,11.19
R003521,W058,800,10,22.74,136.5,12.25
R003522,W058,900,10.15,20.89,135.3,12.17
R003523,W058,1000,10.37,22.47,129.4,13.09
R003524,W058,1100,10.52,19.85,126.2,15.61
R003525,W058,1200,10.68,18.5,124.9,15.56
R003526,W058,1300,10.7,21.94,130.6,15.33
R003527,W058,1400,10.93,19.91,131.7,15.23
R003528,W058,1500,11.11,18.56,125.4,18.25
R003529,W058,1600,11.23,17.9,121.2,16.79
R003530,W058,1700,11.29,19.3,121.3,19.93
R003531,W058,1800,11.7,14.41,114.6,20.99
R003532,W058,1900,11.86,13.05,118.9,22.43
R003533,W058,2000,11.88,14.68,113.3,21.93
R003534,W058,2100,12.15,14.03,116.2,24.01
R003535,W058,2200,12.28,15.14,118,23.39
R003536,W058,2300,12.33,13.04,116.7,25.75
R003537,W058,2400,12.48,12.98,110.4,24.19
R003538,W058,2500,12.63,12.74,103.1,25.7
R003539,W058,2600,12.99,8.25,96.3,28.28
R003540,W058,2700,13.09,8.28,103.4,30.36
R003541,W058,2800,13.16,7.96,92.8,30.87
R003542,W058,2900,13.31,7.42,95.9,31.04
R003543,W058,3000,13.58,7.86,89.8,32.44
R003544,W058,3100,13.59,7.15,86.8,34.04
R003545,W058,3200,13.83,8.4,91.9,35.27
R003546,W058,3300,13.9,8.36,95.2,35.65
R003547,W058,3400,14.12,6.96,93.4,34.42
R003548,W059,100,9.07,33.46,147.7,6.24
R003549,W059,200,9.31,30.58,146.9,6.45
R003550,W059,300,9.49,34.03,143.1,6.38
R003551,W059,400,9.5,34.74,134.6,9.37
R003552,W059,500,9.72,34.45,133.3,7.5
R003553,W059,600,9.93,30.34,132.3,8.95
R003554,W059,700,9.91,20.03,128.4,11.25
R003555,W059,800,10.08,23.49,138,10.63
R003556,W059,900,10.22,20.1,130.1,13.44
R003557,W059,1000,10.35,21.01,127.4,14.31
R003558,W059,1100,10.41,19.84,125,14.76
R003559,W059,1200,10.68,21.43,132.1,16.21
R003560,W059,1300,10.81,18.41,122.2,16.31
R003561,W059,1400,10.85,20.32,119.7,15.74
R003562,W059,1500,11.02,21.18,125.6,15.98
R003563,W059,1600,11.15,18.84,122.5,17.6
R003564,W059,1700,11.33,17.84,118.9,20.39
R003565,W059,1800,11.48,16.22,118.8,20.9
R003566,W059,1900,11.79,15.36,119.8,20.76
R003567,W059,2000,11.96,13.29,120,23.09
R003568,W059,2100,12.12,14.41,112.3,22.28
R003569,W059,2200,12.24,15.35,109.3,22.66
R003570,W059,2300,12.37,13.04,107.9,24.14
R003571,W059,2400,12.52,12.75,110.6,24.6
R003572,W059,2500,12.61,13.32,110.6,26.41
R003573,W059,2600,12.9,8.62,93.1,30.54
R003574,W059,2700,13.06,8.2,96.4,29.59
R003575,W059,2800,13.18,8.12,90.7,32.55
R003576,W059,2900,13.39,8.18,94.1,30.91
R003577,W059,3000,13.51,8.46,95.3,32.38
R003578,W059,3100,13.58,8.19,90,35.85
R003579,W059,3200,13.86,7.32,89.5,33.66
R003580,W059,3300,13.89,7.52,92.5,36.39
R003581,W059,3400,14,6.97,90.1,36.2
R003582,W060,100,8.99,23.16,141,7.49
R003583,W060,200,9.17,22.42,146.8,6.59
R003584,W060,300,9.25,23.26,141.2,7.06
R003585,W060,400,9.39,24.73,139.5,10.25
R003586,W060,500,9.61,23.37,142.2,9.14
R003587,W060,600,9.74,20.99,129.6,11.72
R003588,W060,700,9.94,24.14,134.6,11.94
R003589,W060,800,10.08,19.74,134.3,11.82
R003590,W060,900,10.21,22.8,130.3,13.42
R003591,W060,1000,10.26,19.23,127.9,13.32
R003592,W060,1100,10.39,21.99,134.2,15.11
R003593,W060,1200,10.67,18.98,129.2,15.33
R003594,W060,1300,10.73,17.85,126.9,15.92
R003595,W060,1400,10.81,17.53,129.7,17.76
R003596,W060,1500,10.97,20.82,121.2,17.29
R003597,W060,1600,11.15,18.55,127.3,18.87
R003598,W060,1700,11.37,16.87,118.9,19.24
R003599,W060,1800,11.67,16.39,112.9,19.3
R003600,W060,1900,11.85,14.94,124.2,20.59
R003601,W060,2000,11.91,14.96,115,20.81
R003602,W060,2100,12.02,13.69,116.8,23.58
R003603,W060,2200,12.3,12.93,119.8,22.24
R003604,W060,2300,12.4,12.76,118.1,24.03
R003605,W060,2400,12.56,13.15,117,24.98
R003606,W060,2500,12.57,13.22,108.8,24.58
R003607,W060,2600,12.91,8.17,106.3,30.94
R003608,W060,2700,13.16,8.59,93.9,30.97
R003609,W060,2800,13.17,7.72,90,30.17
R003610,W060,2900,13.35,7.42,92.2,32.88
R003611,W060,3000,13.47,7.73,97.7,31.59
R003612,W060,3100,13.58,8.05,91.2,32.76
R003613,W060,3200,13.86,7.07,96.5,34.88
R003614,W060,3300,13.99,8.19,92.5,36.3
R003615,W060,3400,14.15,6.76,93.5,36.49
R003616,W061,100,9.21,33.64,151.3,6.34
R003617,W061,200,9.27,30.92,150.3,7.14
R003618,W061,300,9.36,30.61,137.9,8.65
R003619,W061,400,9.59,31.89,135.3,9.33
R003620,W061,500,9.66,35,133.5,7.72
R003621,W061,600,9.74,23.95,138.1,9.57
R003622,W061,700,9.84,19.98,131.7,11.34
R003623,W061,800,9.99,23.51,137,11.39
R003624,W061,900,10.15,21.25,139.7,13.73
R003625,W061,1000,10.35,22.6,138.3,15.07
R003626,W061,1100,10.41,21.59,131.2,13.46
R003627,W061,1200,10.61,19.54,134.4,16.4
R003628,W061,1300,10.68,17.7,134.2,14.89
R003629,W061,1400,10.93,19.83,119.7,17.61
R003630,W061,1500,11.03,18.89,118.9,16.23
R003631,W061,1600,11.1,18.65,124.3,18.02
R003632,W061,1700,11.57,13.49,126.9,20.97
R003633,W061,1800,11.7,15.22,113.5,20.65
R003634,W061,1900,11.73,13.87,114.2,20.72
R003635,W061,2000,11.91,15.38,118.3,22.04
R003636,W061,2100,12.11,15.33,120.6,22.31
R003637,W061,2200,12.3,13.12,114.5,22.52
R003638,W061,2300,12.33,12.99,109.3,23.19
R003639,W061,2400,12.71,9.51,108.1,27.73
R003640,W061,2500,12.74,8.98,103.9,29.43
R003641,W061,2600,12.96,7.93,94,29.63
R003642,W061,2700,13.1,8.23,98.3,29.16
R003643,W061,2800,13.15,8.77,100.7,30.26
R003644,W061,2900,13.38,8.42,94.9,33.29
R003645,W061,3000,13.58,8.16,94,33.06
R003646,W061,3100,13.68,8.42,89.2,34.54
R003647,W062,100,9.11,22.9,138.2,6.19
R003648,W062,200,9.26,23.36,146.8,6.64
R003649,W062,300,9.26,21.07,139.5,7.79
R003650,W062,400,9.52,21.85,141.4,7.82
R003651,W062,500,9.65,24.42,138.4,9.08
R003652,W062,600,9.75,24.16,138.2,10.48
R003653,W062,700,9.89,23.44,132.1,9.87
R003654,W062,800,10.08,21.34,132.8,12.84
R003655,W062,900,10.21,20.25,128.2,12.37
R003656,W062,1000,10.25,22.68,128.6,13.99
R003657,W062,1100,10.41,20.18,126.3,15.32
R003658,W062,1200,10.66,20.43,124.4,16.38
R003659,W062,1300,10.73,21,132.5,15.14
R003660,W062,1400,10.9,20.97,121.7,15.91
R003661,W062,1500,10.96,21.33,119.1,17.64
R003662,W062,1600,11.11,19.91,123.9,18.2
R003663,W062,1700,11.35,16.48,124.6,19.99
R003664,W062,1800,11.42,19.62,122.6,19.09
R003665,W062,1900,11.76,15.08,116.7,22.19
R003666,W062,2000,11.87,13.96,120.1,22.91
R003667,W062,2100,12.13,12.7,110.1,23.96
R003668,W062,2200,12.21,15.57,116.6,24.15
R003669,W062,2300,12.35,13.12,118.5,25.3
R003670,W062,2400,12.53,13.48,113.8,24.6
R003671,W062,2500,12.61,12.3,117,25.68
R003672,W062,2600,12.81,14.17,104.8,26.91
R003673,W062,2700,13.03,8.78,94.8,29.13
R003674,W062,2800,13.3,9.16,101.6,31.67
R003675,W062,2900,13.44,8.64,95.7,30.9
R003676,W062,3000,13.46,8.84,97.2,32.8
R003677,W062,3100,13.69,8.6,88.3,33.84
R003678,W062,3200,13.8,8.14,90.4,34.9
R003679,W062,3300,14.01,7.47,90.6,35.07
R003680,W062,3400,14.15,8.24,82.6,35.23
R003681,W062,3500,14.22,6.49,84.5,35.16
R003682,W063,100,9.2,30.63,145.4,6.01
R003683,W063,200,9.35,29.67,144.9,7.05
R003684,W063,300,9.44,34.85,139.7,8.77
R003685,W063,400,9.63,28.5,144.1,7.49
R003686,W063,500,9.67,30.85,135,7.62
R003687,W063,600,9.87,28.95,131.9,8.32
R003688,W063,700,9.93,22.86,128.8,12.78
R003689,W063,800,10,21.82,131.6,11.88
R003690,W063,900,10.19,20.53,133.8,11.89
R003691,W063,1000,10.31,20.78,131.4,12.99
R003692,W063,1100,10.45,22.7,127.8,14.28
R003693,W063,1200,10.63,19.7,124.5,14.85
R003694,W063,1300,10.75,17.68,131.6,14.97
R003695,W063,1400,10.84,20.46,123.4,16.12
R003696,W063,1500,11.04,17.99,130.2,18.5
R003697,W063,1600,10.95,20.03,119.8,16.01
R003698,W063,1700,11.3,20.06,119,19.03
R003699,W063,1800,11.42,19.13,117.6,18.83
R003700,W063,1900,11.74,13.39,122.1,21.85
R003701,W063,2000,11.89,16.2,116.5,21.41
R003702,W063,2100,12.14,15.69,118.2,23.71
R003703,W063,2200,12.25,13.56,114.9,24.01
R003704,W063,2300,12.34,14.28,117.7,24.56
R003705,W063,2400,12.5,12.78,103.7,28.28
R003706,W063,2500,12.62,12.41,108.6,27.21
R003707,W063,2600,12.96,8.26,96.6,29.51
R003708,W063,2700,13.11,8.61,94.7,31.54
R003709,W063,2800,13.18,9.49,100.1,30.56
R003710,W063,2900,13.32,8.72,93.9,30.91
R003711,W063,3000,13.59,8.47,95.9,32.13
R003712,W063,3100,13.72,7.21,96.3,33.81
R003713,W063,3200,13.8,6.95,87.9,33.12
R003714,W063,3300,14.02,8.31,91.6,34.74
R003715,W063,3400,14.1,7.23,87.3,36.33
R003716,W064,100,8.98,26.17,140.9,5.78
R003717,W064,200,9.26,22.83,138.8,6.51
R003718,W064,300,9.38,22.69,137.6,9.5
R003719,W064,400,9.41,20.41,135.5,9.79
R003720,W064,500,9.62,24.21,140.5,10.8
R003721,W064,600,9.7,23.18,131.3,10.98
R003722,W064,700,9.94,23.67,130.9,11.18
R003723,W064,800,10.08,20.66,139.5,10.82
R003724,W064,900,10.21,21.08,135.5,11.45
R003725,W064,1000,10.27,22.11,127.8,12.44
R003726,W064,1100,10.52,18.65,137.1,15.46
R003727,W064,1200,10.58,20.44,124.7,16
R003728,W064,1300,10.71,18.44,130,15.13
R003729,W064,1400,10.87,19.15,130.4,17.44
R003730,W064,1500,10.99,17.64,119.4,17.7
R003731,W064,1600,11.23,16.58,125.7,17.55
R003732,W064,1700,11.24,18.7,125.1,19.9
R003733,W064,1800,11.74,11.34,104.4,21.99
R003734,W064,1900,11.81,14.69,117.7,22.52
R003735,W064,2000,11.86,15.86,112.5,22.81
R003736,W064,2100,12.01,14.34,120.2,22
R003737,W064,2200,12.18,14.13,116.6,23.42
R003738,W064,2300,12.32,13.66,118.4,25.14
R003739,W064,2400,12.47,13.76,111.4,24.67
R003740,W064,2500,12.75,8.39,102.8,27.58
R003741,W064,2600,12.93,9.27,93.7,31.13
R003742,W064,2700,13.06,9.23,101.5,29.43
R003743,W064,2800,13.19,9.42,97.5,31
R003744,W064,2900,13.43,8.05,91,33.38
R003745,W064,3000,13.53,8.11,96.6,31.35
R003746,W064,3100,13.61,7.39,87.9,33.81
R003747,W064,3200,13.77,7.04,94.3,33.61
R003748,W064,3300,13.86,7.65,83.8,33.72
R003749,W064,3400,14.09,6.88,93.6,35.55
R003750,W065,100,9.15,31.96,138.9,6.07
R003751,W065,200,9.24,36.87,141.9,5.89
R003752,W065,300,9.44,31.93,138.6,7.21
R003753,W065,400,9.51,28.48,140.3,7.51
R003754,W065,500,9.75,30.98,144.4,7.62
R003755,W065,600,9.82,32.96,134.2,9.09
R003756,W065,700,9.95,20.07,136,10.47
R003757,W065,800,10.19,23.71,137.1,11.96
R003758,W065,900,10.14,21.79,133,14.21
R003759,W065,1000,10.26,22.81,126.7,12.96
R003760,W065,1100,10.49,19.36,131.9,15.7
R003761,W065,1200,10.67,18.34,135.1,14.62
R003762,W065,1300,10.78,17.88,127.6,15.03
R003763,W065,1400,10.87,20.24,132.3,15.23
R003764,W065,1500,10.99,19.07,120.3,17.2
R003765,W065,1600,11.2,16.57,125.4,19.64
R003766,W065,1700,11.37,18.81,126.2,17.5
R003767,W065,1800,11.5,17.27,122.2,20.38
R003768,W065,1900,11.74,14.57,117.8,20.65
R003769,W065,2000,11.97,14.48,116.7,21.79
R003770,W065,2100,12.14,13.95,109.7,21.77
R003771,W065,2200,12.15,13.92,114.8,23.24
R003772,W065,2300,12.43,13.78,106.7,25.32
R003773,W065,2400,12.51,12.59,111.1,26.7
R003774,W065,2500,12.71,13.5,104.4,27.16
R003775,W065,2600,12.81,13.99,110.3,27.53
R003776,W065,2700,12.98,13.03,113,27.62
R003777,W065,2800,13.18,8,96.5,32.68
R003778,W065,2900,13.41,9.03,100.3,30.93
R003779,W065,3000,13.59,8.9,87.7,33.56
R003780,W065,3100,13.64,8.12,94.1,32.08
R003781,W065,3200,13.77,8.6,90.2,34.64
R003782,W065,3300,14.01,7.29,87.4,34.83
R003783,W065,3400,14,8.09,89.8,36.96
R003784,W065,3500,14.25,6.53,88.4,36.86
R003785,W065,3600,14.35,6.48,92.2,35.89
R003786,W066,100,9.17,31.65,138.8,6.92
R003787,W066,200,9.26,33.2,146.8,5.41
R003788,W066,300,9.41,28.82,140.1,6.39
R003789,W066,400,9.56,32.59,135.2,9.37
R003790,W066,500,9.64,34.48,142.7,9.55
R003791,W066,600,9.86,28.54,133.9,8.92
R003792,W066,700,9.92,24.22,129,10.58
R003793,W066,800,10.07,22.77,138.6,10.65
R003794,W066,900,10.11,21.82,127.8,13.29
R003795,W066,1000,10.26,23,124.7,14.43
R003796,W066,1100,10.51,21.55,125.2,14.15
R003797,W066,1200,10.56,18.45,128.8,15.16
R003798,W066,1300,10.68,18.13,123.4,16.61
R003799,W066,1400,10.87,20.96,123.4,15.57
R003800,W066,1500,11.04,21.02,131,16.04
R003801,W066,1600,11.11,19.18,117.1,18.82
R003802,W066,1700,11.27,20.27,127.5,18.06
R003803,W066,1800,11.53,19.05,124.3,19.66
R003804,W066,1900,11.72,14.3,117.8,20.03
R003805,W066,2000,11.94,12.82,120.6,22.14
R003806,W066,2100,12.15,12.87,115.3,21.55
R003807,W066,2200,12.22,12.64,118.6,22.94
R003808,W066,2300,12.34,12.73,118.5,25.68
R003809,W066,2400,12.57,12.15,114.2,23.88
R003810,W066,2500,12.61,13.18,116.9,26.45
R003811,W066,2600,12.84,13.48,106,26.68
R003812,W066,2700,13.04,8.23,100.6,30.74
R003813,W066,2800,13.21,7.92,94.1,30.81
R003814,W066,2900,13.31,9.37,93.2,33.33
R003815,W066,3000,13.53,8.64,99.1,33.55
R003816,W066,3100,13.64,8.79,91.7,32.13
R003817,W066,3200,13.84,7.48,97.5,33.94
R003818,W066,3300,13.89,7.18,97.4,35.52
R003819,W066,3400,14.02,7.32,87,36.45
R003820,W066,3500,14.15,7.64,93.6,36.01
R003821,W066,3600,14.31,7.08,90.1,36.63
R003822,W067,100,9.15,36.45,147.2,4.32
R003823,W067,200,9.41,30.79,137.4,7.8
R003824,W067,300,9.48,31.51,140.2,6.63
R003825,W067,400,9.52,30.33,136.1,7.26
R003826,W067,500,9.69,33.62,139.7,9.57
R003827,W067,600,9.83,24.32,135.6,11.58
R003828,W067,700,9.89,21.8,130.6,10.5
R003829,W067,800,9.96,22.71,137,11.78
R003830,W067,900,10.13,19.66,128.6,12.09
R003831,W067,1000,10.25,21.45,129.3,14.83
R003832,W067,1100,10.54,18.98,135.8,15.49
R003833,W067,1200,10.54,20.48,127.7,15.73
R003834,W067,1300,10.81,21.97,129.9,15.54
R003835,W067,1400,10.82,17.97,129.8,15.19
R003836,W067,1500,11.08,20.07,125.7,18.12
R003837,W067,1600,11.11,18.32,127,18.96
R003838,W067,1700,11.28,18.58,124,18.58
R003839,W067,1800,11.62,15.19,126.2,20.21
R003840,W067,1900,11.78,13.26,113.5,22.4
R003841,W067,2000,11.76,16.45,118,22.16
R003842,W067,2100,12.13,12.85,122.5,24.18
R003843,W067,2200,12.24,15.35,112.3,24.04
R003844,W067,2300,12.43,13.72,117.2,23.66
R003845,W067,2400,12.54,14.25,110.3,26.03
R003846,W067,2500,12.87,8.21,99,29.28
R003847,W067,2600,12.88,8.61,93.1,31.24
R003848,W067,2700,13.03,9.1,103,30.19
R003849,W067,2800,13.26,7.88,91.6,31.25
R003850,W067,2900,13.29,8.43,94.8,33.46
R003851,W067,3000,13.56,8.25,93,34.23
R003852,W067,3100,13.61,7.89,90.2,32.97
R003853,W067,3200,13.8,7.54,90.7,34.02
R003854,W068,100,9.07,23.79,140.5,7.67
R003855,W068,200,9.11,25.41,147.6,8.75
R003856,W068,300,9.3,23.73,134.2,7.14
R003857,W068,400,9.43,23.07,132.9,8.89
R003858,W068,500,9.58,22.88,132.2,10.33
R003859,W068,600,9.77,23.17,139.7,11.23
R003860,W068,700,9.93,23.07,138.4,11.78
R003861,W068,800,10.08,23.37,138.6,11.91
R003862,W068,900,10.13,19.82,133.6,13.65
R003863,W068,1000,10.39,20.62,126,12.92
R003864,W068,1100,10.51,19.84,125,14.35
R003865,W068,1200,10.63,21.75,124.8,14.7
R003866,W068,1300,10.79,18.34,121.6,16.81
R003867,W068,1400,10.93,21.48,125.9,15.39
R003868,W068,1500,10.95,17.04,120,16.32
R003869,W068,1600,11.25,20.69,121.6,18.58
R003870,W068,1700,11.34,18.15,116.5,19.56
R003871,W068,1800,11.46,16.75,123.8,20.22
R003872,W068,1900,11.57,16.61,124.2,20.4
R003873,W068,2000,11.92,13.57,120.2,22.94
R003874,W068,2100,12.15,15.62,117,22.97
R003875,W068,2200,12.28,12.68,110.5,22.4
R003876,W068,2300,12.37,12.29,108.8,25.44
R003877,W068,2400,12.58,12.78,110.6,24.12
R003878,W068,2500,12.61,12.1,114,25.16
R003879,W068,2600,12.84,13.34,113.6,26.52
R003880,W068,2700,12.96,11.45,101.7,26.5
R003881,W068,2800,13.07,11.22,108.6,29.04
R003882,W068,2900,13.4,8.94,102.4,32.55
R003883,W068,3000,13.56,9.14,100.7,33.5
R003884,W068,3100,13.59,8.5,95.6,34.1
R003885,W068,3200,13.75,7.13,90.3,35.18
R003886,W068,3300,13.93,6.81,96.5,36.14
R003887,W068,3400,14.05,7.89,91.1,36.09
R003888,W068,3500,14.15,6.46,84.8,36.91
R003889,W068,3600,14.42,6.31,91.3,36.43
R003890,W068,3700,14.57,7.59,89.4,37.75
R003891,W068,3800,14.72,7.09,91.4,37.42
R003892,W069,175,9.36,17.65,133.5,8.85
R003893,W069,350,9.66,18.09,134.1,8.98
R003894,W069,525,9.87,18.9,141.3,9.77
R003895,W069,700,9.91,22.2,129.9,12.24
R003896,W069,875,10.37,16.47,126.2,13.77
R003897,W069,1050,10.54,16.93,134.4,14.74
R003898,W069,1225,10.9,18.3,129.3,15.39
R003899,W069,1400,11.09,14.89,121.5,19.13
R003900,W069,1575,11.41,12.05,107.7,21.95
R003901,W069,1750,11.67,11.15,108.6,22.49
R003902,W069,1925,12.02,11.48,102.3,24.91
R003903,W069,2100,12.23,10.07,99.9,27.21
R003904,W069,2275,12.44,8.54,99,27.61
R003905,W069,2450,12.74,10.22,108.3,27.75
R003906,W069,2625,13.04,8.13,99.7,28.98
R003907,W069,2800,12.86,14.64,105.7,28.08
R003908,W069,2975,13.16,15.29,105.4,28.22
R003909,W070,175,9.18,30.13,143.7,5.62
R003910,W070,350,9.51,34.73,142.2,8.54
R003911,W070,525,9.85,18.16,140.7,11.03
R003912,W070,700,10.02,19.12,126.3,10.89
R003913,W070,875,10.28,16.05,127,12.79
R003914,W070,1050,10.54,18.96,134.6,15.02
R003915,W070,1225,10.9,17.33,123.8,16.61
R003916,W070,1400,11.02,17.34,117.5,17.91
R003917,W070,1575,11.4,16.06,118,17.95
R003918,W070,1750,11.76,11.35,112.5,24.13
R003919,W070,1925,11.98,10.87,112.5,25.95
R003920,W070,2100,12.3,9.44,110.7,26.37
R003921,W070,2275,12.45,9.07,99.2,28.43
R003922,W070,2450,12.63,10.07,105,28.85
R003923,W070,2625,12.99,9.78,100.1,29.33
R003924,W070,2800,13.22,8.92,93.7,31.73
R003925,W070,2975,13.52,7.81,91.1,31.74
R003926,W070,3150,13.31,15.17,98.5,28.51
R003927,W070,3325,13.68,14.14,107.3,31.24
R003928,W071,175,9.37,18.39,143.9,8.67
R003929,W071,350,9.58,18.98,139.6,11
R003930,W071,525,9.88,17.24,131.3,10.66
R003931,W071,700,10.07,16.06,136.9,13.04
R003932,W071,875,10.29,15.6,133.2,14.89
R003933,W071,1050,10.54,16.31,123.2,13.79
R003934,W071,1225,10.77,15.44,121.6,16.79
R003935,W071,1400,11.11,17.74,127,17.73
R003936,W071,1575,11.26,13.81,123.2,19.75
R003937,W071,1750,11.8,11.51,109.5,24.66
R003938,W071,1925,12.03,10.58,114.6,23.15
R003939,W071,2100,12.27,10.89,99,25.47
R003940,W071,2275,12.5,8.82,104.1,26.45
R003941,W071,2450,12.69,9.52,106.5,29.7
R003942,W071,2625,12.99,8.35,101.1,30.4
R003943,W071,2800,13.25,8.37,90.4,30.1
R003944,W071,2975,13.43,8.27,93.3,33.67
R003945,W071,3150,13.7,8.11,89.1,33.25
R003946,W071,3325,13.7,12.77,98.5,31.54
R003947,W071,3500,13.81,13.24,99.6,33.35
R003948,W072,175,9.23,32.37,148.9,7.24
R003949,W072,350,9.53,30.98,137.4,9.12
R003950,W072,525,9.92,17.54,128.7,11.14
R003951,W072,700,10.15,18.35,127,11.51
R003952,W072,875,10.33,18.43,133.7,14.72
R003953,W072,1050,10.64,15.84,132.5,15.64
R003954,W072,1225,10.89,17.78,131.8,16.06
R003955,W072,1400,11.11,14.25,118.3,17.96
R003956,W072,1575,11.44,11.25,106.6,22.01
R003957,W072,1750,11.68,10.51,111.4,24.25
R003958,W072,1925,11.96,10.5,110.1,25.95
R003959,W072,2100,12.24,10.38,106.1,25.95
R003960,W072,2275,12.54,10.42,97.4,28.6
R003961,W072,2450,12.75,9.95,97.1,29.86
R003962,W072,2625,13.01,8.5,103.5,30.24
R003963,W072,2800,12.84,15.28,105.9,28.16
R003964,W072,2975,13.09,12.7,108.3,29.54
R003965,W073,175,9.42,19.44,141.1,8.42
R003966,W073,350,9.53,19.33,130.7,8.24
R003967,W073,525,9.79,16.35,138.6,10.59
R003968,W073,700,10.14,19.8,128.5,11.65
R003969,W073,875,10.37,17.16,137.6,12.29
R003970,W073,1050,10.65,15.8,122.9,13.73
R003971,W073,1225,10.83,17.28,133.4,15.69
R003972,W073,1400,11.07,17.23,120.9,17.27
R003973,W073,1575,11.35,14.73,126,19.04
R003974,W073,1750,11.73,10.36,108.5,24.71
R003975,W073,1925,11.98,10.15,101.4,25.83
R003976,W073,2100,12.19,10.06,104.7,25.66
R003977,W073,2275,12.53,8.63,100,26.82
R003978,W073,2450,12.75,8.71,96.9,29.39
R003979,W073,2625,13,7.91,101.3,30.32
R003980,W073,2800,13.15,9.05,92.8,30.48
R003981,W073,2975,13.44,7.38,95.4,33.64
R003982,W073,3150,13.38,14.33,107.2,30.78
R003983,W073,3325,13.56,12.58,98.3,30.33
R003984,W074,175,9.29,32.36,147.7,5.35
R003985,W074,350,9.51,32.19,135.5,8.99
R003986,W074,525,9.95,17.12,141.9,12.05
R003987,W074,700,10.11,17.69,126.5,11.59
R003988,W074,875,10.29,18.22,126.2,12.4
R003989,W074,1050,10.56,17.19,122.2,14.71
R003990,W074,1225,10.78,16.47,121.6,16.41
R003991,W074,1400,11.08,15.43,125,18.62
R003992,W074,1575,11.28,14.85,125.5,19.13
R003993,W074,1750,11.69,10.63,111.5,22.92
R003994,W074,1925,12.05,10.57,103.9,26.02
R003995,W074,2100,12.24,9.62,112.4,27.05
R003996,W074,2275,12.56,10.75,101.8,27.15
R003997,W074,2450,12.68,9.89,106,27.76
R003998,W074,2625,13,8.51,103.9,30.26
R003999,W074,2800,13.2,8.53,90.9,32.74
R004000,W074,2975,13.12,15.4,106.9,29.7
R004001,W074,3150,13.34,13.23,106.1,29.63
R004002,W075,175,9.4,19.02,141,9.8
R004003,W075,350,9.59,20.71,136.2,10.83
R004004,W075,525,9.82,17.77,138.7,11.08
R004005,W075,700,10.1,17.07,132.6,11.13
R004006,W075,875,10.31,18.19,125.6,12.67
R004007,W075,1050,10.58,15.46,125.9,13.89
R004008,W075,1225,10.91,15.58,128,17.7
R004009,W075,1400,11.1,16.52,124,17.73
R004010,W075,1575,11.48,11.29,118.6,22.89
R004011,W075,1750,11.67,11.05,108.2,23.2
R004012,W075,1925,12,10.15,104,24.71
R004013,W075,2100,12.31,10.88,110.2,26.16
R004014,W075,2275,12.53,10.68,110.4,26.34
R004015,W075,2450,12.79,8.23,95.4,29.14
R004016,W075,2625,12.61,16.05,108.9,27.14
R004017,W075,2800,12.84,15.33,104.1,26.8
R004018,W076,175,9.25,36.42,142.1,7.58
R004019,W076,350,9.49,30.52,141.9,7.85
R004020,W076,525,9.74,34.42,134.6,8.87
R004021,W076,700,10.12,19.14,128,13.49
R004022,W076,875,10.27,16.71,129.2,14.4
R004023,W076,1050,10.53,16.83,130.3,13.88
R004024,W076,1225,10.8,15.1,126.2,16.45
R004025,W076,1400,11.16,14.56,125.8,16.95
R004026,W076,1575,11.32,16.01,128.5,18.94
R004027,W076,1750,11.54,12.51,111.4,22.51
R004028,W076,1925,11.98,11.51,101.5,23.31
R004029,W076,2100,12.19,9.68,107.6,27.1
R004030,W076,2275,12.53,9.28,102.8,26.82
R004031,W076,2450,12.81,8.76,104.7,29.71
R004032,W076,2625,12.96,9.24,105.5,29.63
R004033,W076,2800,13.29,9.34,91.3,30.56
R004034,W076,2975,13.12,13.99,104.5,29
R004035,W076,3150,13.35,13.74,98.7,31.12
R004036,W077,175,9.21,32.38,147.5,7.55
R004037,W077,350,9.55,30.72,145.6,6.44
R004038,W077,525,9.88,17.62,142.3,10
R004039,W077,700,10.14,19.43,134.1,11.96
R004040,W077,875,10.28,17.07,135.4,13.44
R004041,W077,1050,10.57,18.51,128.2,15.75
R004042,W077,1225,10.79,18.52,127.1,15.7
R004043,W077,1400,11.1,16.48,129.6,16.64
R004044,W077,1575,11.56,11.6,114.6,21
R004045,W077,1750,11.81,9.73,105.2,22.28
R004046,W077,1925,11.94,9.51,108.3,23.19
R004047,W077,2100,12.17,9.13,102.7,24.55
R004048,W077,2275,12.53,9.55,101,27.99
R004049,W077,2450,12.75,9.43,96.2,27.42
R004050,W077,2625,12.93,8.44,98.9,30.12
R004051,W077,2800,12.9,14.57,103.5,28.73
R004052,W077,2975,13.18,15.51,102.8,29.61
R004053,W078,175,9.36,19.79,138.7,9.43
R004054,W078,350,9.57,19.73,137.3,9.88
R004055,W078,525,9.88,19.3,139.1,12.09
R004056,W078,700,10.13,18.09,129.6,12.76
R004057,W078,875,10.41,19.36,128.2,14.12
R004058,W078,1050,10.54,17.74,127.7,14.09
R004059,W078,1225,10.89,16.02,133.2,15.54
R004060,W078,1400,11.12,15.94,122.2,17.87
R004061,W078,1575,11.32,16.21,128.2,18.73
R004062,W078,1750,11.77,9.94,106.4,24.53
R004063,W078,1925,11.9,9.69,107.3,24.78
R004064,W078,2100,12.16,10.33,103.9,27.06
R004065,W078,2275,12.55,10.19,102.1,28.26
R004066,W078,2450,12.7,8.31,105.2,29.14
R004067,W078,2625,13.04,8.76,98.1,29.35
R004068,W078,2800,13.27,8.37,94.7,31.54
R004069,W078,2975,13.55,8.77,101.1,32
R004070,W078,3150,13.68,7.46,91.3,35.11
R004071,W078,3325,13.62,14.02,101.7,30.86
R004072,W078,3500,13.85,11.74,95.6,31.33
R004073,W079,175,9.27,33.44,141.6,7.68
R004074,W079,350,9.52,33.64,138.6,8.09
R004075,W079,525,9.9,19.73,140.3,10.01
R004076,W079,700,10.06,19.72,139.2,11.11
R004077,W079,875,10.29,18.57,132.3,13.69
R004078,W079,1050,10.51,16.26,126.8,15.65
R004079,W079,1225,10.88,18.42,125.3,15.05
R004080,W079,1400,11.05,13.97,118,18.03
R004081,W079,1575,11.53,12.23,108.7,21.27
R004082,W079,1750,11.68,11.19,114,22.38
R004083,W079,1925,11.96,10.83,106.7,23.94
R004084,W079,2100,12.2,9.08,106.6,25.04
R004085,W079,2275,12.42,10.24,99.2,26.98
R004086,W079,2450,12.81,9.75,102,27.17
R004087,W079,2625,13.04,9.63,98,28.97
R004088,W079,2800,13.24,9.15,103.6,31.04
R004089,W079,2975,13.2,13.93,112.8,29.28
R004090,W079,3150,13.41,13.54,103.5,30.84
R004091,W080,175,9.27,34.04,138.9,7.54
R004092,W080,350,9.57,31.51,143.5,7.54
R004093,W080,525,9.67,29.6,133.6,8.8
R004094,W080,700,10.13,20.17,134.8,11.45
R004095,W080,875,10.31,19.42,128.7,13.69
R004096,W080,1050,10.56,19.06,126.3,15.31
R004097,W080,1225,10.85,15.5,125.7,16.27
R004098,W080,1400,11.13,14.82,129.2,18.41
R004099,W080,1575,11.29,16.39,120.3,18.14
R004100,W080,1750,11.66,13.58,126.5,19.54
R004101,W080,1925,11.97,10.36,108.8,25.39
R004102,W080,2100,12.28,10.63,109.4,27.15
R004103,W080,2275,12.4,8.97,93,29.72
R004104,W080,2450,12.69,8.29,94.8,28.61
R004105,W080,2625,13.03,7.98,92.3,28.97
R004106,W080,2800,13.27,9.37,103.6,30.14
R004107,W080,2975,13.4,7.78,93.1,31.87
R004108,W080,3150,13.71,7.76,94.3,35
R004109,W080,3325,13.61,13.02,102.8,31.55
R004110,W080,3500,13.69,12.79,105.9,31.25
R004111,W081,175,9.28,34.89,140.3,5.24
R004112,W081,350,9.51,32.2,139.9,6.92
R004113,W081,525,9.77,31.02,141.8,9.64
R004114,W081,700,10.1,17.88,130.8,13.11
R004115,W081,875,10.35,19.67,129.6,14.54
R004116,W081,1050,10.54,15.61,127.8,14.03
R004117,W081,1225,10.77,16.31,130.5,17.4
R004118,W081,1400,11.08,14.28,130.5,18.16
R004119,W081,1575,11.31,15.47,128.5,19.36
R004120,W081,1750,11.8,10.77,107.6,22.6
R004121,W081,1925,12.01,10.37,102.1,24.94
R004122,W081,2100,12.26,10.4,101.8,25.7
R004123,W081,2275,12.42,8.9,107.6,27.7
R004124,W081,2450,12.75,10.04,106.8,27.81
R004125,W081,2625,13.01,9.16,103.6,30.73
R004126,W081,2800,13.15,7.81,93.8,32.76
R004127,W081,2975,13.45,7.73,89.8,31.85
R004128,W081,3150,13.44,14.53,99.5,30.63
R004129,W081,3325,13.58,12.93,96.2,31.37
R004130,W081,3500,13.84,13.12,95.9,33.76
R004131,W082,175,9.19,29.99,146.6,7.34
R004132,W082,350,9.49,35.73,147.9,7.21
R004133,W082,525,9.72,28.71,143.2,8.92
R004134,W082,700,10.02,19.04,135.8,11.85
R004135,W082,875,10.32,17.25,137.9,14.44
R004136,W082,1050,10.61,15.41,123.9,14.24
R004137,W082,1225,10.88,15.62,127.4,17.31
R004138,W082,1400,11.06,16.71,119.9,18.09
R004139,W082,1575,11.41,16.13,126.7,18.65
R004140,W082,1750,11.78,11.86,113.5,23.61
R004141,W082,1925,12.02,10.78,104.7,25.06
R004142,W082,2100,12.23,10.32,105.9,24.73
R004143,W082,2275,12.46,8.5,110.5,28.2
R004144,W082,2450,12.73,10.22,98.8,27.83
R004145,W082,2625,12.98,9.25,100.4,28.7
R004146,W082,2800,13.22,9.48,92.5,30.09
R004147,W082,2975,13.44,8.51,93.8,32.58
R004148,W082,3150,13.41,14.99,110.2,28.87
R004149,W082,3325,13.55,13.22,102.9,31.44
R004150,W083,175,9.31,17.79,142.4,7.51
R004151,W083,350,9.61,20.18,136.6,9.87
R004152,W083,525,9.82,19.45,133.1,11.42
R004153,W083,700,10.03,16.27,127.3,11.78
R004154,W083,875,10.27,19.56,132.8,12.22
R004155,W083,1050,10.63,15.09,130.2,15.64
R004156,W083,1225,10.88,18.28,129.4,15.23
R004157,W083,1400,11.12,17.32,125.9,16.59
R004158,W083,1575,11.39,13.8,116,19.49
R004159,W083,1750,11.8,10.47,104,22.25
R004160,W083,1925,11.99,10.23,111.4,24.86
R004161,W083,2100,12.3,9.04,99.3,25.7
R004162,W083,2275,12.48,8.7,97.2,28.05
R004163,W083,2450,12.75,8.66,108.1,27.62
R004164,W083,2625,13.02,8.55,103.2,30.56
R004165,W083,2800,13.18,8.26,96,30.11
R004166,W083,2975,13.54,8.73,99.7,33.03
R004167,W083,3150,13.65,8.5,98.4,34.94
R004168,W083,3325,13.61,13.42,107.5,32.53
R004169,W083,3500,13.85,13.83,101,33.19
R004170,W084,175,9.27,34.05,139,7.13
R004171,W084,350,9.5,31.84,140.6,6.6
R004172,W084,525,9.9,16.44,130,10.78
R004173,W084,700,10.09,15.26,114.2,14.52
R004174,W084,875,10.39,16.62,135,14.99
R004175,W084,1050,10.63,15.55,121.9,15.31
R004176,W084,1225,10.87,14.99,124.4,14.98
R004177,W084,1400,11.16,16.05,126.6,18.67
R004178,W084,1575,11.5,11.58,119.1,22.99
R004179,W084,1750,11.71,11.49,108.5,23.91
R004180,W084,1925,11.96,10.85,105,25.58
R004181,W084,2100,12.25,10.43,112.4,26.16
R004182,W084,2275,12.46,10.43,103.1,27.16
R004183,W084,2450,12.66,8.39,97.4,27.69
R004184,W084,2625,13.04,8.16,95.4,28.74
R004185,W084,2800,13.27,8.54,100,31.5
R004186,W084,2975,13.11,12.67,107,27.14
R004187,W084,3150,13.42,12.09,103.3,30.85
R004188,W085,175,9.19,34.49,148.9,5.3
R004189,W085,350,9.51,32.26,142.5,7.44
R004190,W085,525,9.9,18.44,138.1,9.58
R004191,W085,700,10.14,16.44,136.7,11.1
R004192,W085,875,10.28,18.08,135.9,13.12
R004193,W085,1050,10.6,16.81,133.1,13.65
R004194,W085,1225,10.81,15.37,133.3,17.42
R004195,W085,1400,11.19,11.61,113.3,21.43
R004196,W085,1575,11.54,10.99,118.7,22.34
R004197,W085,1750,11.76,9.44,109.8,22.76
R004198,W085,1925,12.06,10.31,109.3,25.67
R004199,W085,2100,12.2,9.55,109.7,25.9
R004200,W085,2275,12.43,9.44,109.7,26.51
R004201,W085,2450,12.71,8.77,108.1,28.59
R004202,W085,2625,12.64,14.6,117.2,26.46
R004203,W085,2800,12.87,15.59,102.6,28.52
R004204,W086,175,9.3,29.81,141.1,5.01
R004205,W086,350,9.49,36.23,137.3,7.71
R004206,W086,525,9.87,20.62,133.1,11.1
R004207,W086,700,10.1,19.59,126.7,13.53
R004208,W086,875,10.38,19.02,131,13.24
R004209,W086,1050,10.65,17.6,130.8,13.75
R004210,W086,1225,10.9,18.5,128.9,16.79
R004211,W086,1400,11.16,15.39,124.3,17.97
R004212,W086,1575,11.21,15.39,127.4,17.59
R004213,W086,1750,11.8,9.74,107.3,24.02
R004214,W086,1925,12.06,10.37,103,24.09
R004215,W086,2100,12.24,10.74,102.4,25.16
R004216,W086,2275,12.44,9.04,108.9,26.15
R004217,W086,2450,12.8,8.92,96.7,27.3
R004218,W086,2625,12.9,9.22,102.7,28.93
R004219,W086,2800,13.2,8.32,90.3,32.01
R004220,W086,2975,13.44,8.96,89.7,33.69
R004221,W086,3150,13.36,12.29,106.3,30.31
R004222,W086,3325,13.58,12.37,99.6,29.9
R004223,W087,175,9.25,34.67,147.8,7.47
R004224,W087,350,9.57,32.74,137.8,7.71
R004225,W087,525,9.74,29.14,145,10.33
R004226,W087,700,10.13,19.55,136.3,11.3
R004227,W087,875,10.29,16.01,133.3,13.46
R004228,W087,1050,10.58,16.6,132.1,15.97
R004229,W087,1225,10.91,17.26,122.8,16.47
R004230,W087,1400,11.06,16.86,124.6,17.99
R004231,W087,1575,11.31,15,120.3,19.58
R004232,W087,1750,11.6,14.74,123.9,19.05
R004233,W087,1925,11.95,10.99,106.3,23.86
R004234,W087,2100,12.3,8.91,107.7,24.88
R004235,W087,2275,12.46,8.68,104,27.94
R004236,W087,2450,12.71,10.31,104.6,29.4
R004237,W087,2625,12.92,8.5,94.1,28.77
R004238,W087,2800,13.18,9.51,96.8,32.47
R004239,W087,2975,13.4,8.76,89.5,34.06
R004240,W087,3150,13.32,14.22,104.4,30.7
R004241,W087,3325,13.63,13.64,107.5,31.83
R004242,W087,3500,13.88,11.4,102,33.58
R004243,W088,175,9.29,31.11,149.5,6.46
R004244,W088,350,9.46,32.8,141.1,9.07
R004245,W088,525,9.68,34.52,132.6,8.91
R004246,W088,700,10.08,20.03,139.7,12.16
R004247,W088,875,10.42,16.24,117.6,15.04
R004248,W088,1050,10.54,19.64,123.8,15.88
R004249,W088,1225,10.82,14.75,127.5,15.72
R004250,W088,1400,11.15,15.89,125,17.97
R004251,W088,1575,11.3,14.6,127.6,17.92
R004252,W088,1750,11.7,11.16,108.6,23.69
R004253,W088,1925,11.93,10.06,105.4,25.5
R004254,W088,2100,12.31,8.93,109.8,26.33
R004255,W088,2275,12.49,8.84,110.2,26.85
R004256,W088,2450,12.78,10.24,98.8,28.97
R004257,W088,2625,12.94,8.66,95.4,30.07
R004258,W088,2800,13.23,8.36,101.2,32.1
R004259,W088,2975,13.53,8.99,95,32.9
R004260,W088,3150,13.44,14.52,100.1,29.54
R004261,W088,3325,13.67,12.91,106.1,31.75
R004262,W089,25,8.96,19.56,137.1,9.32
R004263,W089,50,8.91,16.6,130.2,8.59
R004264,W089,75,8.96,18.49,135.3,8.8
R004265,W089,100,9.04,16.44,129.8,8.63
R004266,W089,125,9.07,15.78,135.6,9.46
R004267,W089,150,9.03,17.66,135,7.8
R004268,W089,175,9.02,18.5,137.5,8.11
R004269,W089,200,9.08,16.35,141.3,8.46
R004270,W089,225,9.2,17.6,127.4,9.66
R004271,W089,250,9.13,19.3,131.3,10.29
R004272,W089,275,9.26,17.15,133.5,9.48
R004273,W089,300,9.27,17.88,129.4,9
R004274,W089,325,9.32,16.77,137.8,11.86
R004275,W089,350,9.37,18.37,133.4,9.59
R004276,W089,375,9.45,25.27,143.9,9.07
R004277,W089,400,9.44,23.11,133.2,9.51
R004278,W089,425,9.5,25.18,141.6,10.09
R004279,W089,450,9.62,20.2,137.5,7.95
R004280,W089,475,9.51,23.65,135.2,8.91
R004281,W089,500,9.64,22.57,140.3,8.45
R004282,W089,525,9.63,20.84,136.1,9.45
R004283,W089,550,9.64,21.42,141.9,10.29
R004284,W089,575,9.79,21.11,139.7,11.18
R004285,W089,600,9.7,24.36,134.4,10.74
R004286,W089,625,9.72,23.08,143.2,11.45
R004287,W089,650,9.87,24.27,139.1,11.11
R004288,W089,675,9.79,24.78,140.4,10.34
R004289,W089,700,9.57,23.93,130.3,9.61
R004290,W089,725,9.84,21.82,135.6,12.41
R004291,W089,750,10.01,21.93,138.4,12.43
R004292,W089,775,9.94,19.06,130.2,11.7
R004293,W089,800,10.01,21.55,136.4,10.76
R004294,W089,825,10.09,19.91,138.1,12.44
R004295,W089,850,10.17,18.89,129.2,11.12
R004296,W089,875,10.14,20.08,127.2,12.7
R004297,W089,900,10.12,19.98,129.2,13.58
R004298,W089,925,10.17,22.82,128.4,14.23
R004299,W089,950,10.21,22.93,126.9,13.15
R004300,W089,975,10.25,22.16,129.4,14.22
R004301,W089,1000,10.33,21.13,137.3,12.49
R004302,W089,1025,10.42,19.09,132.5,14.16
R004303,W089,1050,10.5,16.84,130.9,14.31
R004304,W089,1075,10.46,19.09,132.8,14.38
R004305,W089,1100,10.4,18.46,135.7,13.33
R004306,W089,1125,10.55,20.92,135.3,14.28
R004307,W089,1150,10.46,19.92,130.8,14.91
R004308,W089,1175,10.64,19.82,125.6,14.77
R004309,W089,1200,10.59,21.38,128.4,15.35
R004310,W089,1225,10.67,19.18,133.3,14.91
R004311,W089,1250,10.67,17.94,134.5,15.16
R004312,W089,1275,10.7,21.29,123.6,15.42
R004313,W089,1300,10.81,18.81,122.6,14.96
R004314,W089,1325,10.81,21.36,122.2,15.54
R004315,W089,1350,10.86,18.66,121.9,16.96
R004316,W089,1375,10.92,18.07,129.2,17.78
R004317,W089,1400,11.04,16.07,129,16.32
R004318,W089,1425,11.1,17.67,128.7,18.6
R004319,W089,1450,11.13,14.16,122.6,17.64
R004320,W089,1475,11.16,16.07,125.8,17.74
R004321,W089,1500,11.3,14.35,122.3,17.19
R004322,W089,1525,11.32,14.57,121.6,19.03
R004323,W089,1550,11.23,16.14,120.8,18.11
R004324,W089,1575,11.32,16.04,129.1,19.82
R004325,W089,1600,11.3,15.01,126.8,18.46
R004326,W089,1625,11.45,15.13,120.5,18.37
R004327,W089,1650,11.44,14.31,121.9,18.72
R004328,W089,1675,11.43,15.93,122.7,19.9
R004329,W089,1700,11.56,16.69,121.5,18.61
R004330,W089,1725,11.5,14.42,125.5,21.33
R004331,W089,1750,11.54,15.13,118.8,20.44
R004332,W089,1775,11.57,14.9,119.5,21.8
R004333,W089,1800,11.62,13.36,122.2,22.02
R004334,W089,1825,11.71,14.44,117.1,21.99
R004335,W089,1850,11.68,15.69,113.2,20.97
R004336,W089,1875,11.8,14.68,120,21.75
R004337,W089,1900,11.84,13.62,120.2,20.23
R004338,W089,1925,11.88,14.21,111.4,21.33
R004339,W089,1950,11.93,15.77,122.8,21.16
R004340,W089,1975,11.87,14.63,118.9,21.6
R004341,W089,2000,11.98,14.86,115.6,21.35
R004342,W089,2025,11.95,14.05,113.4,21.08
R004343,W089,2050,12.04,15.35,114.1,21.27
R004344,W089,2075,12.08,13.05,110.6,23.93
R004345,W089,2100,12.14,15.05,121.8,23.42
R004346,W089,2125,12.19,12.6,112.3,21.89
R004347,W089,2150,12.21,13.03,109,24.05
R004348,W089,2175,12.13,12.71,118.3,22.58
R004349,W089,2200,12.25,10.52,104.2,26.63
R004350,W089,2225,12.22,12.49,105.7,25.16
R004351,W089,2250,12.24,14.76,108.9,25.28
R004352,W089,2275,12.25,14.42,109,23.96
R004353,W089,2300,12.35,13.8,111.2,23.74
R004354,W089,2325,12.35,12.92,106.2,24.83
R004355,W089,2350,12.51,14.75,113.1,23.59
R004356,W089,2375,12.4,12.6,105.3,23.79
R004357,W089,2400,12.49,14.69,117.7,24.28
R004358,W089,2425,12.56,14.73,105.7,24.34
R004359,W089,2450,12.5,12.48,111.7,26.12
R004360,W089,2475,12.74,9.71,105.5,27.78
R004361,W089,2500,12.79,9.06,103.3,28.17
R004362,W089,2525,12.78,9.53,98.5,29.04
R004363,W089,2550,12.85,10.06,103.5,28.51
R004364,W089,2575,12.86,7.99,93.6,29.45
R004365,W089,2600,12.96,9.41,102.9,28.48
R004366,W089,2625,12.9,9.82,103.8,28.56
R004367,W089,2650,12.96,9.06,104.4,29.3
R004368,W089,2675,13.13,7.95,93.8,31.58
R004369,W089,2700,13.11,9.17,104,29.35
R004370,W089,2725,13.16,8.65,102.3,31.51
R004371,W089,2750,13.21,9.1,97.1,31.95
R004372,W089,2775,13.26,7.81,95.9,31.07
R004373,W089,2800,13.2,9.08,97.6,30.66
R004374,W090,25,8.91,17.33,138.6,9.18
R004375,W090,50,8.84,19.05,137.8,7.08
R004376,W090,75,9.02,16.6,138.1,9.71
R004377,W090,100,9.07,15.69,140.3,9.03
R004378,W090,125,9.02,17.99,133.5,8.06
R004379,W090,150,9.05,19.04,138.1,8.75
R004380,W090,175,9.17,19.59,138.7,9.21
R004381,W090,200,9.13,15.75,137.3,10.96
R004382,W090,225,9.25,18.47,137.7,10.88
R004383,W090,250,9.23,16.79,133.3,8.89
R004384,W090,275,9.25,17.62,134.8,10.22
R004385,W090,300,9.32,18.95,138.5,9.86
R004386,W090,325,9.38,15.68,129.2,9.08
R004387,W090,350,9.28,16.57,128.2,11.88
R004388,W090,375,9.48,20.6,145,7.43
R004389,W090,400,9.54,23.48,145.6,8.06
R004390,W090,425,9.57,21.17,136,10.56
R004391,W090,450,9.54,20,133.7,9.22
R004392,W090,475,9.5,24.04,136.1,8.72
R004393,W090,500,9.54,22.29,141.7,9.59
R004394,W090,525,9.54,23.23,144.1,9.67
R004395,W090,550,9.63,22.62,141.6,11.4
R004396,W090,575,9.75,22.78,134.6,9.33
R004397,W090,600,9.73,22.79,133.4,11.31
R004398,W090,625,9.69,20.27,132.6,12.02
R004399,W090,650,9.76,21.98,139.1,11.45
R004400,W090,675,9.84,24.13,142.4,10.81
R004401,W090,700,9.91,20.15,133.9,12.01
R004402,W090,725,9.91,21.22,138.1,12.61
R004403,W090,750,10.02,21.1,139,12.33
R004404,W090,775,10.06,23.08,131.3,10.42
R004405,W090,800,9.96,18.78,134.7,12.83
R004406,W090,825,9.99,19.77,129.5,12.34
R004407,W090,850,10.18,21.89,134.9,12.63
R004408,W090,875,10.21,21.93,135,11.3
R004409,W090,900,10.2,19.06,126,12.93
R004410,W090,925,10.27,23.24,131,13.57
R004411,W090,950,10.3,23.31,132.6,12.59
R004412,W090,975,10.34,22.7,138.6,13.75
R004413,W090,1000,10.34,20.69,130.8,12.71
R004414,W090,1025,10.29,21.79,129.1,13.28
R004415,W090,1050,10.36,21.03,135.8,13.88
R004416,W090,1075,10.44,20.55,135.9,14.76
R004417,W090,1100,10.42,19.27,132.6,15.22
R004418,W090,1125,10.49,18.3,136.7,15.92
R004419,W090,1150,10.48,20.87,123.3,15.09
R004420,W090,1175,10.59,18.64,132.7,14.95
R004421,W090,1200,10.6,20.95,130.1,16.01
R004422,W090,1225,10.6,17.86,128.8,13.99
R004423,W090,1250,10.73,17.81,125.8,16.3
R004424,W090,1275,10.65,18.34,126.4,14.25
R004425,W090,1300,10.94,16.11,126.2,15.73
R004426,W090,1325,10.99,18.15,132.4,18.38
R004427,W090,1350,11.03,17.13,129.8,15.92
R004428,W090,1375,11.05,17.48,119.4,18.79
R004429,W090,1400,11.09,17.22,128.4,17.34
R004430,W090,1425,11.12,14.97,127.4,18.94
R004431,W090,1450,11.14,17.29,118.2,18.71
R004432,W090,1475,11.15,17.25,130.5,18.4
R004433,W090,1500,11.27,15.5,125.3,18.17
R004434,W090,1525,11.2,14.92,118.7,18.62
R004435,W090,1550,11.23,16.34,122.3,18.78
R004436,W090,1575,11.39,17.01,125.9,19.4
R004437,W090,1600,11.38,16.36,126,18.87
R004438,W090,1625,11.4,14.48,106.8,19.83
R004439,W090,1650,11.48,14.3,123.2,18.69
R004440,W090,1675,11.55,16.27,123.5,21.2
R004441,W090,1700,11.43,16.06,115.9,20.45
R004442,W090,1725,11.52,15.71,120.8,20.9
R004443,W090,1750,11.55,14.39,125.3,21.08
R004444,W090,1775,11.64,14.58,121.6,19.83
R004445,W090,1800,11.58,15.17,119.8,19.81
R004446,W090,1825,11.62,14.78,125.2,21.59
R004447,W090,1850,11.7,13.26,124.9,20.41
R004448,W090,1875,11.79,15.88,115.5,21.19
R004449,W090,1900,11.86,15.63,115.4,20.29
R004450,W090,1925,11.87,15.99,113.1,22.64
R004451,W090,1950,11.9,13.61,122.2,21.21
R004452,W090,1975,11.9,16.41,116.8,20.42
R004453,W090,2000,11.88,16.9,115,20.83
R004454,W090,2025,11.97,14.13,122.4,23.33
R004455,W090,2050,11.87,15.69,112.8,20.28
R004456,W090,2075,11.81,15.84,110.4,20.79
R004457,W090,2100,12.17,12.78,118.9,23.29
R004458,W090,2125,12.11,12.59,114,22.7
R004459,W090,2150,12.19,13.87,116.7,23.95
R004460,W090,2175,12.15,15.2,118.3,23.95
R004461,W090,2200,12.2,14.45,115.6,22.26
R004462,W090,2225,12.23,11.2,110.2,25.24
R004463,W090,2250,12.31,10.35,98.4,27.71
R004464,W090,2275,12.41,12.43,107.4,25.25
R004465,W090,2300,12.32,14.67,117.4,24.93
R004466,W090,2325,12.32,12.85,114.4,25.74
R004467,W090,2350,12.5,12.81,111.4,24.11
R004468,W090,2375,12.55,12.96,115.4,26.47
R004469,W090,2400,12.55,12.9,105.7,25.3
R004470,W090,2425,12.62,8.85,104.8,27.41
R004471,W090,2450,12.66,10.1,102.4,29.82
R004472,W090,2475,12.83,9.12,106.2,28.75
R004473,W090,2500,12.81,8.92,103.6,27.58
R004474,W090,2525,12.84,8.95,98,30.68
R004475,W090,2550,12.81,9.15,100.4,28.76
R004476,W090,2575,12.85,8.03,93.5,30.06
R004477,W090,2600,12.94,10.05,100.5,28.76
R004478,W090,2625,12.95,8.15,92.9,28.47
R004479,W090,2650,13.08,8.94,100.5,29.56
R004480,W090,2675,13,9.73,104.3,31.43
R004481,W090,2700,13.01,8.56,102.6,31.49
R004482,W090,2725,13.16,9.46,97.1,30.49
R004483,W090,2750,13.2,8.91,98.9,31.2
R004484,W091,25,8.84,17.51,131.6,8.51
R004485,W091,50,8.85,17.44,131.9,9.28
R004486,W091,75,8.98,18.03,131.3,8.5
R004487,W091,100,8.94,15.85,131.3,8.76
R004488,W091,125,9.02,18.11,133.8,7.67
R004489,W091,150,9.03,16.21,136.8,9.43
R004490,W091,175,9.15,19.09,139.2,10.34
R004491,W091,200,9.12,18.33,130.2,8.16
R004492,W091,225,9.18,18.73,135.4,9.11
R004493,W091,250,9.14,15.94,136.5,9.93
R004494,W091,275,9.17,15.82,137.5,8.9
R004495,W091,300,9.32,18.88,132.9,10.25
R004496,W091,325,9.24,17.79,133.5,9.25
R004497,W091,350,9.29,15.47,135.5,10.69
R004498,W091,375,9.36,19.1,133.3,12.02
R004499,W091,400,9.42,17.57,134.2,9.6
R004500,W091,425,9.49,16.32,126.4,12.41
R004501,W091,450,9.57,15.18,137.5,10.97
R004502,W091,475,9.58,20.58,144.5,9.54
R004503,W091,500,9.67,20.42,142.4,9.4
R004504,W091,525,9.72,20.93,134.4,9.45
R004505,W091,550,9.73,22.52,136.2,10.38
R004506,W091,575,9.64,23.73,134.5,9.78
R004507,W091,600,9.71,23.84,133.3,11.24
R004508,W091,625,9.71,21.84,131.9,10.27
R004509,W091,650,9.78,24.14,129,12.15
R004510,W091,675,9.92,20.29,138.7,10.7
R004511,W091,700,9.89,19.67,131.7,11.46
R004512,W091,725,9.88,24.14,136.5,11.79
R004513,W091,750,10.02,20.36,138.9,12.41
R004514,W091,775,9.93,22.79,139.8,12.49
R004515,W091,800,10.01,21.84,131.7,13.31
R004516,W091,825,10.1,20.72,133.7,12.46
R004517,W091,850,10.11,20.08,138.1,13.22
R004518,W091,875,10.19,20.64,136.4,13.31
R004519,W091,900,10.14,18.64,126.5,14.26
R004520,W091,925,10.21,18.88,132.9,13.84
R004521,W091,950,10.19,21.28,125.6,12.76
R004522,W091,975,10.3,20.11,137.3,14.47
R004523,W091,1000,10.34,19.33,127.9,14.51
R004524,W091,1025,10.42,20.2,134.3,14.44
R004525,W091,1050,10.36,20.73,135.3,13.22
R004526,W091,1075,10.42,19.04,131.2,13.24
R004527,W091,1100,10.44,18.61,124.5,15.62
R004528,W091,1125,10.56,18.2,132.1,13.21
R004529,W091,1150,10.56,18.16,131.9,13.93
R004530,W091,1175,10.62,18.27,124.2,16.1
R004531,W091,1200,10.49,23.41,130.9,15.96
R004532,W091,1225,10.48,23.23,130.3,14.84
R004533,W091,1250,10.7,18.34,126.9,16.75
R004534,W091,1275,10.77,19.9,126.3,15.7
R004535,W091,1300,10.7,21.9,123.3,16.03
R004536,W091,1325,10.86,17.96,122.4,15.6
R004537,W091,1350,10.88,19.94,129.9,15.58
R004538,W091,1375,10.89,18.24,131.5,16.15
R004539,W091,1400,10.93,18.24,128.6,15.4
R004540,W091,1425,10.88,17.48,121.9,18.05
R004541,W091,1450,11,20,132.2,17.06
R004542,W091,1475,10.92,20.86,127.7,16.96
R004543,W091,1500,11.06,18.75,130.8,16.56
R004544,W091,1525,10.95,23.27,124.7,15.5
R004545,W091,1550,11.09,21.53,125.8,17.23
R004546,W091,1575,11.17,17.12,123,17.76
R004547,W091,1600,11.16,20.8,128.7,19.39
R004548,W091,1625,11.35,16.19,127.2,18.43
R004549,W091,1650,11.38,15.57,126.4,19.2
R004550,W091,1675,11.45,14.4,124.9,19.11
R004551,W091,1700,11.44,16.3,120.4,19.6
R004552,W091,1725,11.5,14.61,125.8,21.37
R004553,W091,1750,11.62,13.92,123.7,20.37
R004554,W091,1775,11.61,13.6,118.3,20
R004555,W091,1800,11.66,15.67,118.6,22.07
R004556,W091,1825,11.76,14.62,118.2,19.88
R004557,W091,1850,11.76,12.23,111.4,21.38
R004558,W091,1875,11.75,12.15,108.6,21.5
R004559,W091,1900,11.8,16.18,113.2,20.85
R004560,W091,1925,11.76,14.66,113.1,20.36
R004561,W091,1950,11.92,13.44,116.5,21.33
R004562,W091,1975,11.83,14.57,112.2,20.86
R004563,W091,2000,11.91,12.96,114.9,23.54
R004564,W091,2025,12.03,14.36,122.4,21.82
R004565,W091,2050,11.96,13.6,113,23.28
R004566,W091,2075,11.89,17.38,109.9,24.21
R004567,W091,2100,12.14,13.9,116.8,21.83
R004568,W091,2125,12.08,13.11,116.4,22.24
R004569,W091,2150,12.16,14.29,119.9,22.76
R004570,W091,2175,12.13,14.26,112.9,22.63
R004571,W091,2200,12.16,12.82,121.3,23.63
R004572,W091,2225,12.33,13.56,119.4,23.11
R004573,W091,2250,12.36,12.66,118.5,23.56
R004574,W091,2275,12.27,11.51,107,26.05
R004575,W091,2300,12.36,12.54,112.6,24.01
R004576,W091,2325,12.45,14.08,119.6,23.63
R004577,W091,2350,12.42,14.04,109.5,26.35
R004578,W091,2375,12.46,14.02,112.4,23.61
R004579,W091,2400,12.49,12.86,116.4,24.93
R004580,W091,2425,12.53,14.36,107.1,25.31
R004581,W091,2450,12.57,14.08,104.8,24.69
R004582,W091,2475,12.66,11.28,109.7,27.53
R004583,W091,2500,12.72,13.68,110.3,25.83
R004584,W091,2525,12.65,14.3,114.8,27.52
R004585,W091,2550,12.66,11.99,107.9,26.46
R004586,W091,2575,12.83,13.91,102.9,26.69
R004587,W091,2600,12.84,12.13,109.5,25.43
R004588,W091,2625,12.83,12.8,106.5,27.68
R004589,W091,2650,12.87,13.86,114.2,28.35
R004590,W091,2675,12.88,11.56,103.8,28.06
R004591,W091,2700,12.96,12.16,105.4,27.32
R004592,W091,2725,12.94,13.61,108.2,26.48
R004593,W091,2750,12.93,11.46,109.3,27.2
R004594,W091,2775,13,11.57,113.8,29.22
R004595,W091,2800,13.03,12.89,108.1,27
R004596,W091,2825,13.13,13.44,108.2,29.43
R004597,W091,2850,13.18,13.56,113.2,27.62
R004598,W091,2875,13.2,13.48,111.6,29.64
R004599,W091,2900,13.29,8.78,98.6,30.71
R004600,W091,2925,13.45,7.99,94.4,31.5
R004601,W091,2950,13.44,9.05,98.1,32.05
R004602,W091,2975,13.5,8.25,96,33.36
R004603,W091,3000,13.57,8.63,100,32.77
R004604,W091,3025,13.48,9.02,92.9,31.62
R004605,W091,3050,13.5,8.09,94.8,33.3
R004606,W091,3075,13.62,8.35,94.5,34.45
R004607,W091,3100,13.69,8.69,96.9,34.2
R004608,W091,3125,13.66,8.79,92.1,34.29
R004609,W091,3150,13.73,7.36,97.9,33.34
R004610,W091,3175,13.62,8.72,96,34.47
R004611,W091,3200,13.8,7.89,96,34.41
R004612,W091,3225,13.9,7.22,96.4,34.24
R004613,W091,3250,13.86,8.36,85.3,34.19
R004614,W091,3275,13.83,7.04,85.4,33.84
R004615,W091,3300,13.98,8.49,91.4,34.04
R004616,W092,25,8.9,18.71,141.5,7.99
R004617,W092,50,8.89,18.49,131.3,8.5
R004618,W092,75,8.94,19.69,134.4,7.94
R004619,W092,100,8.97,19.48,136,7.42
R004620,W092,125,8.98,18.76,130.6,9.08
R004621,W092,150,9.12,15.84,131.4,9.63
R004622,W092,175,9.11,16.35,138.2,8.1
R004623,W092,200,9.14,17.88,135.1,8.22
R004624,W092,225,9.15,17.26,135.3,8.52
R004625,W092,250,9.24,18.82,128.8,8.5
R004626,W092,275,9.17,17.71,137.8,9.07
R004627,W092,300,9.3,15.67,126.5,8.97
R004628,W092,325,9.34,16.89,133.6,9.55
R004629,W092,350,9.32,23.41,141.7,9.11
R004630,W092,375,9.39,24.91,136.4,8.96
R004631,W092,400,9.5,22.3,140.9,10.24
R004632,W092,425,9.53,24.29,143.5,8.62
R004633,W092,450,9.5,21.01,144.4,8.38
R004634,W092,475,9.57,20.94,137.5,8.4
R004635,W092,500,9.59,20.32,139.1,11.03
R004636,W092,525,9.71,22.17,135.8,10.83
R004637,W092,550,9.71,21.16,141.6,11.22
R004638,W092,575,9.44,28.74,133.7,10.76
R004639,W092,600,9.64,25.29,130.2,9.01
R004640,W092,625,9.85,20.09,129.4,10.32
R004641,W092,650,9.86,20.96,134.6,12.03
R004642,W092,675,9.81,20.66,129,11.47
R004643,W092,700,9.89,21.69,139.5,11.21
R004644,W092,725,9.99,20.83,128.7,12.12
R004645,W092,750,9.99,19.96,140.7,10.82
R004646,W092,775,10.07,20.79,129.9,11.53
R004647,W092,800,10.06,20.08,140.7,12.27
R004648,W092,825,10.11,19.12,134.1,11.71
R004649,W092,850,10.17,22.27,137.9,13.74
R004650,W092,875,9.96,22.03,139.8,11.14
R004651,W092,900,9.94,21.2,135.7,11.06
R004652,W092,925,10.14,23.24,130.6,12.9
R004653,W092,950,10.24,22.71,131.2,13.65
R004654,W092,975,10.3,20.11,138.7,14.26
R004655,W092,1000,10.29,20.37,124.8,14.17
R004656,W092,1025,10.43,21.45,128.9,14.68
R004657,W092,1050,10.35,18.76,129.6,13.86
R004658,W092,1075,10.36,22.38,134.3,14.09
R004659,W092,1100,10.44,19.61,129.2,15.55
R004660,W092,1125,10.53,20.88,126.6,13.14
R004661,W092,1150,10.47,18.21,127,15.96
R004662,W092,1175,10.59,20.41,132.9,14.92
R004663,W092,1200,10.68,17.9,124.4,15.48
R004664,W092,1225,10.58,20.27,126.6,15.97
R004665,W092,1250,10.71,21.98,129.8,16.74
R004666,W092,1275,10.69,17.75,132.7,15.49
R004667,W092,1300,10.72,19.16,126.5,16.61
R004668,W092,1325,10.84,20.92,128,17.45
R004669,W092,1350,10.85,20.05,126.7,14.96
R004670,W092,1375,11.06,15.18,129.4,16.83
R004671,W092,1400,11.12,17.98,126.6,18.42
R004672,W092,1425,11.14,16.48,126.9,16.43
R004673,W092,1450,11.08,17.86,125.3,19.03
R004674,W092,1475,11.18,16.8,117,19.22
R004675,W092,1500,11.16,15.76,119.3,19.12
R004676,W092,1525,11.29,15.65,120.8,17.45
R004677,W092,1550,11.23,17.02,122.1,19.24
R004678,W092,1575,11.31,15.92,122.8,18.15
R004679,W092,1600,11.29,16.67,118.5,19.12
R004680,W092,1625,11.4,15.47,120.8,20.41
R004681,W092,1650,11.47,14.23,127.4,20.58
R004682,W092,1675,11.45,16.29,121.4,20.47
R004683,W092,1700,11.56,15.02,121.8,19.76
R004684,W092,1725,11.58,16.56,119.4,18.92
R004685,W092,1750,11.55,14.48,115.1,18.96
R004686,W092,1775,11.59,15.86,112.9,20.78
R004687,W092,1800,11.63,15.97,126.2,21.73
R004688,W092,1825,11.65,13.79,115.4,21.56
R004689,W092,1850,11.71,16.06,117.4,21.45
R004690,W092,1875,11.76,16.56,119.7,22.13
R004691,W092,1900,11.87,15.83,113.9,20.66
R004692,W092,1925,11.8,14.71,121.4,21.76
R004693,W092,1950,11.8,14.71,114.1,21.42
R004694,W092,1975,11.95,16.01,119.8,20.93
R004695,W092,2000,11.97,15.79,114,21.88
R004696,W092,2025,12.05,15.43,118.6,21.32
R004697,W092,2050,11.98,13.07,120.2,22.81
R004698,W092,2075,11.98,14.17,119.6,24.09
R004699,W092,2100,12.05,15.77,111.4,22.37
R004700,W092,2125,12.05,14.84,111.6,23.42
R004701,W092,2150,12.14,12.56,113.4,23.86
R004702,W092,2175,12.26,13.72,114,23.85
R004703,W092,2200,12.25,14.03,112.8,24.97
R004704,W092,2225,12.29,13.95,107.6,22.91
R004705,W092,2250,12.32,14.15,109.2,23.96
R004706,W092,2275,12.4,12.47,110.1,25.78
R004707,W092,2300,12.3,13.6,112.1,25.11
R004708,W092,2325,12.45,14.01,116.9,24.98
R004709,W092,2350,12.4,15.13,111.4,24.34
R004710,W092,2375,12.43,13.12,105.6,24.13
R004711,W092,2400,12.45,12.26,117.8,26.53
R004712,W092,2425,12.49,12.66,111.2,25.96
R004713,W092,2450,12.57,12.12,117.7,25.96
R004714,W092,2475,12.6,13.67,104.1,26.16
R004715,W092,2500,12.81,9.15,107.2,30.2
R004716,W092,2525,12.81,9.63,97,30.46
R004717,W092,2550,12.81,8.65,97.7,28.82
R004718,W092,2575,12.98,9.65,101.1,28.98
R004719,W092,2600,13.01,8.61,93.9,29.15
R004720,W092,2625,13.01,8.82,94.9,30.32
R004721,W092,2650,13.08,9.64,96,29.06
R004722,W092,2675,13.09,9.6,100.4,31.46
R004723,W092,2700,12.85,11.16,99.6,30.23
R004724,W092,2725,13.01,9.14,103.5,29.71
R004725,W092,2750,13.19,8.8,102.9,29.5
R004726,W092,2775,13.22,8.05,92.4,31.75
R004727,W092,2800,13.28,8.44,95.9,31.72
R004728,W092,2825,13.19,9.11,92.7,32.23
R004729,W093,25,8.96,18.61,136,8.19
R004730,W093,50,8.98,18.99,132.2,8.77
R004731,W093,75,9.03,19.62,130.7,7.22
R004732,W093,100,9.01,19.74,137.1,8.83
R004733,W093,125,9.02,17.01,133.3,7.83
R004734,W093,150,9.01,16.35,138.2,8.34
R004735,W093,175,9.02,19.49,138.9,8.26
R004736,W093,200,9.15,15.63,130.4,10.44
R004737,W093,225,9.16,16.25,139.3,10.13
R004738,W093,250,9.18,19.19,130.2,10.36
R004739,W093,275,9.31,16.75,130.1,10.27
R004740,W093,300,9.34,16.29,133.6,10.43
R004741,W093,325,9.39,17.03,137.4,11.21
R004742,W093,350,9.39,16.27,136.1,11.11
R004743,W093,375,9.39,18.15,128.5,11.61
R004744,W093,400,9.52,23.88,145.9,8.28
R004745,W093,425,9.54,20.23,136.6,7.81
R004746,W093,450,9.56,22.74,143.5,8.77
R004747,W093,475,9.54,24.24,131.7,9.26
R004748,W093,500,9.69,19.96,135.3,8.62
R004749,W093,525,9.57,21.88,138.6,10.45
R004750,W093,550,9.73,24.74,137.9,9.46
R004751,W093,575,9.7,24.05,142,10.19
R004752,W093,600,9.78,17.53,142.8,11.67
R004753,W093,625,9.85,21.03,139.1,11.7
R004754,W093,650,9.87,23.94,132.9,11.48
R004755,W093,675,9.8,23.99,137.1,12.03
R004756,W093,700,9.74,21.63,135.2,10.67
R004757,W093,725,9.95,19.7,139.3,10.49
R004758,W093,750,9.92,19.09,139.1,12.92
R004759,W093,775,9.99,23.57,139.8,11.3
R004760,W093,800,9.98,21.89,139.3,11.92
R004761,W093,825,10.14,21.01,138.8,12.45
R004762,W093,850,10.04,21.83,128.5,13.54
R004763,W093,875,10.18,20.6,127.2,13.99
R004764,W093,900,10.17,20.99,125.9,13.71
R004765,W093,925,10.19,22.03,127.4,13.47
R004766,W093,950,10.19,22.17,136.8,12.08
R004767,W093,975,10.05,21.14,136.8,13.59
R004768,W093,1000,10.27,19.98,132.7,13.64
R004769,W093,1025,10.35,21.12,134.6,12.37
R004770,W093,1050,10.33,20.41,135.6,12.5
R004771,W093,1075,10.38,20.57,131.6,13.24
R004772,W093,1100,10.5,20.14,130.2,12.99
R004773,W093,1125,10.51,22.53,133.5,15.08
R004774,W093,1150,10.59,22.41,125.8,16.07
R004775,W093,1175,10.56,19.61,131.7,15.47
R004776,W093,1200,10.6,20.58,123.7,16.19
R004777,W093,1225,10.64,21.72,129.2,15.61
R004778,W093,1250,10.72,21.15,123.9,16.78
R004779,W093,1275,10.76,19.54,127.5,16.11
R004780,W093,1300,10.73,20.66,129.1,16.05
R004781,W093,1325,10.96,14.89,106.5,20.02
R004782,W093,1350,10.97,15.72,114.8,19.52
R004783,W093,1375,11,17.31,126.5,16.05
R004784,W093,1400,11.02,15.11,122.4,17.1
R004785,W093,1425,11.18,17.7,119.2,17.02
R004786,W093,1450,11.13,15.32,119.9,18.87
R004787,W093,1475,11.31,13.37,129.9,19.66
R004788,W093,1500,11.33,13.46,126.6,18.88
R004789,W093,1525,11.29,15.92,129.3,18.28
R004790,W093,1550,11.36,15.51,122.7,19.91
R004791,W093,1575,11.33,16.57,117.7,19.49
R004792,W093,1600,11.45,16.07,116.8,20.13
R004793,W093,1625,11.46,14.64,116.3,20.1
R004794,W093,1650,11.44,17.15,127.6,20.9
R004795,W093,1675,11.42,14.81,123.9,19.99
R004796,W093,1700,11.48,14.56,114.5,20.36
R004797,W093,1725,11.49,14.29,116.4,19.68
R004798,W093,1750,11.65,15.09,121.2,21.47
R004799,W093,1775,11.55,15.15,120.3,20.32
R004800,W093,1800,11.72,16.62,122.4,21.55
R004801,W093,1825,11.63,14.5,123.8,21.86
R004802,W093,1850,11.69,13.31,124.3,19.9
R004803,W093,1875,11.79,14.81,117.2,20.84
R004804,W093,1900,11.78,15.52,119.9,20.87
R004805,W093,1925,11.87,15.73,111.7,22.39
R004806,W093,1950,11.91,14.8,123.7,21.95
R004807,W093,1975,11.92,15.04,110.5,21.41
R004808,W093,2000,11.97,16.05,111.7,20.85
R004809,W093,2025,11.94,13.25,114,22.1
R004810,W093,2050,12.08,15.51,111.2,24.06
R004811,W093,2075,12.08,14.44,109.6,22.1
R004812,W093,2100,12.11,15.14,108.9,23.15
R004813,W093,2125,12.11,13.33,116.2,23.9
R004814,W093,2150,12.12,13.01,112,23.1
R004815,W093,2175,12.15,14.25,108.6,23.72
R004816,W093,2200,12.18,12.73,116.3,24.98
R004817,W093,2225,12.26,13.5,116.2,23.9
R004818,W093,2250,12.29,13.78,112.2,24.45
R004819,W093,2275,12.28,14.2,116.4,24.11
R004820,W093,2300,12.33,12.83,115.5,23.9
R004821,W093,2325,12.42,13.92,116.4,25.62
R004822,W093,2350,12.4,12.61,107.4,25.77
R004823,W093,2375,12.5,12.77,118.8,25.93
R004824,W093,2400,12.46,12.83,110.7,25.61
R004825,W093,2425,12.62,10.33,100.9,29.72
R004826,W093,2450,12.75,10.34,95.9,27.95
R004827,W093,2475,12.7,10.31,101.3,30.27
R004828,W093,2500,12.84,9.57,100.4,27.63
R004829,W093,2525,12.8,9.06,100.7,28.15
R004830,W093,2550,12.83,9.23,96.2,29.27
R004831,W093,2575,12.97,9.22,92.8,30.63
R004832,W093,2600,12.94,8.88,98.9,28.56
R004833,W093,2625,13.04,8.95,92.8,30.63
R004834,W093,2650,13.01,8.56,104.7,29.94
R004835,W093,2675,13.1,9.07,105.2,31.73
R004836,W093,2700,13.01,9.79,99.5,30.45
R004837,W093,2725,13.17,9.23,98.7,31.36
R004838,W093,2750,13.19,8.71,97,31.38
R004839,W094,25,8.95,24.48,136.7,5.34
R004840,W094,50,8.95,23.11,146.4,6.43
R004841,W094,75,9.06,22.32,146.2,7.81
R004842,W094,100,8.98,23.29,137,8.05
R004843,W094,125,9.13,25.72,147.7,7.18
R004844,W094,150,9.18,21.88,142.2,5.84
R004845,W094,175,9.1,21.68,135,5.85
R004846,W094,200,9.19,22.49,143.5,8.42
R004847,W094,225,9.15,22.29,143.8,9.16
R004848,W094,250,9.29,23.32,138.9,8.88
R004849,W094,275,9.29,20.9,143.8,7.1
R004850,W094,300,9.38,24.21,137.5,8.19
R004851,W094,325,9.41,21.87,143.7,9.36
R004852,W094,350,9.34,20.99,135.8,8.26
R004853,W094,375,9.37,25.02,138.7,8.21
R004854,W094,400,9.41,21.5,141.6,8.82
R004855,W094,425,9.46,20.01,145.7,8.26
R004856,W094,450,9.5,22.02,132.6,8.61
R004857,W094,475,9.59,23.51,135.9,10.02
R004858,W094,500,9.53,23.27,135.7,9.46
R004859,W094,525,9.61,19.98,130.8,8.5
R004860,W094,550,9.65,23.77,137.9,9.18
R004861,W094,575,9.66,23.96,137,9.55
R004862,W094,600,9.68,19.67,131.8,9.98
R004863,W094,625,9.74,19.77,130.4,10.19
R004864,W094,650,9.85,19.3,136.5,11.37
R004865,W094,675,9.89,20.55,141.4,12.07
R004866,W094,700,9.85,23.23,136.7,10.17
R004867,W094,725,9.87,19.75,135.2,12.09
R004868,W094,750,9.98,21.15,137.2,11.19
R004869,W094,775,10,20.14,138.7,11.77
R004870,W094,800,9.96,19.21,138.7,10.72
R004871,W094,825,10.13,22.71,135.9,12.29
R004872,W094,850,10.08,20.65,128.8,12.12
R004873,W094,875,10.09,21.32,135.2,12.75
R004874,W094,900,10.25,22.06,129.4,12.51
R004875,W094,925,10.22,19.18,131,14.24
R004876,W094,950,10.24,19.7,137.3,13.51
R004877,W094,975,10.28,23.25,126.1,12.21
R004878,W094,1000,10.35,22.51,125.3,12.49
R004879,W094,1025,10.41,22.68,129.8,12.67
R004880,W094,1050,10.42,21.5,125.6,14.36
R004881,W094,1075,10.38,21.72,127.8,13.9
R004882,W094,1100,10.41,18.07,130.5,13.01
R004883,W094,1125,10.64,21.04,128.6,15.94
R004884,W094,1150,10.5,18.69,136.2,15.45
R004885,W094,1175,10.52,21.88,131.1,14.85
R004886,W094,1200,10.58,22.18,130.1,14.69
R004887,W094,1225,10.62,19.69,126.1,15.15
R004888,W094,1250,10.71,20.25,134.5,16.74
R004889,W094,1275,10.72,18.28,129.8,16.54
R004890,W094,1300,10.94,15.02,120.8,17.86
R004891,W094,1325,10.94,15.72,128.8,16.87
R004892,W094,1350,11.06,16.33,129.4,16.59
R004893,W094,1375,11.08,14.38,125.9,18.64
R004894,W094,1400,11.02,14.84,123.7,17.12
R004895,W094,1425,11.08,17.15,118.2,16.42
R004896,W094,1450,11.14,15.04,123.7,18.69
R004897,W094,1475,11.17,13.39,104.5,20.45
R004898,W094,1500,11.27,14.85,109.6,19.87
R004899,W094,1525,11.13,17.23,126.2,18
R004900,W094,1550,11.05,18.11,117.6,18.32
R004901,W094,1575,11.4,14.09,117.2,18.74
R004902,W094,1600,11.43,14.39,126.6,20.38
R004903,W094,1625,11.38,14.44,127.3,17.89
R004904,W094,1650,11.42,16.58,121.1,18.76
R004905,W094,1675,11.43,14.17,127.8,20.81
R004906,W094,1700,11.48,15.69,118.2,18.47
R004907,W094,1725,11.59,14.23,118.5,21.36
R004908,W094,1750,11.58,16.33,118.4,19.37
R004909,W094,1775,11.64,13.91,126.1,21.95
R004910,W094,1800,11.69,15.39,119.3,19.82
R004911,W094,1825,11.75,15.96,125.6,19.71
R004912,W094,1850,11.67,15.36,124.1,20.34
R004913,W094,1875,11.77,16.59,120.4,20.29
R004914,W094,1900,11.81,13.6,116.4,20.14
R004915,W094,1925,11.89,13.65,118.1,22.27
R004916,W094,1950,11.9,14.36,112.3,21
R004917,W094,1975,11.92,15.12,114.3,22.57
R004918,W094,2000,11.94,14.73,120.8,23.62
R004919,W094,2025,11.92,14.32,118.8,22.94
R004920,W094,2050,11.94,12.71,120.6,23.66
R004921,W094,2075,12,13.58,118.5,22.19
R004922,W094,2100,12.01,12.76,117.6,23.44
R004923,W094,2125,12.06,14.89,108.8,21.91
R004924,W094,2150,12.09,15.72,121.3,23.82
R004925,W094,2175,12.12,13.1,111,22.49
R004926,W094,2200,12.21,13.29,110.9,24.18
R004927,W094,2225,12.3,14.43,119.6,24.82
R004928,W094,2250,12.3,12.9,115.4,24.19
R004929,W094,2275,12.27,14.94,106.7,24.18
R004930,W094,2300,12.37,13.1,107.9,23.69
R004931,W094,2325,12.44,12.08,107.5,26.04
R004932,W094,2350,12.42,13.41,106.2,24.74
R004933,W094,2375,12.41,13.21,117.3,25
R004934,W094,2400,12.68,9.79,106.2,29.53
R004935,W094,2425,12.73,9.56,99.4,28.2
R004936,W094,2450,12.67,10.05,104.4,29.1
R004937,W094,2475,12.7,8.51,98.4,27.45
R004938,W094,2500,12.82,9.38,106.2,28.34
R004939,W094,2525,12.87,9.39,103,29.59
R004940,W094,2550,12.81,8.7,89.3,31.92
R004941,W094,2575,12.85,8.77,104.4,30.86
R004942,W094,2600,12.99,8.81,102.9,31.23
R004943,W094,2625,12.95,8.81,103.9,29.66
R004944,W094,2650,12.99,9.03,96.6,31.25
R004945,W094,2675,13.1,8.22,103.7,29.64
R004946,W094,2700,13.13,8.66,96.1,31.07
R004947,W094,2725,13.04,8.81,101.8,31.44
R004948,W094,2750,13.12,8.83,98.2,30.94
R004949,W095,25,8.85,16.6,137.6,7.6
R004950,W095,50,8.98,16.54,141.4,7.68
R004951,W095,75,8.89,17.49,139.7,8.5
R004952,W095,100,9,18.83,130.2,10.08
R004953,W095,125,9.04,18.98,134.1,9.59
R004954,W095,150,9.08,15.72,137,9.32
R004955,W095,175,9.06,16.98,136.4,8.83
R004956,W095,200,9.09,16.42,139.8,10.68
R004957,W095,225,9.21,17.3,134.6,8.58
R004958,W095,250,9.28,17.57,138.2,11.21
R004959,W095,275,9.31,16.31,131.4,11.24
R004960,W095,300,9.2,17.03,137.7,9.7
R004961,W095,325,9.3,22,138.4,9.14
R004962,W095,350,9.47,25.41,146.3,8.1
R004963,W095,375,9.36,25.07,145.9,10.12
R004964,W095,400,9.42,25.13,135,8.69
R004965,W095,425,9.46,21.99,132,8.08
R004966,W095,450,9.47,25.21,139.2,8.06
R004967,W095,475,9.64,21.3,134.1,8.17
R004968,W095,500,9.56,24.42,134.6,10.99
R004969,W095,525,9.65,23.54,135,8.98
R004970,W095,550,9.7,19.75,135.1,11.57
R004971,W095,575,9.65,22.79,140.6,11.4
R004972,W095,600,9.78,22.4,136.3,9.99
R004973,W095,625,9.78,23.65,136.9,10.1
R004974,W095,650,9.77,22.18,132,12.05
R004975,W095,675,9.91,22.9,131.6,11.89
R004976,W095,700,9.87,23.94,133.3,10.46
R004977,W095,725,9.99,20.3,134.8,11.57
R004978,W095,750,9.97,23.56,129.9,12.71
R004979,W095,775,10.01,21.94,138.1,11.15
R004980,W095,800,10.01,19.82,134.8,11.87
R004981,W095,825,10.06,22.38,131.7,11.28
R004982,W095,850,10.14,19.13,126.6,12.18
R004983,W095,875,10.2,21.03,131.2,13.1
R004984,W095,900,10.15,20.12,128.1,14.31
R004985,W095,925,10.15,21.76,134.8,14.46
R004986,W095,950,10.17,23.33,128.6,13.78
R004987,W095,975,10.09,23.15,129.9,12.16
R004988,W095,1000,10.38,22.9,132.1,12.81
R004989,W095,1025,10.38,20.58,130.9,14.51
R004990,W095,1050,10.44,20.32,125,15.17
R004991,W095,1075,10.45,22.29,130.6,13.56
R004992,W095,1100,10.46,22.53,126.8,15.81
R004993,W095,1125,10.56,17.97,131,15.39
R004994,W095,1150,10.56,20.51,129.2,15.65
R004995,W095,1175,10.54,21.14,126.4,14.06
R004996,W095,1200,10.6,21.88,129.3,16.17
R004997,W095,1225,10.71,19.64,132.3,15.15
R004998,W095,1250,10.61,20.32,123.2,15.83
R004999,W095,1275,10.65,20.39,121.2,15.29
R005000,W095,1300,10.82,20.64,131.7,15.93
R005001,W095,1325,10.8,17.49,130.3,14.75
R005002,W095,1350,10.98,16.51,120.3,18.73
R005003,W095,1375,10.89,15.83,123.6,18.16
R005004,W095,1400,11.03,18.23,127.9,16.88
R005005,W095,1425,11.11,17.13,124.9,16.43
R005006,W095,1450,11.21,17.93,129.2,17.58
R005007,W095,1475,11.14,17.17,125.3,19.41
R005008,W095,1500,11.19,16.59,125.6,19.37
R005009,W095,1525,11.3,15.67,120.5,19.95
R005010,W095,1550,11.23,16.12,117.4,17.72
R005011,W095,1575,11.32,16.08,124.5,19.14
R005012,W095,1600,11.4,15.44,128.8,19.75
R005013,W095,1625,11.36,15.53,115.6,17.89
R005014,W095,1650,11.43,13.64,120.3,19.01
R005015,W095,1675,11.49,16.41,118.1,19.02
R005016,W095,1700,11.51,14.71,126.1,19.13
R005017,W095,1725,11.54,16.96,114.2,19.91
R005018,W095,1750,11.54,13.94,108.6,22.98
R005019,W095,1775,11.7,13.04,120.7,20.02
R005020,W095,1800,11.59,13.03,105.6,21.09
R005021,W095,1825,11.65,13.11,108.9,20.87
R005022,W095,1850,11.71,15.51,121.7,21.79
R005023,W095,1875,11.82,14.91,118.3,21.71
R005024,W095,1900,11.75,16.02,116.1,20.37
R005025,W095,1925,11.85,14.3,124.5,21.48
R005026,W095,1950,11.81,13.01,118,22.24
R005027,W095,1975,11.89,14.09,114.5,23.35
R005028,W095,2000,12,15.05,118.8,21.04
R005029,W095,2025,11.94,14.65,117.1,22.95
R005030,W095,2050,11.93,15.25,118.6,22.23
R005031,W095,2075,12.03,13.11,117.7,22.18
R005032,W095,2100,12.03,13.97,110.5,22.96
R005033,W095,2125,12.07,14.23,108.5,21.85
R005034,W095,2150,12.09,12.6,107.3,22.89
R005035,W095,2175,12.16,14.36,113.5,24.63
R005036,W095,2200,12.27,13.76,119.6,23.43
R005037,W095,2225,12.32,12.68,113.5,24.6
R005038,W095,2250,12.23,15.14,120.4,22.83
R005039,W095,2275,12.36,13.39,119.6,24.91
R005040,W095,2300,12.44,13.28,109.8,25.67
R005041,W095,2325,12.38,13.59,108.4,24.6
R005042,W095,2350,12.5,14.8,107.3,24.52
R005043,W095,2375,12.58,9.11,106,27.2
R005044,W095,2400,12.66,9.18,104.8,28.73
R005045,W095,2425,12.75,8.68,102.5,29.04
R005046,W095,2450,12.7,9.23,96.2,28.4
R005047,W095,2475,12.79,9.76,98.3,29.79
R005048,W095,2500,12.82,9.27,102.9,30.43
R005049,W095,2525,12.84,8.53,102.4,30.51
R005050,W095,2550,12.94,8.92,94.9,30.51
R005051,W095,2575,12.95,8.62,93.7,30.25
R005052,W095,2600,12.86,8.71,105.9,30.58
R005053,W095,2625,12.92,8.7,99.7,30.24
R005054,W095,2650,13.01,9.02,93.4,31.34
R005055,W095,2675,13.07,9.05,98.7,28.94
R005056,W095,2700,13.01,8.87,99.4,30.86
R005057,W095,2725,13.05,8.24,99.3,30.04
R005058,W096,25,8.84,18.09,142.4,7.09
R005059,W096,50,8.88,17.4,131,7.92
R005060,W096,75,8.99,18.46,141.3,8.82
R005061,W096,100,9,16.3,132.7,8.82
R005062,W096,125,8.98,19.26,140.6,8.04
R005063,W096,150,9.11,17.85,133.9,10.54
R005064,W096,175,9.07,16.83,128.7,8.86
R005065,W096,200,9.08,17.32,132.5,9.59
R005066,W096,225,9.24,18.05,136.1,9.26
R005067,W096,250,9.13,15.34,129.1,8.41
R005068,W096,275,9.24,18.63,126.8,10.64
R005069,W096,300,9.34,16.26,138.5,10.44
R005070,W096,325,9.35,18.6,137.4,11.65
R005071,W096,350,9.34,18.8,135.5,11.94
R005072,W096,375,9.35,16.8,133.8,11.03
R005073,W096,400,9.38,18.74,135.6,10.5
R005074,W096,425,9.45,15.2,135.5,10.49
R005075,W096,450,9.61,20.89,140.8,10.63
R005076,W096,475,9.58,20.96,133.9,10.36
R005077,W096,500,9.66,19.72,135.3,8.63
R005078,W096,525,9.64,21.58,139.6,11.11
R005079,W096,550,9.64,21.96,141,9.61
R005080,W096,575,9.76,20.58,142.9,9.52
R005081,W096,600,9.68,23.02,143.5,10.77
R005082,W096,625,9.81,23.28,139,11.12
R005083,W096,650,9.76,21.9,132.8,12.06
R005084,W096,675,9.92,21.66,141.9,12.47
R005085,W096,700,9.96,22.62,133.5,11.66
R005086,W096,725,9.85,22.95,129,12.73
R005087,W096,750,9.96,21.14,135.3,12.13
R005088,W096,775,9.95,19.52,134.9,11.55
R005089,W096,800,9.98,19.51,133.5,12.88
R005090,W096,825,10.1,21.84,132.9,12.95
R005091,W096,850,10.03,21.07,127.7,13.62
R005092,W096,875,10.16,22.14,134.7,11.76
R005093,W096,900,10.23,22.8,133.2,14.16
R005094,W096,925,10.24,18.86,133.9,12.74
R005095,W096,950,10.28,22.37,137.4,13.65
R005096,W096,975,10.2,23.22,130.2,14.56
R005097,W096,1000,10.38,21.57,126.6,13.24
R005098,W096,1025,10.31,18.66,133.9,15.25
R005099,W096,1050,10.35,18.5,137.3,13.57
R005100,W096,1075,10.46,21.06,128.4,14.1
R005101,W096,1100,10.42,18.38,130.7,15.63
R005102,W096,1125,10.45,20.48,132,14.74
R005103,W096,1150,10.46,20.78,136.4,14.15
R005104,W096,1175,10.62,22.03,122.8,15.83
R005105,W096,1200,10.61,20.48,124.2,15.01
R005106,W096,1225,10.61,19.94,132.8,14.58
R005107,W096,1250,10.73,19,122.9,15.72
R005108,W096,1275,10.73,18.13,129,17.17
R005109,W096,1300,10.75,20.37,125.1,16.87
R005110,W096,1325,10.84,19.66,131,14.91
R005111,W096,1350,10.76,19.64,134,17.4
R005112,W096,1375,10.79,20.71,120.1,14.98
R005113,W096,1400,10.92,20.27,122,17.27
R005114,W096,1425,10.91,17.59,132.8,17.23
R005115,W096,1450,11.04,20.12,124.1,17.18
R005116,W096,1475,10.97,18.63,126.6,16.66
R005117,W096,1500,11.04,20.87,128.2,18.11
R005118,W096,1525,11.19,15.86,122.8,17.33
R005119,W096,1550,11.27,15.99,116,18.19
R005120,W096,1575,11.29,13.94,117.5,18.61
R005121,W096,1600,11.38,14.76,128.8,20.32
R005122,W096,1625,11.44,17.21,121.6,19.7
R005123,W096,1650,11.51,15.14,118.4,18.5
R005124,W096,1675,11.54,13.78,127.8,18.56
R005125,W096,1700,11.46,14.58,121.3,21.31
R005126,W096,1725,11.62,15.35,118.5,19.98
R005127,W096,1750,11.54,16,124.6,20.8
R005128,W096,1775,11.65,13.82,116.6,20.38
R005129,W096,1800,11.64,14.71,114.2,20.33
R005130,W096,1825,11.75,16.25,118.3,19.87
R005131,W096,1850,11.77,15.81,113.6,20.4
R005132,W096,1875,11.68,14.4,111.7,22.73
R005133,W096,1900,11.8,13.36,114,22.24
R005134,W096,1925,11.82,12.98,120.8,21.91
R005135,W096,1950,11.84,14.84,111.4,23
R005136,W096,1975,11.94,13.43,117.8,21.68
R005137,W096,2000,11.91,16.07,112.4,23.44
R005138,W096,2025,11.91,15.74,115.2,22.3
R005139,W096,2050,11.97,13.89,111,23.28
R005140,W096,2075,12.04,15.06,122.6,21.68
R005141,W096,2100,12.06,13.54,116.1,23.94
R005142,W096,2125,12.12,12.82,118.1,24.51
R005143,W096,2150,12.09,13.38,119.1,21.98
R005144,W096,2175,12.14,15.7,112.7,24.53
R005145,W096,2200,12.26,14.26,112,24.91
R005146,W096,2225,12.26,14.91,108.3,23.76
R005147,W096,2250,12.34,13.8,118,23.81
R005148,W096,2275,12.3,13.99,111.3,24.1
R005149,W096,2300,12.33,13.48,120.1,23.42
R005150,W096,2325,12.4,14.51,108.4,25.59
R005151,W096,2350,12.42,14.09,108,25.98
R005152,W096,2375,12.51,13.52,111.2,24.44
R005153,W096,2400,12.49,14.63,112.1,26.47
R005154,W096,2425,12.56,14.9,110.5,24.53
R005155,W096,2450,12.5,11.98,117.3,26.16
R005156,W096,2475,12.64,11.87,109.9,25.87
R005157,W096,2500,12.62,14.6,113.7,27.33
R005158,W096,2525,12.62,11.98,111.7,26.41
R005159,W096,2550,12.68,13.72,103.5,25.94
R005160,W096,2575,12.83,11.96,104,25.26
R005161,W096,2600,12.81,12.37,109.6,25.99
R005162,W096,2625,12.76,12.92,112.4,28.17
R005163,W096,2650,12.83,13.21,111.9,27.3
R005164,W096,2675,12.85,11.7,112,26.41
R005165,W096,2700,13,12.09,104.8,26.48
R005166,W096,2725,12.91,13.63,101.3,26.87
R005167,W096,2750,13.01,13.85,111.9,28
R005168,W096,2775,13.06,13.12,114.1,26.72
R005169,W096,2800,13.2,9.11,101.1,30.35
R005170,W096,2825,13.23,9.57,90.8,31.99
R005171,W096,2850,13.25,7.84,97.3,30.72
R005172,W096,2875,13.31,8.48,92.2,30.86
R005173,W096,2900,13.37,7.93,100.7,32.39
R005174,W096,2925,13.43,8.44,93.7,33.53
R005175,W096,2950,13.45,9.24,88.5,33.72
R005176,W096,2975,13.43,7.52,94.9,32.04
R005177,W096,3000,13.5,7.81,98.9,33.69
R005178,W096,3025,13.57,8.38,99.5,32.75
R005179,W096,3050,13.59,7.61,97,31.89
R005180,W096,3075,13.69,8.04,99.8,33.04
R005181,W096,3100,13.63,7.61,92.4,33.93
R005182,W096,3125,13.66,8.03,98.2,32.68
R005183,W096,3150,13.71,7.55,93.1,32.83
R005184,W096,3175,13.69,7.55,90.1,35.54
R005185,W097,100,9,19.28,134.3,9.92
R005186,W097,200,9.17,18.16,135.6,10.41
R005187,W097,300,9.32,19.15,126.8,9.04
R005188,W097,400,9.54,20.01,134.5,9.1
R005189,W097,500,9.59,21.09,137.3,10.02
R005190,W097,600,9.69,22.9,137.2,11.93
R005191,W097,700,9.97,23.73,136.2,12.56
R005192,W097,800,9.78,26.3,138.9,10.75
R005193,W097,900,10.12,20.65,132.2,13.36
R005194,W097,1000,10.33,21.94,124.6,13.31
R005195,W097,1100,10.45,20.04,128.5,15.48
R005196,W097,1200,10.54,20.92,133.7,16.01
R005197,W097,1300,10.78,20.91,131.1,17.26
R005198,W097,1400,10.94,17.37,128,17.64
R005199,W097,1500,11.03,17.65,132,16.34
R005200,W097,1600,11.36,17.01,123.7,19.42
R005201,W097,1700,11.57,15.19,114.7,19.76
R005202,W097,1800,11.7,14.05,123.1,21.71
R005203,W097,1900,11.79,14.84,118.6,22.01
R005204,W097,2000,11.91,14.29,122.7,22.15
R005205,W097,2100,12.03,14.46,110.6,22.85
R005206,W097,2200,12.26,12.54,107.6,22.79
R005207,W097,2300,12.44,14.41,111.6,23.27
R005208,W097,2400,12.43,11.93,113,24.91
R005209,W097,2500,12.68,14.56,106.6,26.05
R005210,W097,2600,12.86,14.35,116.1,28.25
R005211,W097,2700,12.89,13.34,103.7,26.53
R005212,W097,2800,13.14,13.75,108.9,28.66
R005213,W097,2900,13.33,8.2,99.2,32.66
R005214,W097,3000,13.54,9.06,92.1,32.37
R005215,W097,3100,13.63,8.27,87.2,33.35
R005216,W097,3200,13.87,7.98,92.3,35.73
R005217,W098,100,9.03,18.98,129.1,9.93
R005218,W098,200,9.15,18.52,139.9,9.34
R005219,W098,300,9.31,17.7,127.7,9.67
R005220,W098,400,9.41,15.69,129.4,10.14
R005221,W098,500,9.65,24.63,141.7,9.14
R005222,W098,600,9.79,23.99,142.7,11.39
R005223,W098,700,9.88,19.51,130.9,11.65
R005224,W098,800,10.09,21.8,130,12.07
R005225,W098,900,10.16,19.66,133.1,14
R005226,W098,1000,10.35,19.45,129.6,14.84
R005227,W098,1100,10.4,19.13,129.8,14.94
R005228,W098,1200,10.58,21.3,132.6,15.93
R005229,W098,1300,10.76,18.98,126.7,14.46
R005230,W098,1400,10.82,19.55,128.9,17.35
R005231,W098,1500,10.96,18.05,130.1,17.94
R005232,W098,1600,11.4,16.68,117,20.11
R005233,W098,1700,11.5,15.04,123.2,19.67
R005234,W098,1800,11.62,16.39,125.3,19.82
R005235,W098,1900,11.85,14.34,115.9,21.76
R005236,W098,2000,11.94,16.21,116,21.69
R005237,W098,2100,12.13,15.86,121.1,23.73
R005238,W098,2200,12.22,14.72,114.3,22.72
R005239,W098,2300,12.3,13.99,107.5,24.49
R005240,W098,2400,12.46,14.42,112.3,25.39
R005241,W098,2500,12.71,14.35,111.3,25.82
R005242,W098,2600,12.82,12.36,104.2,26.38
R005243,W098,2700,12.95,13.27,108,28.38
R005244,W098,2800,13.19,8.67,98.1,32.55
R005245,W098,2900,13.43,7.57,98.7,33.38
R005246,W098,3000,13.43,8.6,99.3,33.46
R005247,W098,3100,13.66,8.88,91.4,32.49
R005248,W099,100,9.04,23.42,148.6,7.75
R005249,W099,200,9.16,24.18,147.3,7.16
R005250,W099,300,9.3,24.09,141.9,6.83
R005251,W099,400,9.41,23.88,140.5,8.65
R005252,W099,500,9.61,24.73,131.2,11.05
R005253,W099,600,9.78,19.82,140.1,11.99
R005254,W099,700,9.86,20.15,131.7,10.08
R005255,W099,800,9.98,23.58,136,12.1
R005256,W099,900,10.21,20.1,131.4,13.71
R005257,W099,1000,10.34,21.11,124.9,14.06
R005258,W099,1100,10.45,19.81,127.1,14.93
R005259,W099,1200,10.66,22.04,124.6,15.41
R005260,W099,1300,10.72,21.17,122.6,16.68
R005261,W099,1400,10.88,18.39,129.9,15.92
R005262,W099,1500,11.1,18.18,119.3,15.99
R005263,W099,1600,11.34,14.72,122,19.73
R005264,W099,1700,11.52,14.4,116.7,20.8
R005265,W099,1800,11.61,14.9,114.9,19.21
R005266,W099,1900,11.78,14.1,115.4,21.79
R005267,W099,2000,11.97,15.68,111.7,22.11
R005268,W099,2100,12.07,13.21,116.1,23.24
R005269,W099,2200,12.24,13.47,120.8,24.98
R005270,W099,2300,12.35,14.43,117.1,23.94
R005271,W099,2400,12.56,14.78,118.8,24.93
R005272,W099,2500,12.72,12.37,114.9,26.85
R005273,W099,2600,12.79,12.89,106.2,26.56
R005274,W099,2700,12.98,13.74,113.4,27.36
R005275,W099,2800,13.25,9.31,93.7,30.8
R005276,W099,2900,13.31,9.27,92.6,32.14
R005277,W099,3000,13.47,8.05,91.1,32.82
R005278,W099,3100,13.61,8.29,86.5,32.5
R005279,W100,100,9.04,17.98,140.3,8.18
R005280,W100,200,9.2,19.19,129.9,9.04
R005281,W100,300,9.23,15.61,132.6,10.22
R005282,W100,400,9.41,16.19,134.1,10.73
R005283,W100,500,9.57,24.82,140.7,8.64
R005284,W100,600,9.77,23.9,135.3,9.87
R005285,W100,700,9.83,19.74,140.5,10.86
R005286,W100,800,9.92,21.2,133.9,11.35
R005287,W100,900,10.18,19.89,138.2,14.12
R005288,W100,1000,10.24,19.61,127,13.28
R005289,W100,1100,10.47,18,135.4,14.63
R005290,W100,1200,10.61,21.16,127.6,16.36
R005291,W100,1300,10.61,22.87,132.4,16.14
R005292,W100,1400,10.88,18.84,133.2,17.36
R005293,W100,1500,10.99,18.77,122.5,16.67
R005294,W100,1600,11.09,18.79,126,19.47
R005295,W100,1700,11.58,15.18,116.2,19.07
R005296,W100,1800,11.59,15.45,122.1,20.7
R005297,W100,1900,11.77,14.78,116.7,20.5
R005298,W100,2000,11.91,15.67,119.1,20.98
R005299,W100,2100,12.04,14.38,117.1,24.42
R005300,W100,2200,12.23,12.36,121.1,24.46
R005301,W100,2300,12.37,15.26,116.6,24.45
R005302,W100,2400,12.59,13.44,115.9,25.71
R005303,W100,2500,12.61,13.13,111,26.98
R005304,W100,2600,12.77,12.58,106.2,26.47
R005305,W100,2700,12.88,13.35,114.8,27.12
R005306,W100,2800,13,10.96,110,27.66
R005307,W100,2900,13.28,13.31,106.7,29.5
R005308,W100,3000,13.49,8.21,93.1,33.55
R005309,W100,3100,13.59,7.34,90.7,34.08
R005310,W100,3200,13.82,7.98,92.3,34.18
R005311,W100,3300,14.01,8.31,93.1,36.25
R005312,W100,3400,14.15,7.77,88.8,35.04
R005313,W101,100,8.96,16.57,129.1,9.93
R005314,W101,200,9.13,17.91,128.6,9.04
R005315,W101,300,9.29,19.08,135.3,9.67
R005316,W101,400,9.4,16.67,134.2,10.98
R005317,W101,500,9.53,22.75,140.4,9.28
R005318,W101,600,9.76,20.55,143.1,11.82
R005319,W101,700,9.95,21.96,138.4,12.13
R005320,W101,800,10.08,23.16,132.3,13.42
R005321,W101,900,10.24,19.93,139.7,12.14
R005322,W101,1000,10.3,21.82,129.8,14.03
R005323,W101,1100,10.42,20.21,130.7,14.94
R005324,W101,1200,10.59,21.38,124.6,16.6
R005325,W101,1300,10.7,18.67,123,16.2
R005326,W101,1400,11.15,14.49,122.9,16.43
R005327,W101,1500,11.16,17.27,129.2,17.35
R005328,W101,1600,11.29,14.73,116.3,17.92
R005329,W101,1700,11.47,14.05,114.9,21.27
R005330,W101,1800,11.66,15.06,112.7,21.95
R005331,W101,1900,11.76,15.03,118.3,20.33
R005332,W101,2000,11.96,16.17,114.3,21.45
R005333,W101,2100,12.04,14.69,119.9,23.72
R005334,W101,2200,12.18,15.33,120.2,24.07
R005335,W101,2300,12.32,13.05,109.7,24.97
R005336,W101,2400,12.45,14.92,117.3,23.76
R005337,W101,2500,12.87,8.58,95.7,28.47
R005338,W101,2600,12.89,8.64,97,29.67
R005339,W101,2700,13.05,7.99,91.6,29.7
R005340,W102,100,8.92,19.66,137.5,7.43
R005341,W102,200,9.14,16.65,136.5,9.64
R005342,W102,300,9.25,15.54,131.5,9.58
R005343,W102,400,9.39,25.29,132,8.43
R005344,W102,500,9.62,20.8,139.2,10.45
R005345,W102,600,9.67,19.85,140.7,9.32
R005346,W102,700,9.92,23.7,129.7,10.3
R005347,W102,800,9.81,25.77,127.3,12.1
R005348,W102,900,10.14,21.09,130.2,11.92
R005349,W102,1000,10.32,21.44,125.3,12.96
R005350,W102,1100,10.42,22.36,125.8,13.45
R005351,W102,1200,10.53,20.55,134.6,16.02
R005352,W102,1300,10.7,19.66,132.4,16.44
R005353,W102,1400,11.12,16.88,130.6,17.62
R005354,W102,1500,11.26,16.62,116.3,19.8
R005355,W102,1600,11.4,14.97,128.4,18.15
R005356,W102,1700,11.55,14.56,127.1,20.28
R005357,W102,1800,11.64,16.29,125.3,20.94
R005358,W102,1900,11.8,16.01,125.1,20.95
R005359,W102,2000,11.95,14.2,113.8,22.28
R005360,W102,2100,12.08,12.94,119,22.05
R005361,W102,2200,12.24,15.03,115.8,23.3
R005362,W102,2300,12.29,14.91,108.3,24.22
R005363,W102,2400,12.55,14.25,116.6,26.7
R005364,W102,2500,12.78,8.29,101.2,30.09
R005365,W102,2600,12.88,7.93,96.2,29.95
R005366,W102,2700,13.13,7.95,94.1,30.86
R005367,W102,2800,13.15,8.8,100.4,31.95
R005368,W103,100,8.99,23.22,144.6,5.77
R005369,W103,200,9.26,20.82,140.2,6.97
R005370,W103,300,9.39,20.93,143.8,8.02
R005371,W103,400,9.4,22.41,132.4,7.98
R005372,W103,500,9.68,24.21,140.3,9.13
R005373,W103,600,9.77,22.93,140.4,11.41
R005374,W103,700,9.89,19.3,137.8,12.78
R005375,W103,800,10.11,19.21,132.7,12.24
R005376,W103,900,10.22,19.23,127,12.22
R005377,W103,1000,10.25,24.4,136.6,14.52
R005378,W103,1100,10.41,20.71,129.1,14
R005379,W103,1200,10.66,19.97,134.9,16.41
R005380,W103,1300,10.78,21.53,123,15.63
R005381,W103,1400,10.89,19.72,119.7,16.71
R005382,W103,1500,11.09,20.79,123.2,16.01
R005383,W103,1600,11.23,19,125.4,19.5
R005384,W103,1700,11.59,15.03,120.6,20.18
R005385,W103,1800,11.71,14.84,114.4,20.08
R005386,W103,1900,11.81,13.17,112,20.74
R005387,W103,2000,11.93,13.43,112.1,23.17
R005388,W103,2100,11.94,14.61,121.7,21.17
R005389,W103,2200,12.16,14.96,119.6,23.91
R005390,W103,2300,12.29,13.98,113.5,25.58
R005391,W103,2400,12.55,14.82,106.5,24.55
R005392,W103,2500,12.62,12.42,114.5,24.87
R005393,W103,2600,12.77,13.75,105.8,25.53
R005394,W103,2700,13,11.6,110.4,28.37
R005395,W103,2800,13.06,12.34,109.9,28.24
R005396,W103,2900,13.2,11.64,102.5,28.57
R005397,W103,3000,13.48,9.11,95.1,32.4
R005398,W103,3100,13.67,8.23,96.2,33.04
R005399,W103,3200,13.72,7.69,97.1,34.92
R005400,W103,3300,13.91,6.97,84.5,33.84
R005401,W104,100,8.99,16.91,141.9,8.85
R005402,W104,200,9.21,16.18,141,9.73
R005403,W104,300,9.28,16.7,138,10.88
R005404,W104,400,9.45,18.51,134.8,10.28
R005405,W104,500,9.62,20.82,131.5,10.02
R005406,W104,600,9.71,19.59,130.3,11.35
R005407,W104,700,9.92,22.03,140.5,12.32
R005408,W104,800,10.05,19.4,139.1,12.86
R005409,W104,900,10.25,21.33,127,11.35
R005410,W104,1000,10.32,20.9,124.7,14.29
R005411,W104,1100,10.41,21.35,135,14.07
R005412,W104,1200,10.66,17.93,125.8,15.45
R005413,W104,1300,10.69,21.25,121.7,16.73
R005414,W104,1400,10.96,20.77,121.3,16.99
R005415,W104,1500,10.99,17.92,120.1,17.72
R005416,W104,1600,11.19,19.92,119.4,18.57
R005417,W104,1700,11.5,14.3,123.2,19.15
R005418,W104,1800,11.59,13.45,119,19.24
R005419,W104,1900,11.86,14.59,111.4,22.08
R005420,W104,2000,11.94,15.98,114.4,22.84
R005421,W104,2100,12.01,13.75,116.7,24.15
R005422,W104,2200,12.26,14.02,116.3,22.48
R005423,W104,2300,12.43,11.33,110,25.56
R005424,W104,2400,12.48,12.89,111,26.51
R005425,W104,2500,12.73,14.65,110.7,27.33
R005426,W104,2600,12.74,13.69,107.6,27.03
R005427,W104,2700,12.96,12.77,103.6,27.85
R005428,W104,2800,13,12.9,112.5,29.59
R005429,W104,2900,13.25,13.27,102,29.48
R005430,W104,3000,13.51,8.22,89.2,33.27
R005431,W104,3100,13.64,8.65,99.2,32.14
R005432,W104,3200,13.83,7.59,96,34.73
R005433,W104,3300,13.97,7.37,91.4,35.8
R005434,W105,100,9.07,16.65,131.4,10.24
R005435,W105,200,9.13,16.2,130,9.68
R005436,W105,300,9.35,16.65,133.5,11.74
R005437,W105,400,9.36,17.87,134.4,10.38
R005438,W105,500,9.67,22.74,143.9,9.51
R005439,W105,600,9.72,22.82,143.3,9.45
R005440,W105,700,9.83,21.72,135.7,10.43
R005441,W105,800,9.99,20.9,130.9,11.22
R005442,W105,900,10.12,22.47,134.8,12.44
R005443,W105,1000,10.34,23.09,136.9,14.83
R005444,W105,1100,10.42,19.36,132.3,14.57
R005445,W105,1200,10.59,20.04,124.9,16.32
R005446,W105,1300,10.71,21.63,130.7,16.72
R005447,W105,1400,11.04,14.73,117.8,19.02
R005448,W105,1500,11.28,15.11,125.7,17.33
R005449,W105,1600,11.41,17.02,120.6,20.6
R005450,W105,1700,11.44,15.62,116.5,21.03
R005451,W105,1800,11.64,13.53,116.7,20.26
R005452,W105,1900,11.85,14.53,111.5,20.03
R005453,W105,2000,11.96,14.22,116,22.09
R005454,W105,2100,12.06,14.92,112.2,22.33
R005455,W105,2200,12.3,14.27,113.7,24.62
R005456,W105,2300,12.43,13.76,118,25.15
R005457,W105,2400,12.52,12.64,111.8,26.08
R005458,W105,2500,12.88,8.97,98.8,30.45
R005459,W105,2600,12.91,9.61,100.4,28.71
R005460,W105,2700,13.01,9.84,103.5,30.29
R005461,W105,2800,13.3,9.14,92.6,30.29
R005462,W106,100,9.08,24.67,149.5,5.55
R005463,W106,200,9.18,25.96,145.8,7.98
R005464,W106,300,9.29,21.35,143,8.58
R005465,W106,400,9.39,22.68,139.2,10.38
R005466,W106,500,9.69,20.95,140.4,9.66
R005467,W106,600,9.77,23.41,142.7,11.49
R005468,W106,700,9.89,22.73,137.9,9.86
R005469,W106,800,10.07,23.77,133,13.43
R005470,W106,900,10.21,21.01,130,11.83
R005471,W106,1000,10.33,22.39,125.9,13.71
R005472,W106,1100,10.42,21.27,128.5,12.93
R005473,W106,1200,10.55,19.66,133.6,15.34
R005474,W106,1300,10.74,20.75,125.2,16.75
R005475,W106,1400,10.94,20.26,127.3,16.79
R005476,W106,1500,11.1,20.3,119.5,17.56
R005477,W106,1600,11.24,17.5,130.5,17.64
R005478,W106,1700,11.57,16.06,124.2,18.76
R005479,W106,1800,11.65,15.05,123.9,20.8
R005480,W106,1900,11.87,15.94,114.4,22.31
R005481,W106,2000,11.87,14.13,112.7,21.96
R005482,W106,2100,12.03,15.61,119.8,21.58
R005483,W106,2200,12.21,15.25,109.6,24.9
R005484,W106,2300,12.43,14.12,114.5,23.06
R005485,W106,2400,12.61,12.58,109.2,25.24
R005486,W106,2500,12.66,11.77,114.7,24.86
R005487,W106,2600,12.83,12.86,116.4,26.85
R005488,W106,2700,12.95,12.08,111.8,26.25
R005489,W106,2800,13.03,13.19,106.3,28.93
R005490,W106,2900,13.27,11.77,107.7,27.98
R005491,W106,3000,13.58,8.02,90.1,32.56
R005492,W106,3100,13.71,8.37,94.2,34.15
R005493,W106,3200,13.86,7.53,97.5,33.89
R005494,W106,3300,13.97,8.38,84.8,36.09
R005495,W106,3400,14.02,7.3,86.9,35.08
R005496,W107,100,9.03,16.32,141.1,7.8
R005497,W107,200,9.19,18.15,135,10.12
R005498,W107,300,9.26,17.61,132.6,10.55
R005499,W107,400,9.47,17.78,137,10.26
R005500,W107,500,9.69,20.93,132.2,10.77
R005501,W107,600,9.81,23.32,138.3,9.85
R005502,W107,700,9.83,23.03,138.2,11.36
R005503,W107,800,9.78,26.11,128.5,12.45
R005504,W107,900,10.17,22.9,131.3,11.83
R005505,W107,1000,10.26,21.63,127.7,12.99
R005506,W107,1100,10.52,19.52,126.5,15.74
R005507,W107,1200,10.54,20.71,129.7,15.92
R005508,W107,1300,10.7,21.73,124.9,15.88
R005509,W107,1400,11.13,14.69,124.7,16.72
R005510,W107,1500,11.18,15.3,120.3,19.05
R005511,W107,1600,11.38,16.62,126.3,18.94
R005512,W107,1700,11.53,13.69,119.1,18.64
R005513,W107,1800,11.59,16.49,125,19.21
R005514,W107,1900,11.87,13.54,117.2,20.95
R005515,W107,2000,11.87,15.03,122.2,23.21
R005516,W107,2100,12.11,13.65,109.2,22.94
R005517,W107,2200,12.24,13.5,109.2,24.54
R005518,W107,2300,12.35,12.4,107.4,23.78
R005519,W107,2400,12.57,14.4,106.7,25.52
R005520,W107,2500,12.7,13.07,116.9,26.47
R005521,W107,2600,12.98,8.49,102.7,29.01
R005522,W107,2700,13.07,8.42,100.4,31.71
R005523,W107,2800,13.27,8.26,100.3,30.7
R005524,W108,100,8.97,16.95,134.9,9.27
R005525,W108,200,9.08,19.57,131.8,9.02
R005526,W108,300,9.23,16.35,131.6,11.47
R005527,W108,400,9.46,16.1,136.1,11.87
R005528,W108,500,9.56,19.71,140.8,8.44
R005529,W108,600,9.77,21.94,132.7,9.76
R005530,W108,700,9.9,21.44,128.8,11.36
R005531,W108,800,10.05,21.34,130,10.99
R005532,W108,900,10.1,20.69,138.5,14.02
R005533,W108,1000,10.3,20.91,126.7,13.12
R005534,W108,1100,10.44,22.54,137,13.51
R005535,W108,1200,10.6,20.21,126.1,13.7
R005536,W108,1300,10.82,21.27,129.5,15.78
R005537,W108,1400,10.83,20.14,130.3,17.92
R005538,W108,1500,11.04,18.88,127.1,17.8
R005539,W108,1600,11.42,14.05,119.9,20.1
R005540,W108,1700,11.5,14.09,122.4,20.07
R005541,W108,1800,11.69,15.91,122.2,20.25
R005542,W108,1900,11.74,16,123.1,21.68
R005543,W108,2000,11.91,15.53,114.1,21.52
R005544,W108,2100,12.04,12.65,112.9,23.58
R005545,W108,2200,12.21,12.39,111.6,22.82
R005546,W108,2300,12.38,13.68,117.3,24.24
R005547,W108,2400,12.58,14.63,110.2,23.94
R005548,W108,2500,12.7,14.61,108.5,24.92
R005549,W108,2600,12.82,14.18,112.2,26.7
R005550,W108,2700,12.91,12.54,105.8,26.33
R005551,W108,2800,13.21,9.27,94.2,32.68
R005552,W108,2900,13.34,9.26,100.9,31.03
R005553,W108,3000,13.51,8.75,95.4,34.02
R005554,W108,3100,13.72,8.44,89.4,32.28
R005555,W109,175,9.28,36.43,143.8,4.9
R005556,W109,350,9.53,30.1,137.6,6.57
R005557,W109,525,9.81,34.94,144.1,9.94
R005558,W109,700,10.16,19.65,130.5,12.83
R005559,W109,875,10.36,16.87,125.3,12.39
R005560,W109,1050,10.57,15.96,127.7,15.98
R005561,W109,1225,10.9,16.58,132.9,16.42
R005562,W109,1400,11.07,15.96,111.9,17.98
R005563,W109,1575,11.17,16.87,122.4,17.33
R005564,W109,1750,11.39,14.78,111.2,22.09
R005565,W109,1925,11.6,12.64,108.2,23.37
R005566,W109,2100,11.83,13.62,107.3,23.39
R005567,W109,2275,12.01,13.41,103.9,24.42
R005568,W109,2450,12.39,15.74,117.5,23.82
R005569,W109,2625,12.62,15.64,111.1,26.21
R005570,W109,2800,12.91,15.64,111.3,27.81
R005571,W110,175,9.25,36.27,140.8,7.57
R005572,W110,350,9.44,32.01,134.7,8.64
R005573,W110,525,9.67,34.46,144.7,8.35
R005574,W110,700,10.15,16.54,127.4,11.66
R005575,W110,875,10.31,17.95,134,13.68
R005576,W110,1050,10.51,16.25,130.8,15.57
R005577,W110,1225,10.79,15.93,126.8,17.66
R005578,W110,1400,11.13,16.9,123,16.35
R005579,W110,1575,11.4,14.31,119.3,19.42
R005580,W110,1750,11.4,14.99,109.3,20.63
R005581,W110,1925,11.6,13.01,117.2,22.82
R005582,W110,2100,11.86,14,104.1,24.28
R005583,W110,2275,12.15,12.68,102.7,24.77
R005584,W110,2450,12.37,15.7,113.5,23.18
R005585,W110,2625,12.69,16.04,118,26.61
R005586,W110,2800,12.82,14.37,112.5,27.81
R005587,W111,175,9.28,36.1,145.2,5.58
R005588,W111,350,9.44,34.04,143.4,7.87
R005589,W111,525,9.7,33.48,139.4,9.62
R005590,W111,700,10.14,16.18,128.5,13.09
R005591,W111,875,10.36,19.7,127.5,14.22
R005592,W111,1050,10.65,15.14,129,15.92
R005593,W111,1225,10.89,17.09,129.5,15.4
R005594,W111,1400,11.08,14.56,118.5,17.19
R005595,W111,1575,11.32,14.73,113.7,19.58
R005596,W111,1750,11.61,13.3,108.7,20.74
R005597,W111,1925,11.65,11.9,108.7,21.19
R005598,W111,2100,11.89,13.73,105.3,24.22
R005599,W111,2275,12.13,11.61,105.4,26.72
R005600,W111,2450,12.31,10.84,108.6,27.9
R005601,W111,2625,12.6,13.9,117.6,24.45
R005602,W111,2800,12.84,13.56,107.4,28.12
R005603,W111,2975,13.19,14.74,105,28.22
R005604,W112,175,9.33,30.53,141.4,6.28
R005605,W112,350,9.56,33.54,143.8,8.24
R005606,W112,525,9.75,33.39,144.7,10.02
R005607,W112,700,10.02,17.83,131.5,12.45
R005608,W112,875,10.28,17.05,135.1,14.48
R005609,W112,1050,10.66,14.88,124.5,15.46
R005610,W112,1225,10.88,18.12,124,17.47
R005611,W112,1400,11.13,17.38,118.2,19.08
R005612,W112,1575,11.36,14.77,120,19.32
R005613,W112,1750,11.54,16.78,124.8,20.98
R005614,W112,1925,11.65,14.52,107.2,22.6
R005615,W112,2100,11.79,14.03,108.2,24.8
R005616,W112,2275,12.15,13.32,107.9,25.24
R005617,W112,2450,12.31,17.94,108.3,23.92
R005618,W112,2625,12.64,14.58,107.2,24.99
R005619,W112,2800,12.94,13.23,114.1,26.32
R005620,W113,175,9.27,31.38,141.8,7.13
R005621,W113,350,9.42,34.28,144.3,8.61
R005622,W113,525,9.72,30.99,144.4,7.88
R005623,W113,700,10.16,19.62,139.9,11.91
R005624,W113,875,10.41,17.43,126.5,12.6
R005625,W113,1050,10.6,16.09,133.9,13.8
R005626,W113,1225,10.89,17.13,125.3,17.27
R005627,W113,1400,11.01,14.82,129,18.4
R005628,W113,1575,11.27,17.38,124,19.56
R005629,W113,1750,11.57,15.23,126.8,21.35
R005630,W113,1925,11.77,16.33,124.4,21.67
R005631,W113,2100,11.86,13.96,114,23.13
R005632,W113,2275,12.04,12.36,111.9,26.01
R005633,W113,2450,12.33,10.67,107.6,27.21
R005634,W113,2625,12.6,11.18,107.8,26.9
R005635,W113,2800,12.68,15.38,115.5,25.98
R005636,W113,2975,12.97,13.81,111.2,27.47
R005637,W113,3150,13.31,13.86,108.2,30.65
R005638,W114,175,9.2,31.78,142.6,7.67
R005639,W114,350,9.43,34.28,144.7,9.12
R005640,W114,525,9.71,28.21,137.9,9.9
R005641,W114,700,10.09,19.15,133.9,11.81
R005642,W114,875,10.35,18.05,127.6,12.93
R005643,W114,1050,10.57,15.13,126.8,16.15
R005644,W114,1225,10.81,14.43,126.5,17.53
R005645,W114,1400,11.04,17.33,125.9,16.95
R005646,W114,1575,11.35,16.22,118.9,20.25
R005647,W114,1750,11.56,14.03,119,20.18
R005648,W114,1925,11.83,15.61,122.6,21.07
R005649,W114,2100,11.83,13.43,117,23.3
R005650,W114,2275,12.12,12.45,103.5,25.43
R005651,W114,2450,12.35,11.1,112.2,25.99
R005652,W114,2625,12.57,10.39,98.7,28.07
R005653,W114,2800,12.93,16.17,106.4,27.46
R005654,W114,2975,13.18,12.97,111,29.03
R005655,W114,3150,13.41,13.38,108.4,28.72
R005656,W115,175,9.25,29.47,138.5,6.21
R005657,W115,350,9.48,31.85,148.3,6.99
R005658,W115,525,9.68,33.48,134.1,9.49
R005659,W115,700,10.07,32.41,141.5,10.21
R005660,W115,875,10.3,16.07,130,15.13
R005661,W115,1050,10.56,15.4,125.9,16.32
R005662,W115,1225,10.81,14.64,121.5,15.85
R005663,W115,1400,11.16,14.46,128.7,16.91
R005664,W115,1575,11.26,15.84,121.2,19.82
R005665,W115,1750,11.62,14.72,126.5,21.65
R005666,W115,1925,11.8,14.69,115.8,22.83
R005667,W115,2100,11.77,12.21,107.3,25.2
R005668,W115,2275,12.07,12.99,111,25.74
R005669,W115,2450,12.37,12.95,101.1,25.6
R005670,W115,2625,12.55,16.54,104.4,26.42
R005671,W115,2800,12.86,14.91,102.9,28.64
R005672,W115,2975,13.09,15.66,101,28.11
R005673,W115,3150,13.34,13.14,98.4,30.31
R005674,W116,175,9.29,36.33,143.9,5.49
R005675,W116,350,9.55,34.61,138.2,7.17
R005676,W116,525,9.79,31.12,140.3,8.2
R005677,W116,700,10.15,18.29,129.9,13.21
R005678,W116,875,10.37,17,133,15.13
R005679,W116,1050,10.52,15.81,123.5,15.09
R005680,W116,1225,10.8,16.77,125.8,17.23
R005681,W116,1400,11.14,17.57,117.6,17.07
R005682,W116,1575,11.38,14.33,121.5,19.52
R005683,W116,1750,11.55,16.17,126.1,21.28
R005684,W116,1925,11.65,12.98,117.2,22.13
R005685,W116,2100,11.77,12.59,111.7,22.54
R005686,W116,2275,12.09,12.97,103.6,26.46
R005687,W116,2450,12.36,10.71,110.3,27.06
R005688,W116,2625,12.64,14.58,117.3,24.47
R005689,W116,2800,12.87,15.53,112.6,26.96
R005690,W116,2975,13.16,15.35,113.7,28.44
R005691,W117,175,9.3,36.57,149.9,5.34
R005692,W117,350,9.52,32.76,145.5,8.99
R005693,W117,525,9.73,31.44,139.7,10.08
R005694,W117,700,10.07,16.73,129.2,12.04
R005695,W117,875,10.27,19.24,125.8,15.04
R005696,W117,1050,10.55,15.47,127.1,14.58
R005697,W117,1225,10.82,15.06,124.4,17.25
R005698,W117,1400,11.1,15.69,120.5,17.73
R005699,W117,1575,11.26,15.96,123.9,19.78
R005700,W117,1750,11.31,12.99,115.5,21.04
R005701,W117,1925,11.62,11.81,114,21.56
R005702,W117,2100,11.86,14.17,112.5,24.39
R005703,W117,2275,12.01,12.72,101.8,24.54
R005704,W117,2450,12.41,15.85,110.3,24.84
R005705,W117,2625,12.67,16.91,116.8,27.11
R005706,W117,2800,12.89,14.31,106.7,27.88
R005707,W118,175,9.3,30.66,149.7,5.33
R005708,W118,350,9.43,32.23,136.2,6.97
R005709,W118,525,9.69,29.65,136.5,9.94
R005710,W118,700,10.09,18.13,135.7,11.85
R005711,W118,875,10.34,18.65,135.1,14.48
R005712,W118,1050,10.52,16.2,118.4,17.05
R005713,W118,1225,10.84,15.52,122.4,17.21
R005714,W118,1400,11.14,15.43,125.1,17.21
R005715,W118,1575,11.36,14.24,111.9,19.41
R005716,W118,1750,11.56,14,114.5,19.79
R005717,W118,1925,11.66,14.78,117.7,21.66
R005718,W118,2100,11.83,13.31,111.1,25.45
R005719,W118,2275,12.15,12.58,111.1,25.25
R005720,W118,2450,12.32,12.27,107.6,28
R005721,W118,2625,12.47,17.96,117.5,24.94
R005722,W118,2800,12.83,13.63,102.9,27.35
R005723,W118,2975,13.12,15.22,105.7,27.64
R005724,W119,175,9.26,35.48,145.7,7.54
R005725,W119,350,9.52,29.15,138.5,8.58
R005726,W119,525,9.77,30.92,142.3,9.1
R005727,W119,700,10.03,19.05,128.1,11.05
R005728,W119,875,10.39,17.56,130.6,14.55
R005729,W119,1050,10.56,17.81,123.2,15.46
R005730,W119,1225,10.85,18.3,125.2,16.62
R005731,W119,1400,11.07,18.05,121.9,16.44
R005732,W119,1575,11.29,14.68,127.2,18.96
R005733,W119,1750,11.6,16.47,120.2,19.36
R005734,W119,1925,11.53,13.22,108.3,23.65
R005735,W119,2100,11.85,12.23,114.6,23.09
R005736,W119,2275,12.05,12.37,103.8,25.78
R005737,W119,2450,12.39,17.76,113.1,25.38
R005738,W119,2625,12.28,18.75,111,23.64
R005739,W119,2800,12.85,15.21,113.6,28.54
R005740,W119,2975,13.11,15.87,100.2,27.5
R005741,W120,175,9.21,32.94,140.4,5.26
R005742,W120,350,9.48,34.12,143.3,7.93
R005743,W120,525,9.78,28.6,145.1,10.02
R005744,W120,700,10.09,18.9,132.9,12.81
R005745,W120,875,10.36,16.13,127.6,12.89
R005746,W120,1050,10.55,17.47,135.2,14.27
R005747,W120,1225,10.76,15.53,131.7,16.05
R005748,W120,1400,11.1,14.74,128.3,16.94
R005749,W120,1575,11.4,14.13,115.9,20.14
R005750,W120,1750,11.58,14.6,123.4,20.02
R005751,W120,1925,11.51,14.33,109.7,22.34
R005752,W120,2100,11.89,13.57,116.4,22.81
R005753,W120,2275,12.1,13.05,106.7,24.53
R005754,W120,2450,12.26,12.93,106,25.53
R005755,W120,2625,12.55,15.2,117.6,24.92
R005756,W120,2800,12.94,16.32,115.8,26.51
R005757,W120,2975,13.12,14.1,102.3,27.99
R005758,W121,175,9.21,35.3,143.2,5.76
R005759,W121,350,9.42,28.98,144,7.95
R005760,W121,525,9.73,30.52,133,8.17
R005761,W121,700,10.02,19.18,134.4,13.5
R005762,W121,875,10.38,18.94,135.7,14.04
R005763,W121,1050,10.52,17.99,135.4,15.52
R005764,W121,1225,10.87,17.32,129.9,15.27
R005765,W121,1400,11.08,15.88,120.1,16.77
R005766,W121,1575,11.35,14.96,129.3,18.51
R005767,W121,1750,11.59,16.84,121.1,21.62
R005768,W121,1925,11.88,13.93,122.6,22.85
R005769,W121,2100,11.85,12.77,104.8,23.41
R005770,W121,2275,12.01,10.89,114.7,26.09
R005771,W121,2450,12.36,11.68,103.1,25.98
R005772,W121,2625,12.61,12.06,106,27.13
R005773,W121,2800,12.91,14.36,107.2,25.86
R005774,W121,2975,13.14,13.1,104,29.52
R005775,W121,3150,13.3,12.76,99.3,28.52
R005776,W122,175,9.29,33.79,145.8,5.27
R005777,W122,350,9.57,28.75,148.4,7.93
R005778,W122,525,9.67,28.64,136.5,8.68
R005779,W122,700,10.04,17.78,126.3,12
R005780,W122,875,10.32,18.97,126.5,14.3
R005781,W122,1050,10.62,17.26,134.2,13.61
R005782,W122,1225,10.87,18.44,127.7,14.85
R005783,W122,1400,11.12,17.99,119.4,17.36
R005784,W122,1575,11.41,14.05,115.3,18.3
R005785,W122,1750,11.54,16.55,125.3,21.31
R005786,W122,1925,11.64,13.76,112.8,23.24
R005787,W122,2100,11.78,13.7,109.1,23.27
R005788,W122,2275,12.14,11.47,107.1,26.34
R005789,W122,2450,12.33,12.43,112.1,27.72
R005790,W122,2625,12.66,14.48,114.2,26.78
R005791,W122,2800,12.86,13.27,113.6,27.45
R005792,W122,2975,13.16,14.81,103.9,29.4
R005793,W123,175,9.21,30.42,147,7.74
R005794,W123,350,9.46,32.4,138.9,8.98
R005795,W123,525,9.8,35.09,140.7,10.33
R005796,W123,700,10.11,20.17,136.7,11.35
R005797,W123,875,10.4,19.65,126.7,13.35
R005798,W123,1050,10.55,15.95,122.6,15.93
R005799,W123,1225,10.92,15.43,125.1,16.16
R005800,W123,1400,11.22,13.87,126.1,18.66
R005801,W123,1575,11.31,15.76,123.4,18.13
R005802,W123,1750,11.57,14.87,113.9,19.47
R005803,W123,1925,11.66,14.65,114.5,23.12
R005804,W123,2100,11.83,13.3,116.5,22.97
R005805,W123,2275,12.14,12.59,103.6,26.35
R005806,W123,2450,12.37,11.39,107.8,27.77
R005807,W123,2625,12.56,15.99,105.7,24.97
R005808,W123,2800,12.88,13.63,108.4,27.95
R005809,W123,2975,13.16,12.84,101.1,29.88
R005810,W124,175,9.25,31.42,136.9,6.37
R005811,W124,350,9.55,29.65,143.1,7.79
R005812,W124,525,9.72,29.03,136.7,10.01
R005813,W124,700,10.07,31.08,142.3,10.12
R005814,W124,875,10.31,16.63,132.9,14.39
R005815,W124,1050,10.54,16.28,129.7,13.66
R005816,W124,1225,10.9,17.95,123.7,16
R005817,W124,1400,11.06,15.91,127.3,16.63
R005818,W124,1575,11.37,14.39,117.4,17.97
R005819,W124,1750,11.57,15.67,118.3,21.31
R005820,W124,1925,11.54,14.68,119,23.52
R005821,W124,2100,11.86,12.46,104.8,22.48
R005822,W124,2275,12.04,13.64,113.7,25.71
R005823,W124,2450,12.3,10.8,106.8,27.65
R005824,W124,2625,12.58,15.86,105.9,25.59
R005825,W124,2800,12.81,14.27,107.1,28.41
R005826,W124,2975,13.08,12.01,99.9,30.9
R005827,W125,175,9.26,29.86,137.2,7.28
R005828,W125,350,9.54,31.38,144.8,6.94
R005829,W125,525,9.58,15.09,127.3,13.1
R005830,W125,700,9.86,14.62,132.8,12.09
R005831,W125,875,10.02,15.8,126.4,14.01
R005832,W125,1050,10.31,16.36,122.3,16.19
R005833,W125,1225,10.6,15.18,124.2,16.08
R005834,W125,1400,10.75,14.99,121.2,19.3
R005835,W125,1575,11.15,13.81,114.6,18.91
R005836,W125,1750,11.39,12.14,109.7,21.41
R005837,W125,1925,11.61,18.09,122.4,19.5
R005838,W125,2100,11.9,17.61,121.2,22.89
R005839,W125,2275,12.15,18.12,121,22.9
R005840,W125,2450,12.43,14.42,118.1,23.29
R005841,W125,2625,12.98,9.37,95.2,29.6
R005842,W125,2800,13.21,7.91,93.8,31.31
R005843,W126,175,9.28,36.2,146.3,5.12
R005844,W126,350,9.46,31.64,142.2,6.26
R005845,W126,525,9.65,15.86,129.6,11.63
R005846,W126,700,9.9,16.35,133.1,13.97
R005847,W126,875,10.14,15.21,126.8,13.34
R005848,W126,1050,10.3,15.98,124.3,17.2
R005849,W126,1225,10.57,13.34,128.3,17.82
R005850,W126,1400,10.79,13.43,122,18.67
R005851,W126,1575,11.04,13.74,113.6,18.91
R005852,W126,1750,11.32,14.43,117.4,20.82
R005853,W126,1925,11.67,19.62,117.7,21.8
R005854,W126,2100,11.91,18.72,112,22.23
R005855,W126,2275,12.09,16.84,109.6,24.5
R005856,W126,2450,12.42,14.19,113.4,25.14
R005857,W126,2625,12.91,8.25,104.1,29.56
R005858,W126,2800,13.17,8.3,95.4,31.4
R005859,W127,175,9.28,32.27,144.5,6.28
R005860,W127,350,9.45,29.55,147.4,7.12
R005861,W127,525,9.77,34.38,138,8.47
R005862,W127,700,9.81,16.22,123.8,13.82
R005863,W127,875,10.03,16.3,126.1,15.59
R005864,W127,1050,10.27,15.96,121.5,15.44
R005865,W127,1225,10.54,15.39,119.1,17.7
R005866,W127,1400,10.87,15.46,119.4,17.81
R005867,W127,1575,11.12,13.6,122.8,20.21
R005868,W127,1750,11.36,12.83,117.9,20.31
R005869,W127,1925,11.65,14.36,111.9,21.6
R005870,W127,2100,11.94,17.65,122,22.55
R005871,W127,2275,12.1,16.8,120.4,22.75
R005872,W127,2450,12.33,14.27,113.7,24.2
R005873,W127,2625,12.56,15.93,106.6,25.18
R005874,W127,2800,13.27,7.95,102,31.54
R005875,W127,2975,13.41,7.33,101,33.8
R005876,W128,175,9.25,35.28,143.9,5.23
R005877,W128,350,9.57,29.1,139,7.43
R005878,W128,525,9.67,31.06,139.8,10.47
R005879,W128,700,9.79,17.59,134.5,12.63
R005880,W128,875,10.11,15.17,120.9,15.81
R005881,W128,1050,10.28,17.11,129.8,15.98
R005882,W128,1225,10.57,14.8,116.2,15.93
R005883,W128,1400,10.83,16.17,120,18.39
R005884,W128,1575,11.11,16.12,113.7,18.88
R005885,W128,1750,11.31,13.54,110,21.33
R005886,W128,1925,11.64,13.09,106.3,23.86
R005887,W128,2100,11.89,18.56,120.5,21.62
R005888,W128,2275,12.13,14.82,114.6,22.87
R005889,W128,2450,12.39,17.59,107.3,23.94
R005890,W128,2625,12.55,13.81,117.6,26.99
R005891,W128,2800,13.17,8.82,103.4,30.85
R005892,W128,2975,13.55,7.95,92.5,32.56
R005893,W129,175,9.22,32.82,148.2,6.85
R005894,W129,350,9.5,32.63,142,7.18
R005895,W129,525,9.52,18,127.3,11.63
R005896,W129,700,9.78,15.37,131.7,13.59
R005897,W129,875,10.11,14.07,120.3,13.82
R005898,W129,1050,10.33,17.06,124.2,16.48
R005899,W129,1225,10.6,14.11,126.6,18.38
R005900,W129,1400,10.9,15.08,114.8,18.15
R005901,W129,1575,11.08,15.26,118.2,18.55
R005902,W129,1750,11.26,14.17,118.9,22.79
R005903,W129,1925,11.58,17.52,116.3,19.64
R005904,W129,2100,11.84,15.23,112.3,21.39
R005905,W129,2275,12.21,18.29,113.3,23.68
R005906,W129,2450,12.35,16.12,114.3,24.8
R005907,W129,2625,13,8.74,95.5,30.32
R005908,W129,2800,13.22,7.93,103.6,31.61
R005909,W130,175,9.32,31.64,148.4,6.23
R005910,W130,350,9.47,32.56,136.5,6.84
R005911,W130,525,9.59,18.07,125.6,13.45
R005912,W130,700,9.88,17.58,122.5,11.99
R005913,W130,875,10.03,16.89,125.6,15.32
R005914,W130,1050,10.27,13.78,122.4,17.32
R005915,W130,1225,10.53,13.23,115.7,18.18
R005916,W130,1400,10.84,15.52,122.9,19.44
R005917,W130,1575,11.03,13.89,116.7,20.51
R005918,W130,1750,11.37,14.41,116.7,21.02
R005919,W130,1925,11.64,13.88,108.1,21.98
R005920,W130,2100,11.91,18,110.9,20.84
R005921,W130,2275,12.19,15.79,118.7,24.11
R005922,W130,2450,12.33,15.67,115.2,23.63
R005923,W130,2625,12.65,13.6,104.6,25.45
R005924,W130,2800,13.27,8.56,98.1,32.06
R005925,W130,2975,13.51,8.21,98.8,31.69
R005926,W131,175,9.32,32.8,142.9,5.21
R005927,W131,350,9.49,32.85,138.7,8.8
R005928,W131,525,9.75,28.76,136.6,9.82
R005929,W131,700,9.83,17,123.2,13.41
R005930,W131,875,10.05,15.51,129.7,15.03
R005931,W131,1050,10.33,16.72,120.7,15.31
R005932,W131,1225,10.53,15.1,117.3,17.81
R005933,W131,1400,10.9,15.35,122.3,18.56
R005934,W131,1575,11.14,14.48,118.3,19.92
R005935,W131,1750,11.31,12.09,116.5,20.68
R005936,W131,1925,11.53,14.75,115.5,22.21
R005937,W131,2100,11.81,18.08,123.5,21.34
R005938,W131,2275,12.05,16.88,118.5,24.42
R005939,W131,2450,12.43,14.05,109.5,25.21
R005940,W131,2625,12.55,14.22,112.8,24.96
R005941,W131,2800,12.83,15.69,104.5,26.32
R005942,W131,2975,13.48,8.85,97,31.46
R005943,W131,3150,13.66,7.3,98.4,33.41
R005944,W132,175,9.18,32.8,141.2,5.57
R005945,W132,350,9.55,35.77,140,6.31
R005946,W132,525,9.6,17.63,136.3,12.8
R005947,W132,700,9.8,17.06,128.4,13.15
R005948,W132,875,10.16,17.35,123.9,15.21
R005949,W132,1050,10.37,16.86,120.5,16.17
R005950,W132,1225,10.55,13.18,115.7,16.3
R005951,W132,1400,10.84,14.94,117.4,18.78
R005952,W132,1575,11.01,15.1,112,21.46
R005953,W132,1750,11.39,18.91,125.9,19.01
R005954,W132,1925,11.71,16.29,119.5,20.64
R005955,W132,2100,11.92,18.48,118.7,22.67
R005956,W132,2275,12.16,14.78,111.3,24.05
R005957,W132,2450,12.68,8.26,100.1,27.73
R005958,W132,2625,12.96,9.82,95.4,29.76
R005959,W133,175,9.16,17.87,135.6,10.38
R005960,W133,350,9.39,15.51,132.3,10.15
R005961,W133,525,9.55,15.01,137.3,11.01
R005962,W133,700,9.83,15.75,126.8,13.8
R005963,W133,875,10.09,15.42,129.6,14.22
R005964,W133,1050,10.33,13.83,118.7,14.54
R005965,W133,1225,10.67,14.85,121.8,18.4
R005966,W133,1400,10.8,13.35,118.6,18.04
R005967,W133,1575,11.14,15.66,115,19.95
R005968,W133,1750,11.41,13.17,121.2,22.59
R005969,W133,1925,11.64,12.18,118.9,22.7
R005970,W133,2100,11.85,16.09,117.5,23.44
R005971,W133,2275,12.07,17.42,118.1,22.42
R005972,W133,2450,12.3,16.41,111.7,23.65
R005973,W133,2625,12.65,14.65,108.3,24.94
R005974,W133,2800,13.24,9.08,98.2,31.44
R005975,W133,2975,13.53,7.92,92.8,33.94
R005976,W133,3150,13.66,7.47,97.8,32.66
R005977,W134,175,9.29,30.5,137.2,7.28
R005978,W134,350,9.44,30.61,145.9,8.61
R005979,W134,525,9.63,18.39,127.4,13.2
R005980,W134,700,9.89,14.41,126.7,12.4
R005981,W134,875,10.06,15.1,124.6,13.94
R005982,W134,1050,10.28,14.33,124.5,15.89
R005983,W134,1225,10.52,16.62,117.2,16.22
R005984,W134,1400,10.87,13,120.3,18.17
R005985,W134,1575,11.11,15.52,117.5,18.58
R005986,W134,1750,11.37,19.87,124.3,17.86
R005987,W134,1925,11.66,18.23,125.3,21.9
R005988,W134,2100,11.8,16.42,117,23.36
R005989,W134,2275,12.15,16.22,111.9,21.95
R005990,W134,2450,12.7,10.1,103.7,29.78
R005991,W134,2625,12.9,9.73,105.9,30.47
R005992,W135,175,9.32,36.76,142.4,5.7
R005993,W135,350,9.46,33.65,144.8,8.3
R005994,W135,525,9.56,18.66,125.1,10.81
R005995,W135,700,9.78,16.4,134.4,14.57
R005996,W135,875,10.06,16.74,132.8,13.67
R005997,W135,1050,10.41,14.64,129.9,16
R005998,W135,1225,10.65,13.74,117.6,16.97
R005999,W135,1400,10.77,15.63,116.2,17.29
R006000,W135,1575,11.04,14.86,121.2,21.36
R006001,W135,1750,11.26,12.19,118.6,22.75
R006002,W135,1925,11.57,18.51,123.9,19.15
R006003,W135,2100,11.88,16.3,115.9,21.97
R006004,W135,2275,12.16,15.45,114.1,22.44
R006005,W135,2450,12.45,17.37,116.3,24.03
R006006,W135,2625,12.65,13.65,109.7,25.68
R006007,W135,2800,13.27,7.93,101.5,31.96
R006008,W135,2975,13.54,7.81,88.7,32.37
R006009,W136,175,9.17,29.47,141.2,6.78
R006010,W136,350,9.45,31.34,142.2,6.51
R006011,W136,525,9.6,16.82,128.8,11.4
R006012,W136,700,9.84,17.77,130.3,14.68
R006013,W136,875,10.11,15.35,132.4,13.65
R006014,W136,1050,10.35,15.74,125.8,17.23
R006015,W136,1225,10.61,14.93,126,18.07
R006016,W136,1400,10.91,16.12,114.9,19.86
R006017,W136,1575,11.13,15.09,111.8,18.73
R006018,W136,1750,11.29,14,111.9,22.75
R006019,W136,1925,11.56,13.56,118.5,22.84
R006020,W136,2100,11.95,15.49,122,21.86
R006021,W136,2275,12.13,17.93,114.3,21.82
R006022,W136,2450,12.45,16.89,114.7,23.13
R006023,W136,2625,12.62,14.18,115.8,26.92
R006024,W136,2800,13.23,8.2,93.9,31.99
R006025,W136,2975,13.46,9.14,89.3,33.47
R006026,W136,3150,13.73,8.26,87.7,32.44
R006027,W137,175,9.18,35.86,142.7,6.64
R006028,W137,350,9.57,30.81,142.6,6.84
R006029,W137,525,9.64,17.84,132.5,12.47
R006030,W137,700,9.76,15.22,124.8,14.37
R006031,W137,875,10.16,15.15,125.9,16.09
R006032,W137,1050,10.3,13.79,130.2,17.4
R006033,W137,1225,10.54,14.53,124.7,16.15
R006034,W137,1400,10.83,15.47,113.1,17.82
R006035,W137,1575,11.01,12.82,122.9,18.62
R006036,W137,1750,11.32,12.7,119,21.9
R006037,W137,1925,11.67,17.82,121.8,20.76
R006038,W137,2100,11.86,18.59,111.9,22.39
R006039,W137,2275,12.21,17.64,115.8,23.66
R006040,W137,2450,12.42,16.53,112.6,24.64
R006041,W137,2625,13.02,9.69,105.5,28.85
R006042,W137,2800,13.16,7.73,92.9,30.12
R006043,W138,175,9.31,31.96,139.9,6.65
R006044,W138,350,9.49,31.33,143.4,8.6
R006045,W138,525,9.59,17.03,125.2,11.85
R006046,W138,700,9.83,14.95,135,13.34
R006047,W138,875,10.02,16.86,130.5,14.12
R006048,W138,1050,10.42,15.55,123,16.68
R006049,W138,1225,10.57,15.01,121.5,16.98
R006050,W138,1400,10.79,14.36,117.8,17.26
R006051,W138,1575,11.09,13.98,118.8,19.03
R006052,W138,1750,11.34,12.94,109.2,21.81
R006053,W138,1925,11.59,12.82,106.4,23.26
R006054,W138,2100,11.85,17.79,112.3,21.27
R006055,W138,2275,12.09,15.38,120.7,22.16
R006056,W138,2450,12.36,15.04,114.3,25.77
R006057,W138,2625,12.69,16.43,116.4,26.18
R006058,W138,2800,13.19,7.74,97.3,29.91
R006059,W138,2975,13.5,8.26,95.3,32.63
R006060,W139,175,9.17,29.96,144.7,6.79
R006061,W139,350,9.48,29.76,147.7,8.13
R006062,W139,525,9.66,15.77,134.4,12.43
R006063,W139,700,9.85,18.14,127.1,12.09
R006064,W139,875,10.06,16.91,122.8,14.46
R006065,W139,1050,10.27,16.22,128.9,15.29
R006066,W139,1225,10.61,16.08,123.8,17.93
R006067,W139,1400,10.8,14.8,122.9,19.38
R006068,W139,1575,11.05,13.12,111.9,21.37
R006069,W139,1750,11.34,14.4,113.2,20.7
R006070,W139,1925,11.71,19.51,116,19.56
R006071,W139,2100,11.93,15.9,118.4,23.08
R006072,W139,2275,12.06,14.97,113.9,24.26
R006073,W139,2450,12.33,16.52,118.5,23.39
R006074,W139,2625,12.99,8.19,93.1,30.98
R006075,W139,2800,13.2,9.07,97.6,31.63
R006076,W140,175,9.21,30.27,145.4,5.58
R006077,W140,350,9.42,30.74,144.5,8.93
R006078,W140,525,9.61,18.06,129.8,12.65
R006079,W140,700,9.86,14.53,128.3,13.04
R006080,W140,875,10.05,14.36,122.4,15.33
R006081,W140,1050,10.35,16.12,120.4,16.9
R006082,W140,1225,10.64,13.34,120.3,17.51
R006083,W140,1400,10.91,14.14,121.2,18.92
R006084,W140,1575,11.12,12.59,124.3,20.18
R006085,W140,1750,11.4,19.99,119.8,19.89
R006086,W140,1925,11.67,16.43,123.2,19.92
R006087,W140,2100,11.85,18.93,117.2,23.12
R006088,W140,2275,12.07,17.13,122.5,24.11
R006089,W140,2450,12.68,10.08,102.3,29.01
R006090,W140,2625,13,9.29,94.6,29.69
R006091,W141,10,8.97,35.29,151.9,5.99
R006092,W141,20,9.01,31.41,150.7,6.44
R006093,W141,30,9.04,30.99,141.6,4.54
R006094,W141,40,9.07,29.89,147.1,5.24
R006095,W141,50,9.11,31.54,138.4,3.92
R006096,W141,60,9.03,30.85,146.9,6.16
R006097,W141,70,9.17,32.77,148.4,4.91
R006098,W141,80,9.19,31.34,151.8,4.24
R006099,W141,90,9.2,34.32,143.6,6.68
R006100,W141,100,9.13,30.87,151.1,5.16
R006101,W141,110,9.2,34.37,148,5.73
R006102,W141,120,9.21,36.23,146.1,6.24
R006103,W141,130,9.23,31.75,139.4,6.85
R006104,W141,140,9.13,31.8,143.9,6.32
R006105,W141,150,9.18,33.64,142.6,5.63
R006106,W141,160,9.18,33.51,146.5,6.77
R006107,W141,170,9.26,35.82,141.1,6.87
R006108,W141,180,9.3,33.28,138.5,6.77
R006109,W141,190,9.21,29.55,140.8,7.26
R006110,W141,200,9.25,36.55,142.7,6.03
R006111,W141,210,9.3,29.29,137.3,7.01
R006112,W141,220,9.28,29.11,142.2,7.93
R006113,W141,230,9.38,36.86,141,6.99
R006114,W141,240,9.27,31.91,149.1,8.28
R006115,W141,250,9.33,35.88,147.1,6.91
R006116,W141,260,9.36,31.79,146.7,5.63
R006117,W141,270,9.32,30.28,140.6,6.61
R006118,W141,280,9.36,35.93,136.6,8.34
R006119,W141,290,9.4,29.61,138.2,8.58
R006120,W141,300,9.49,33.73,135.9,8.24
R006121,W141,310,9.42,32.62,138.4,7.6
R006122,W141,320,9.5,35.17,142,7.56
R006123,W141,330,9.52,33.09,145.2,8.91
R006124,W141,340,9.45,32.79,145.3,8.61
R006125,W141,350,9.48,30.04,145.8,7.74
R006126,W141,360,9.46,30.46,145.8,7.6
R006127,W141,370,9.58,32.25,135.3,9.13
R006128,W141,380,9.51,35.23,141.2,7.55
R006129,W141,390,9.53,28.9,143.2,6.68
R006130,W141,400,9.61,32,147.2,9.45
R006131,W141,410,9.65,34.77,147.1,9.23
R006132,W141,420,9.58,28.46,138.6,9.3
R006133,W141,430,9.62,31.44,143.8,8.53
R006134,W141,440,9.63,28.62,140.5,8.29
R006135,W141,450,9.71,30.51,139.1,8.98
R006136,W141,460,9.64,30.52,142,9.54
R006137,W141,470,9.66,28.1,142.6,9.09
R006138,W141,480,9.7,29.08,143.6,8.28
R006139,W141,490,9.63,31.4,142,9.81
R006140,W141,500,9.67,34.33,146.6,9.21
R006141,W141,510,9.69,34.86,132.9,8.18
R006142,W141,520,9.74,32.57,141.2,8.86
R006143,W141,530,9.69,32.8,140.4,8.27
R006144,W141,540,9.81,28.92,138.5,10.48
R006145,W141,550,9.72,34.54,142.6,9.21
R006146,W141,560,9.76,33.34,143.9,9.89
R006147,W141,570,9.75,35.04,142.6,9.7
R006148,W141,580,9.86,34.93,135.9,8.82
R006149,W141,590,9.87,33.29,141.7,9.89
R006150,W141,600,9.85,31.3,144.3,11.02
R006151,W141,610,9.86,34.82,135.5,9.07
R006152,W141,620,9.88,34.42,137.9,11.06
R006153,W141,630,9.88,32.11,136.9,9.1
R006154,W141,640,9.95,27.29,133.6,10.98
R006155,W141,650,9.98,32.55,137.4,9.01
R006156,W141,660,10,30.99,139.4,10.77
R006157,W141,670,9.98,31.13,139.5,10.93
R006158,W141,680,9.97,33.01,133.9,10.61
R006159,W141,690,10.02,28,133.8,11.16
R006160,W141,700,10.07,30.72,132.5,9.26
R006161,W141,710,10.02,29.19,133.2,9.34
R006162,W141,720,9.99,33.03,143.9,9.85
R006163,W141,730,10.07,30.48,134,10.48
R006164,W141,740,10.1,33.83,138.8,10.41
R006165,W141,750,10.09,27.02,141.7,12.08
R006166,W141,760,10.08,29.68,140.8,11.42
R006167,W141,770,10.13,33.47,138.8,9.99
R006168,W141,780,10.14,17.52,133.2,13.7
R006169,W141,790,10.19,19.8,133,13.89
R006170,W141,800,10.17,17.59,133.2,13.58
R006171,W141,810,10.26,17.61,125.8,11.71
R006172,W141,820,10.21,19.13,131.7,11.87
R006173,W141,830,10.28,18.59,131.4,14.46
R006174,W141,840,10.3,19.21,136,14.32
R006175,W141,850,10.27,18.92,128,13.95
R006176,W141,860,10.25,18.03,135.8,13.77
R006177,W141,870,10.32,18.88,124.9,13.36
R006178,W141,880,10.43,16.66,130.1,12.39
R006179,W141,890,10.3,16.21,133.9,14.35
R006180,W141,900,10.31,17.22,128.1,14.65
R006181,W141,910,10.44,18.49,137.1,15.31
R006182,W141,920,10.41,18.82,125.5,14.43
R006183,W141,930,10.43,16.41,134.8,13.12
R006184,W141,940,10.38,18.49,130.9,13.33
R006185,W141,950,10.53,15.64,124.9,14.2
R006186,W141,960,10.51,19.26,126.2,15.44
R006187,W141,970,10.46,16.49,133.4,13.86
R006188,W141,980,10.42,19.25,125.8,13.81
R006189,W141,990,10.54,18.72,129.3,15.26
R006190,W141,1000,10.53,18.38,125.3,13.55
R006191,W141,1010,10.5,15.75,126.7,14.08
R006192,W141,1020,10.49,15.15,135.6,15.3
R006193,W141,1030,10.55,16.31,133.3,15.31
R006194,W141,1040,10.63,17.84,129.5,15.13
R006195,W141,1050,10.58,17.21,135,14.03
R006196,W141,1060,10.58,16.66,134.4,16.55
R006197,W141,1070,10.56,16.66,132.1,14.36
R006198,W141,1080,10.66,16.05,123.5,14.06
R006199,W141,1090,10.73,17.26,123.6,14.69
R006200,W141,1100,10.71,17.38,126.4,14.58
R006201,W141,1110,10.66,16.48,130.8,15.44
R006202,W141,1120,10.7,18.86,123,14.91
R006203,W141,1130,10.66,16.41,134.3,14.68
R006204,W141,1140,10.65,15.99,121.9,15.07
R006205,W141,1150,10.7,15.96,127.9,14.99
R006206,W141,1160,10.71,18.66,132.1,17.29
R006207,W141,1170,10.7,15.58,128.5,16.89
R006208,W141,1180,10.83,16.31,122.8,16.47
R006209,W141,1190,10.79,18.16,123.2,16.48
R006210,W141,1200,10.84,15.4,125.2,17.16
R006211,W141,1210,10.83,15.97,131.9,16.28
R006212,W141,1220,10.84,15.74,132.5,16.85
R006213,W141,1230,10.79,16.91,121.3,17.16
R006214,W141,1240,10.87,15.09,124.2,16.62
R006215,W141,1250,10.92,17.83,122.4,16.69
R006216,W141,1260,10.85,18.07,124.9,16.12
R006217,W141,1270,10.89,17.48,120.3,18.12
R006218,W141,1280,10.91,15.18,125.9,15.82
R006219,W141,1290,10.96,14.63,122.1,17.52
R006220,W141,1300,11.02,17.52,125.7,15.99
R006221,W141,1310,10.89,15.2,122.5,18.44
R006222,W141,1320,10.91,17.21,131.2,16.44
R006223,W141,1330,10.91,16.27,125.9,18.08
R006224,W141,1340,10.98,16.95,131.1,15.69
R006225,W141,1350,11.04,15.58,129.2,16.42
R006226,W141,1360,11.08,16.26,130.4,16.68
R006227,W141,1370,10.99,16.74,122.2,18.8
R006228,W141,1380,11.13,17.26,128.7,16.09
R006229,W141,1390,11.13,17.13,121,17.66
R006230,W141,1400,11.04,14.97,123.9,16.76
R006231,W141,1410,11.13,15.22,124,18.44
R006232,W141,1420,11.07,15.62,121.4,18.46
R006233,W141,1430,11.17,17.86,118,17.75
R006234,W141,1440,11.17,14.28,120.3,17.77
R006235,W141,1450,11.15,14.66,126.8,16.8
R006236,W141,1460,11.14,16.44,123,17.62
R006237,W141,1470,11.14,14.28,126.1,17.83
R006238,W141,1480,11.18,15.19,119.6,19.05
R006239,W141,1490,11.19,15.22,125,19.02
R006240,W141,1500,11.25,14.36,120.8,19.23
R006241,W141,1510,11.28,15.7,119.6,18.3
R006242,W141,1520,11.23,15.43,125.3,18.97
R006243,W141,1530,11.2,15.35,119.8,20.01
R006244,W141,1540,11.24,15.59,129,19.73
R006245,W141,1550,11.27,15.58,126.3,18.42
R006246,W141,1560,11.31,14.16,116.9,17.8
R006247,W141,1570,11.28,16.31,128.1,20.38
R006248,W141,1580,11.31,14.19,121.3,19.35
R006249,W141,1590,11.35,17.39,122.4,18.57
R006250,W141,1600,11.38,13.73,117.8,18.53
R006251,W141,1610,11.33,16.09,120,18.6
R006252,W141,1620,11.39,16.18,119.7,20.27
R006253,W141,1630,11.42,13.75,124,19.31
R006254,W141,1640,11.49,14.5,115.4,19.06
R006255,W141,1650,11.51,16.11,125.8,20.21
R006256,W141,1660,11.45,14.81,124.1,19.55
R006257,W141,1670,11.5,15.98,119.9,20.71
R006258,W141,1680,11.52,15.07,117.7,21.24
R006259,W141,1690,11.52,15.32,126.4,21.09
R006260,W141,1700,11.47,16.81,122.8,21.19
R006261,W141,1710,11.49,14.97,113.9,20.52
R006262,W141,1720,11.58,16.24,124.1,20.18
R006263,W141,1730,11.52,17,121.3,21.11
R006264,W141,1740,11.51,16.53,118.9,19.2
R006265,W141,1750,11.57,16.7,113.8,21.41
R006266,W141,1760,11.57,14.69,123.9,19.7
R006267,W141,1770,11.59,15.09,119.5,19.36
R006268,W141,1780,11.68,15.41,116.5,19.2
R006269,W141,1790,11.57,14.37,122.8,19.59
R006270,W141,1800,11.71,13.47,126.4,19.75
R006271,W141,1810,11.7,15.76,119.9,20.8
R006272,W141,1820,11.67,15.98,116.9,20.2
R006273,W141,1830,11.66,14.25,126.1,20.45
R006274,W141,1840,11.74,16.7,118.1,21.85
R006275,W141,1850,11.78,14.53,118.8,22.49
R006276,W141,1860,11.68,15.81,125.3,21.59
R006277,W141,1870,11.7,16.48,116,20.09
R006278,W141,1880,11.82,16.42,112.1,20.93
R006279,W141,1890,11.72,16.09,123.3,21.9
R006280,W141,1900,11.85,15.55,120.3,22.87
R006281,W141,1910,11.79,15.27,112.9,20.13
R006282,W141,1920,11.81,16.08,112.9,22.85
R006283,W141,1930,11.81,14.56,117.1,22.51
R006284,W141,1940,11.92,14.34,114.7,20.38
R006285,W141,1950,11.92,14.7,119.6,21.9
R006286,W141,1960,11.91,12.92,112.8,23.12
R006287,W141,1970,11.87,13.1,118.4,21.44
R006288,W141,1980,11.84,13.75,115.3,22.9
R006289,W141,1990,11.88,14.5,122.5,23
R006290,W141,2000,11.9,16.22,116.6,23.28
R006291,W141,2010,11.78,16.6,113.9,22.74
R006292,W141,2020,11.79,16.77,122.5,21.93
R006293,W141,2030,11.71,17.88,118.6,20.61
R006294,W141,2040,11.73,16.33,120.8,20.33
R006295,W141,2050,11.76,19.01,119.3,22.42
R006296,W141,2060,11.89,16.98,119.4,21.3
R006297,W141,2070,11.85,16.98,121,22.2
R006298,W141,2080,11.89,15.32,122.3,20.41
R006299,W141,2090,11.92,16.97,123,21.35
R006300,W141,2100,11.82,16.71,118.1,21.69
R006301,W141,2110,11.85,17.64,113.8,23.36
R006302,W141,2120,11.86,17.55,114.4,23.26
R006303,W141,2130,11.91,16.46,114.9,20.71
R006304,W141,2140,11.9,17.37,120.6,23.41
R006305,W141,2150,11.92,15.94,117.7,22.58
R006306,W141,2160,12.01,17.66,112.3,23.4
R006307,W141,2170,12.06,17.89,120.5,21.91
R006308,W141,2180,11.96,15.42,114.9,23
R006309,W141,2190,11.96,15.9,115.5,22.21
R006310,W141,2200,12.1,14.82,122.8,23.87
R006311,W141,2210,12.02,15.88,111.5,24.2
R006312,W141,2220,12.02,17.27,121.4,22.05
R006313,W141,2230,12.03,17.34,120.9,23.89
R006314,W141,2240,12.14,16.14,116.7,23.22
R006315,W141,2250,12.11,16.11,113.6,23.31
R006316,W141,2260,12.17,18.03,120.9,22.14
R006317,W141,2270,12.14,18.18,116,22.44
R006318,W141,2280,12.14,14.75,116.9,22.48
R006319,W141,2290,12.16,16.44,118.7,24.26
R006320,W141,2300,12.12,16.67,117.3,23.12
R006321,W141,2310,12.12,17.75,119.7,23.48
R006322,W141,2320,12.14,16.11,118.7,25.03
R006323,W141,2330,12.2,14.59,120.6,24.19
R006324,W141,2340,12.28,15.53,116.8,22.43
R006325,W141,2350,12.17,16.06,121.2,22.56
R006326,W141,2360,12.2,17.12,118.5,24.28
R006327,W141,2370,12.31,17.85,119.9,24.07
R006328,W141,2380,12.26,14.68,120.2,22.75
R006329,W141,2390,12.24,15.75,114.1,24.85
R006330,W141,2400,12.28,15.11,109,24.74
R006331,W141,2410,12.37,14.25,110.7,23.02
R006332,W141,2420,12.4,15.65,108.6,24.43
R006333,W141,2430,12.31,17.71,118.4,25.78
R006334,W141,2440,12.29,14.4,114,24.08
R006335,W141,2450,12.3,15.56,107,24.2
R006336,W141,2460,12.43,14.26,117.1,25.75
R006337,W141,2470,12.36,14.92,119,25.07
R006338,W141,2480,12.47,17.44,112.2,23.9
R006339,W141,2490,12.51,17.01,112,25.41
R006340,W141,2500,12.39,17.18,109.6,25.74
R006341,W141,2510,12.43,16.35,118.6,26.38
R006342,W141,2520,12.54,16.84,108.8,24.96
R006343,W141,2530,12.52,15.84,105.7,23.86
R006344,W141,2540,12.55,14.04,119.1,24.44
R006345,W141,2550,12.5,15.38,118.6,24.39
R006346,W141,2560,12.56,15.77,115.7,25.31
R006347,W141,2570,12.61,17.33,113.3,25.41
R006348,W141,2580,12.55,13.89,110.9,25.54
R006349,W141,2590,12.53,15.24,113.3,25.54
R006350,W141,2600,12.63,16.71,113.5,25.96
R006351,W141,2610,12.67,16.29,106.8,27.05
R006352,W141,2620,12.58,16.02,117.3,25.02
R006353,W141,2630,12.65,16.15,107.2,26.3
R006354,W141,2640,12.66,13.74,108,25.04
R006355,W141,2650,12.66,14.22,104.8,27.14
R006356,W141,2660,12.64,14.41,106.8,27.49
R006357,W141,2670,12.75,13.66,112.5,24.89
R006358,W141,2680,12.72,16.96,114.2,27.1
R006359,W141,2690,12.72,13.94,105.8,25.28
R006360,W141,2700,12.8,16.12,104.9,26.95
R006361,W141,2710,12.81,16.21,110,27.1
R006362,W141,2720,12.74,14.54,105.5,26.4
R006363,W141,2730,12.74,15.53,116,27.22
R006364,W141,2740,12.85,13.21,107.2,27.86
R006365,W141,2750,12.82,16.33,106.9,25.93
R006366,W141,2760,12.79,16.59,112.6,25.5
R006367,W141,2770,12.81,14.83,115.8,28.46
R006368,W141,2780,12.84,14.82,115.2,26.59
R006369,W141,2790,12.79,14.37,105.3,27.22
R006370,W141,2800,12.83,14.84,109.4,27.65
R006371,W141,2810,12.96,16.32,104.8,26.16
R006372,W141,2820,12.87,13.15,114,28.81
R006373,W141,2830,12.99,15.14,108.8,26.92
R006374,W141,2840,12.97,14.88,107.8,27.98
R006375,W141,2850,12.87,16.05,102.8,28.29
R006376,W142,10,9.07,33.86,140.7,5.65
R006377,W142,20,8.98,29.92,140.4,5.02
R006378,W142,30,9.09,34.75,140.2,4.81
R006379,W142,40,9.04,37.27,140.6,4.84
R006380,W142,50,9.07,33.51,150.1,4.88
R006381,W142,60,9.07,30.06,138.6,5.36
R006382,W142,70,9.13,30.9,151.5,4.12
R006383,W142,80,9.09,36.62,139.1,4.32
R006384,W142,90,9.06,33.34,151.6,5.08
R006385,W142,100,9.2,37.33,150,5.87
R006386,W142,110,9.23,32.38,140.2,5.28
R006387,W142,120,9.17,36.64,143.4,4.45
R006388,W142,130,9.13,33.86,138.1,5.97
R006389,W142,140,9.26,31.39,144,7.12
R006390,W142,150,9.27,34.14,139.9,7.49
R006391,W142,160,9.24,36.11,146.9,7.54
R006392,W142,170,9.24,36.33,139.5,5.74
R006393,W142,180,9.21,29.55,150.2,4.94
R006394,W142,190,9.26,32.34,150.4,6.03
R006395,W142,200,9.25,34.12,150.1,7.88
R006396,W142,210,9.28,30.27,148.1,7.07
R006397,W142,220,9.25,36.47,143.3,7.92
R006398,W142,230,9.38,30.66,141.9,7.58
R006399,W142,240,9.33,32.34,145.4,6.96
R006400,W142,250,9.42,35.21,136.1,7.64
R006401,W142,260,9.35,35.98,137.9,6.22
R006402,W142,270,9.4,36.14,136.3,6.33
R006403,W142,280,9.48,30.9,140.3,6.76
R006404,W142,290,9.46,35.73,138.7,8.31
R006405,W142,300,9.42,36.25,140.3,6.67
R006406,W142,310,9.42,30.67,142.9,6.89
R006407,W142,320,9.46,33.08,144.1,8.02
R006408,W142,330,9.48,32.26,143.8,8.05
R006409,W142,340,9.55,31.62,142.9,6.63
R006410,W142,350,9.43,32.58,138.1,8.96
R006411,W142,360,9.46,32.92,146.2,8.8
R006412,W142,370,9.58,34,143.7,6.34
R006413,W142,380,9.52,30.47,148.1,8.2
R006414,W142,390,9.59,35.8,145.1,9.46
R006415,W142,400,9.49,31.84,143.8,8.96
R006416,W142,410,9.66,33.58,145.8,9.15
R006417,W142,420,9.56,34.21,143.6,7.34
R006418,W142,430,9.6,33.94,138.5,7.51
R006419,W142,440,9.58,35.08,138.2,7.5
R006420,W142,450,9.64,28.31,133.5,9.82
R006421,W142,460,9.59,29.55,141.1,7.25
R006422,W142,470,9.73,34.79,139.5,9.01
R006423,W142,480,9.69,29.64,145.1,10.15
R006424,W142,490,9.67,29.72,136.6,7.75
R006425,W142,500,9.64,30.11,134,8.53
R006426,W142,510,9.7,30.78,139.8,7.96
R006427,W142,520,9.73,32.31,135.8,9.13
R006428,W142,530,9.72,32.17,144,10.02
R006429,W142,540,9.84,33.82,134.8,8.98
R006430,W142,550,9.73,23.67,139.8,9.26
R006431,W142,560,9.62,19.9,132.8,10.78
R006432,W142,570,9.66,22.48,131.3,11.48
R006433,W142,580,9.79,19.9,143.5,11.15
R006434,W142,590,9.76,22.54,131.8,9.88
R006435,W142,600,9.82,20.98,131.1,11.16
R006436,W142,610,9.73,21.08,133.4,9.36
R006437,W142,620,9.75,20.87,138.8,9.32
R006438,W142,630,9.76,21.83,129.9,10.6
R006439,W142,640,9.74,20.04,136.7,9.65
R006440,W142,650,9.89,20.39,130.9,10.19
R006441,W142,660,9.8,20.43,136.5,12.26
R006442,W142,670,9.92,22.58,131.7,10.54
R006443,W142,680,9.94,21.14,135.7,10.05
R006444,W142,690,9.88,22.1,139.1,9.78
R006445,W142,700,9.94,23.25,140.4,12.53
R006446,W142,710,9.91,22.01,130.3,10.4
R006447,W142,720,9.87,22.47,130.6,12.4
R006448,W142,730,9.93,22.13,133.5,11.92
R006449,W142,740,9.94,19.08,138.3,11.23
R006450,W142,750,10,23.77,135.4,11.49
R006451,W142,760,9.93,23.34,132.7,12.07
R006452,W142,770,9.97,24,133.5,12.91
R006453,W142,780,10.05,23.13,139.1,13.39
R006454,W142,790,9.98,22.95,129.8,12.82
R006455,W142,800,9.97,20.88,140.1,11.96
R006456,W142,810,10.03,23.47,131.6,11.89
R006457,W142,820,9.99,19.71,136,11.47
R006458,W142,830,10.09,20.61,136.7,13.41
R006459,W142,840,10.04,22.47,139.9,13.34
R006460,W142,850,10.08,22.39,130.4,13.72
R006461,W142,860,10.14,21.48,133,13.79
R006462,W142,870,10.21,19.1,126.8,12.99
R006463,W142,880,10.17,20.91,135.4,12.29
R006464,W142,890,10.09,20.88,138.9,11.38
R006465,W142,900,10.1,21.56,131.7,12.13
R006466,W142,910,10.2,22.55,130.5,13.39
R006467,W142,920,10.27,18.64,136.2,11.64
R006468,W142,930,10.18,22.93,135.3,13.07
R006469,W142,940,10.21,22.71,128.6,13.58
R006470,W142,950,10.31,22.09,134.6,14.45
R006471,W142,960,10.27,22.57,134.3,12.36
R006472,W142,970,10.2,22.26,125.8,14.66
R006473,W142,980,10.27,22.23,136.6,12.02
R006474,W142,990,10.26,20.63,128.2,12.73
R006475,W142,1000,10.33,19.01,134.7,15.03
R006476,W142,1010,10.4,18.77,130.5,14.48
R006477,W142,1020,10.27,21.88,124.3,14.74
R006478,W142,1030,10.35,22.58,129.9,12.7
R006479,W142,1040,10.33,18.9,134.9,15.17
R006480,W142,1050,10.4,21.72,136,14.07
R006481,W142,1060,10.39,19.72,125,15.01
R006482,W142,1070,10.38,22.56,134.1,14.07
R006483,W142,1080,10.41,20.74,133.1,14.06
R006484,W142,1090,10.51,18.61,129.1,15.05
R006485,W142,1100,10.46,22.3,124.7,13.83
R006486,W142,1110,10.56,20.9,136.6,15.5
R006487,W142,1120,10.51,22.22,132.8,14.93
R006488,W142,1130,10.56,20.58,127.7,15.95
R006489,W142,1140,10.51,18.86,133,14.15
R006490,W142,1150,10.57,22.62,126.7,14.04
R006491,W142,1160,10.5,18.11,135.4,14.78
R006492,W142,1170,10.5,21.29,131.9,14.39
R006493,W142,1180,10.65,21.1,128.3,16.24
R006494,W142,1190,10.56,18.53,130.8,13.89
R006495,W142,1200,10.54,21.32,125.4,14.52
R006496,W142,1210,10.64,19.95,131.6,16.64
R006497,W142,1220,10.69,19.23,133.8,13.87
R006498,W142,1230,10.58,20.91,129.1,16
R006499,W142,1240,10.71,17.57,132.2,14.63
R006500,W142,1250,10.62,19.78,129.4,15.67
R006501,W142,1260,10.69,20.95,127.6,16.4
R006502,W142,1270,10.78,21.86,124.9,14.42
R006503,W142,1280,10.68,19.55,122.4,16.76
R006504,W142,1290,10.76,20.24,127.9,15.81
R006505,W142,1300,10.71,21.16,127.5,15.19
R006506,W142,1310,10.72,22,131.4,16.94
R006507,W142,1320,10.85,21.81,122.1,15.5
R006508,W142,1330,10.78,21.88,122.3,14.91
R006509,W142,1340,10.87,19.88,130,14.79
R006510,W142,1350,10.8,18.01,125.8,15.1
R006511,W142,1360,10.8,17.91,125.4,15.96
R006512,W142,1370,10.87,18.02,127.9,17.44
R006513,W142,1380,10.79,19.27,122.4,16.07
R006514,W142,1390,10.95,21.46,119.8,17.32
R006515,W142,1400,10.93,18.36,130.1,15.26
R006516,W142,1410,10.88,21.19,126.3,17.76
R006517,W142,1420,10.89,19.56,122.1,17.73
R006518,W142,1430,10.92,17.02,127.4,17.86
R006519,W142,1440,10.95,19.9,121.6,17.49
R006520,W142,1450,11.01,19.88,126.4,17.93
R006521,W142,1460,10.91,20.01,123.3,16.93
R006522,W142,1470,10.94,18.75,131.4,18.13
R006523,W142,1480,11.05,17.22,128.7,16.44
R006524,W142,1490,11,19.14,121.7,18.56
R006525,W142,1500,11.03,20.75,123.7,15.94
R006526,W142,1510,11.1,18.94,118.9,18.11
R006527,W142,1520,11.09,17.41,130.8,17.06
R006528,W142,1530,11.15,18.2,123.5,16.49
R006529,W142,1540,11.09,17.9,124.5,17.8
R006530,W142,1550,11.06,18.43,127.5,17.91
R006531,W142,1560,11.11,17.39,121.3,17.15
R006532,W142,1570,11.09,18.18,130.6,17.17
R006533,W142,1580,11.07,16.66,129.8,18.53
R006534,W142,1590,11.11,18.61,117.9,19.11
R006535,W142,1600,11.15,20.17,126,18.54
R006536,W142,1610,11.2,18.58,128.7,19.18
R006537,W142,1620,11.27,17.09,120.1,19.64
R006538,W142,1630,11.26,17.48,130.1,19.38
R006539,W142,1640,11.22,19.53,125.7,18.84
R006540,W142,1650,11.2,19.9,122.2,18.67
R006541,W142,1660,11.2,20.54,130,17.17
R006542,W142,1670,11.22,16.76,125.8,17.5
R006543,W142,1680,11.26,19.07,120.3,19.21
R006544,W142,1690,11.24,18.93,116.2,17.7
R006545,W142,1700,11.39,19.39,121,19.63
R006546,W142,1710,11.32,18.7,123.2,17.93
R006547,W142,1720,11.4,16.78,125.3,19.5
R006548,W142,1730,11.36,16.24,121,18.47
R006549,W142,1740,11.4,18.32,122.2,18.77
R006550,W142,1750,11.37,16.48,116.2,19.11
R006551,W142,1760,11.41,19.93,127.4,19.59
R006552,W142,1770,11.41,18.95,115.6,19.83
R006553,W142,1780,11.5,17.43,119.8,19.65
R006554,W142,1790,11.45,18.95,124.6,20.16
R006555,W142,1800,11.42,16.06,125.6,18.55
R006556,W142,1810,11.45,19,123.6,20.08
R006557,W142,1820,11.41,19.98,116.6,21.05
R006558,W142,1830,11.48,16.54,127.6,21.27
R006559,W142,1840,11.67,14.65,112.2,20.64
R006560,W142,1850,11.75,13.74,113.7,20.88
R006561,W142,1860,11.7,15.69,118.4,21.05
R006562,W142,1870,11.75,14.23,118.4,20.81
R006563,W142,1880,11.75,15.82,122.6,21.64
R006564,W142,1890,11.77,15.72,123,21.43
R006565,W142,1900,11.77,14.03,119.5,20.72
R006566,W142,1910,11.86,14.14,116.4,21.91
R006567,W142,1920,11.87,15.39,111,21.96
R006568,W142,1930,11.8,14.38,119.2,21.85
R006569,W142,1940,11.8,14.24,119,21.24
R006570,W142,1950,11.85,13.74,119.5,21.21
R006571,W142,1960,11.89,12.98,123.8,22.01
R006572,W142,1970,11.83,12.93,113.1,21.72
R006573,W142,1980,11.96,16.14,122.5,23.01
R006574,W142,1990,11.97,14.21,118.6,23.57
R006575,W142,2000,12.01,15.99,116.6,22.17
R006576,W142,2010,11.89,13.56,118.2,21.33
R006577,W142,2020,11.93,13.84,117.1,23.72
R006578,W142,2030,11.98,15.11,119.8,21.59
R006579,W142,2040,12.07,14.4,120.3,22.51
R006580,W142,2050,12.08,12.97,122.6,21.9
R006581,W142,2060,11.98,16.05,119.8,23.58
R006582,W142,2070,12.06,13.55,111.9,23.36
R006583,W142,2080,12.01,13.46,110.1,23.68
R006584,W142,2090,12.14,12.77,108.9,22.49
R006585,W142,2100,12.01,14.55,113.7,23.83
R006586,W142,2110,12.15,12.99,119.2,21.74
R006587,W142,2120,12.05,12.96,116.7,23.81
R006588,W142,2130,12.1,14.64,109.3,24.5
R006589,W142,2140,12.19,13.79,112.8,24.69
R006590,W142,2150,12.11,14.79,111.5,24.42
R006591,W142,2160,12.21,15.37,118.7,24.29
R006592,W142,2170,12.16,12.74,118.6,22.09
R006593,W142,2180,12.17,12.55,117.1,22.18
R006594,W142,2190,12.29,13.52,115,24.56
R006595,W142,2200,12.23,12.49,113.1,24.86
R006596,W142,2210,12.3,14.5,116.9,23.72
R006597,W142,2220,12.33,13.45,108.7,22.69
R006598,W142,2230,12.2,14.68,113.7,25.04
R006599,W142,2240,12.21,13.33,119.4,22.91
R006600,W142,2250,12.36,13.2,107.1,25.2
R006601,W142,2260,12.27,15.12,112.4,25.54
R006602,W142,2270,12.26,14.54,114.2,23.33
R006603,W142,2280,12.41,13.8,115.6,23.59
R006604,W142,2290,12.38,12.47,110.8,23.78
R006605,W142,2300,12.31,12.26,114.7,23.81
R006606,W142,2310,12.42,14.72,115.9,24.42
R006607,W142,2320,12.38,12.56,118,23.81
R006608,W142,2330,12.42,14.14,114.2,24.45
R006609,W142,2340,12.41,14.8,110.7,26.23
R006610,W142,2350,12.46,14.05,118.9,26.02
R006611,W142,2360,12.52,14.96,115.1,25.01
R006612,W142,2370,12.51,14.48,108.5,24.09
R006613,W142,2380,12.53,12.02,111.9,25.63
R006614,W142,2390,12.52,13.11,108.6,25.6
R006615,W142,2400,12.59,13.26,111.7,24.74
R006616,W142,2410,12.48,13.8,105.7,25.6
R006617,W142,2420,12.54,12.79,110.8,24.33
R006618,W142,2430,12.54,14,109.8,25.16
R006619,W142,2440,12.52,14.66,105.5,27.01
R006620,W142,2450,12.65,14.79,116.9,25.86
R006621,W142,2460,12.58,14.28,117.3,25.95
R006622,W142,2470,12.61,12.75,104.8,26.35
R006623,W142,2480,12.6,13.93,110.6,25.13
R006624,W142,2490,12.59,12.04,111.9,25.32
R006625,W142,2500,12.61,12.18,105.5,24.97
R006626,W142,2510,12.61,13.26,106.7,27.38
R006627,W142,2520,12.61,12.39,116.8,25.58
R006628,W142,2530,12.68,14.52,113.2,27.07
R006629,W142,2540,12.77,12.24,109.1,25.87
R006630,W142,2550,12.67,12.76,116.3,27.61
R006631,W142,2560,12.7,13.99,105.5,26.68
R006632,W142,2570,12.87,10,104.9,28.58
R006633,W142,2580,12.92,8.03,102.4,28.67
R006634,W142,2590,12.98,9.02,106.5,30.22
R006635,W142,2600,12.88,9.9,100,30.48
R006636,W142,2610,12.91,9.95,101.3,28.96
R006637,W142,2620,13.02,9.88,102.8,29.24
R006638,W142,2630,12.99,8.04,94.7,28.66
R006639,W142,2640,13.01,9.52,96.9,31.42
R006640,W142,2650,12.96,9.01,101.5,29.49
R006641,W142,2660,13.1,8.8,103,28.97
R006642,W142,2670,12.98,8.83,92.1,29.4
R006643,W142,2680,13.12,9.33,99.5,29.62
R006644,W142,2690,13.07,8.4,105,29.2
R006645,W142,2700,13.1,9.15,104.9,30.65
R006646,W142,2710,13.13,7.91,103.7,30.7
R006647,W142,2720,13.05,7.91,94.8,30.88
R006648,W142,2730,13.13,9.65,102.1,29.53
R006649,W142,2740,13.07,8.03,91.5,32.01
R006650,W142,2750,13.19,9.65,91.4,30.29
R006651,W142,2760,13.18,9.32,98.5,30.16
R006652,W142,2770,13.17,9.02,93.9,31.17
R006653,W142,2780,13.23,8.57,100.3,31.06
R006654,W142,2790,13.15,9.02,103.8,30.7
R006655,W142,2800,13.27,8.78,97.6,30.44
R006656,W142,2810,13.32,7.7,100.1,30.54
R006657,W142,2820,13.23,8.51,99.3,31.64
R006658,W142,2830,13.21,8.35,91.8,31.21
R006659,W142,2840,13.21,7.73,100.8,31.4
R006660,W142,2850,13.26,7.9,102.4,30.92
R006661,W142,2860,13.33,8.76,100.9,31.44
R006662,W142,2870,13.27,8.36,90,32.42
R006663,W142,2880,13.31,9.02,99.2,30.57
R006664,W142,2890,13.34,7.71,94.7,32.16
R006665,W142,2900,13.41,7.44,93.6,32.34
R006666,W142,2910,13.43,8.85,100.5,30.99
R006667,W142,2920,13.35,8.55,100.2,32.21
R006668,W142,2930,13.34,8.98,96.3,31.28
R006669,W142,2940,13.5,8.6,91.7,30.98
R006670,W142,2950,13.41,7.52,98.1,31.62
R006671,W142,2960,13.47,8.05,97.4,32.27
R006672,W142,2970,13.47,9.08,98.7,31.34
R006673,W142,2980,13.48,8.28,91.1,33.49
R006674,W142,2990,13.56,7.64,101.3,31.7
R006675,W142,3000,13.55,7.42,94.1,31.37
R006676,W142,3010,13.45,8.72,93,34.28
R006677,W142,3020,13.5,8.19,95.4,32.14
R006678,W142,3030,13.51,7.23,100.5,32.49
R006679,W142,3040,13.61,7.81,89.6,33.84
R006680,W142,3050,13.54,8.64,98.9,33.94
R006681,W142,3060,13.57,7.79,87.3,32.78
R006682,W142,3070,13.55,8.84,89.1,32.61
R006683,W142,3080,13.56,7.56,95.3,34.17
R006684,W142,3090,13.68,7.32,99,33.21
R006685,W142,3100,13.67,8.06,92.6,32.9
R006686,W142,3110,13.62,8.27,93.6,34.01
R006687,W142,3120,13.74,8.11,99.9,33.62
R006688,W143,10,8.88,18.99,143.3,8.37
R006689,W143,20,8.94,19.66,141.8,6.66
R006690,W143,30,8.97,17.23,139.3,9.49
R006691,W143,40,8.95,19.69,129.6,8
R006692,W143,50,8.92,18.2,133.1,7.43
R006693,W143,60,9,19.24,135.3,9.38
R006694,W143,70,8.88,17.01,141.7,7.81
R006695,W143,80,9.02,18.35,136.4,7.27
R006696,W143,90,8.95,16.42,135.2,9.45
R006697,W143,100,9.05,19.49,135.6,7.57
R006698,W143,110,9.05,19.04,134.3,10.25
R006699,W143,120,9.07,15.77,131.3,9.77
R006700,W143,130,8.97,16.53,135.1,9
R006701,W143,140,9.05,19.02,133,9.65
R006702,W143,150,9.04,17.53,133.3,9.72
R006703,W143,160,9.11,15.96,135.2,8.23
R006704,W143,170,9.14,16.9,136.2,10.71
R006705,W143,180,9.03,16.25,128.5,8.79
R006706,W143,190,9.05,15.98,134.9,9.71
R006707,W143,200,9.17,17.13,134.3,10.15
R006708,W143,210,9.1,16.42,136.1,8.41
R006709,W143,220,9.18,19.1,133.5,9.72
R006710,W143,230,9.23,15.38,136.8,8.76
R006711,W143,240,9.19,18.46,128.3,11.19
R006712,W143,250,9.21,16.24,140.4,9.07
R006713,W143,260,9.23,15.52,135.9,9.17
R006714,W143,270,9.25,18.89,128.9,10.45
R006715,W143,280,9.17,16.93,131.6,11.41
R006716,W143,290,9.26,15.36,137.3,8.96
R006717,W143,300,9.2,17.47,126.5,10.59
R006718,W143,310,9.23,18.96,138.9,11.75
R006719,W143,320,9.37,17.4,132.8,9.98
R006720,W143,330,9.26,17.82,134.9,9.17
R006721,W143,340,9.37,15.55,130,10.67
R006722,W143,350,9.37,19.1,137.4,10.47
R006723,W143,360,9.39,17.64,129.1,9.46
R006724,W143,370,9.32,15.77,130,10.88
R006725,W143,380,9.47,20.78,134.8,8.73
R006726,W143,390,9.47,23.71,139.8,10.05
R006727,W143,400,9.42,19.99,145.7,10.41
R006728,W143,410,9.45,22.79,137.8,8.42
R006729,W143,420,9.57,21.56,132,8.95
R006730,W143,430,9.5,20.82,135.4,10.19
R006731,W143,440,9.5,22.26,138.8,10.18
R006732,W143,450,9.5,24.66,137,8.56
R006733,W143,460,9.49,20.14,131.3,9.92
R006734,W143,470,9.63,21.1,140.9,9.81
R006735,W143,480,9.55,21.47,132.7,9.42
R006736,W143,490,9.56,24.62,131.2,9.54
R006737,W143,500,9.53,20.32,132,8.85
R006738,W143,510,9.55,22.54,132.5,10.36
R006739,W143,520,9.71,20.97,131.8,8.74
R006740,W143,530,9.68,24.62,142.1,9.45
R006741,W143,540,9.69,24.44,141.9,11.33
R006742,W143,550,9.64,24.34,133.9,11.37
R006743,W143,560,9.76,23.76,131.5,11.45
R006744,W143,570,9.69,24.13,143.7,10.9
R006745,W143,580,9.74,22.89,132.2,10.84
R006746,W143,590,9.8,22.86,137.3,11.71
R006747,W143,600,9.8,21.65,131.7,10.11
R006748,W143,610,9.69,20.8,133.2,9.84
R006749,W143,620,9.71,20.82,139.7,11.98
R006750,W143,630,9.79,20.05,137.9,10.98
R006751,W143,640,9.85,23.61,135.4,11.13
R006752,W143,650,9.86,21.81,131.3,11.88
R006753,W143,660,9.76,20.36,137.5,10.88
R006754,W143,670,9.92,22.12,129.6,11.06
R006755,W143,680,9.9,20.03,131.6,10.44
R006756,W143,690,9.83,19.42,141,12.09
R006757,W143,700,9.85,21.01,133.9,12.61
R006758,W143,710,9.92,24.1,135.3,11.57
R006759,W143,720,9.98,20.6,134.9,12.33
R006760,W143,730,9.95,20,139.3,11.02
R006761,W143,740,9.88,21.48,128.3,12.92
R006762,W143,750,10.03,20.73,134.3,10.29
R006763,W143,760,9.98,20.24,129.8,12.81
R006764,W143,770,9.94,23.05,129.9,11.27
R006765,W143,780,9.95,21.03,139.7,11.87
R006766,W143,790,10.09,19.63,127.2,12.99
R006767,W143,800,9.98,21.52,138.4,11.79
R006768,W143,810,10.04,18.92,136.5,12.46
R006769,W143,820,10.14,19.81,135,13.33
R006770,W143,830,10.07,19.86,137.4,10.83
R006771,W143,840,10.02,19.45,132.9,11.06
R006772,W143,850,10.07,22.46,136.1,13.75
R006773,W143,860,10.18,18.64,126.8,12.25
R006774,W143,870,10.12,23.46,135.8,11.67
R006775,W143,880,10.14,21.22,138.6,11.39
R006776,W143,890,10.16,19.93,137,13.13
R006777,W143,900,10.19,22.39,137.6,11.81
R006778,W143,910,10.14,21.76,138.2,12.1
R006779,W143,920,10.25,19.09,137.6,13.4
R006780,W143,930,10.18,22.94,132.7,13.12
R006781,W143,940,10.24,19.14,130.7,12.37
R006782,W143,950,10.32,20.31,126.1,12.1
R006783,W143,960,10.25,21.23,134,14.38
R006784,W143,970,10.3,20.5,138.9,14.15
R006785,W143,980,10.28,22.14,133.1,12.08
R006786,W143,990,10.37,20.23,132.5,13.28
R006787,W143,1000,10.38,19.23,137.4,14.71
R006788,W143,1010,10.41,20.39,127.9,12.6
R006789,W143,1020,10.37,18.41,126.8,12.56
R006790,W143,1030,10.4,21.12,130.9,14.61
R006791,W143,1040,10.31,21.95,137.6,15.14
R006792,W143,1050,10.37,19.29,130.7,13.23
R006793,W143,1060,10.43,18.35,135.8,13.4
R006794,W143,1070,10.41,19.3,126.7,15.29
R006795,W143,1080,10.36,20.47,128.2,15.25
R006796,W143,1090,10.39,18.79,130.5,13.8
R006797,W143,1100,10.43,19.64,130.7,15.81
R006798,W143,1110,10.4,22.37,137.1,13.09
R006799,W143,1120,10.48,22.14,134.1,14.07
R006800,W143,1130,10.56,18.89,134.9,14.29
R006801,W143,1140,10.52,22.28,129.1,14.45
R006802,W143,1150,10.46,22.31,134.1,16.21
R006803,W143,1160,10.61,22.13,130.3,15.92
R006804,W143,1170,10.6,19.04,131.4,15.31
R006805,W143,1180,10.51,22.51,127.1,15.28
R006806,W143,1190,10.59,21.4,129,13.63
R006807,W143,1200,10.68,21.87,129.4,15.5
R006808,W143,1210,10.68,21.21,125.7,14.89
R006809,W143,1220,10.68,18.23,131.7,15.06
R006810,W143,1230,10.65,19.27,121.8,15.45
R006811,W143,1240,10.63,18.76,129.4,14.46
R006812,W143,1250,10.63,19.07,124.1,15.49
R006813,W143,1260,10.67,17.98,133.6,15.34
R006814,W143,1270,10.64,18.95,127.7,14.27
R006815,W143,1280,10.67,21.05,131.8,16.45
R006816,W143,1290,10.76,18.62,125.1,15.17
R006817,W143,1300,10.68,21.78,130.5,14.52
R006818,W143,1310,10.82,21.85,134.2,16.12
R006819,W143,1320,10.8,21.84,127.5,16.27
R006820,W143,1330,10.81,19.1,124.5,15.91
R006821,W143,1340,10.79,17.84,128.1,16.41
R006822,W143,1350,10.88,18.63,128.6,16.82
R006823,W143,1360,10.76,20.52,122.4,16.21
R006824,W143,1370,10.9,20.01,122.9,15.87
R006825,W143,1380,10.92,19.32,125.9,15.5
R006826,W143,1390,10.84,20.2,124.4,15.2
R006827,W143,1400,10.82,20.41,124.9,17.67
R006828,W143,1410,10.83,20.68,119.7,16.77
R006829,W143,1420,10.94,21.12,120.3,16.8
R006830,W143,1430,10.96,17.95,123.5,16.04
R006831,W143,1440,10.98,18.05,122.4,15.7
R006832,W143,1450,10.91,18.26,131.7,17.73
R006833,W143,1460,11.16,14.85,122,17.52
R006834,W143,1470,11.17,15.91,122.9,17.61
R006835,W143,1480,11.28,16.24,119.1,18.86
R006836,W143,1490,11.18,15.82,125.1,18.08
R006837,W143,1500,11.29,15.12,121.3,19.46
R006838,W143,1510,11.32,16.81,127.3,19.36
R006839,W143,1520,11.28,16.18,127.5,18.07
R006840,W143,1530,11.19,15.2,117.2,17.85
R006841,W143,1540,11.3,14.86,126.9,19.07
R006842,W143,1550,11.23,16.79,118.5,19.69
R006843,W143,1560,11.33,17.49,121,19.08
R006844,W143,1570,11.27,14.06,122.5,18.95
R006845,W143,1580,11.31,13.99,122.3,17.61
R006846,W143,1590,11.31,15.28,117.1,20.35
R006847,W143,1600,11.36,15.22,120.9,17.82
R006848,W143,1610,11.45,17.19,120.7,18.6
R006849,W143,1620,11.36,17.34,115.8,20.34
R006850,W143,1630,11.43,15.98,125.7,19.43
R006851,W143,1640,11.37,15.04,124.3,19.72
R006852,W143,1650,11.46,14.45,126.5,20.79
R006853,W143,1660,11.39,14,125.9,20.82
R006854,W143,1670,11.49,16.86,121.7,18.48
R006855,W143,1680,11.41,16.71,127.5,20.76
R006856,W143,1690,11.53,15.1,125.5,20.48
R006857,W143,1700,11.55,15.55,119.8,18.66
R006858,W143,1710,11.45,13.69,116.7,20.59
R006859,W143,1720,11.53,14.65,120.6,21.24
R006860,W143,1730,11.5,14.66,114.4,20.62
R006861,W143,1740,11.58,14,122.3,20.5
R006862,W143,1750,11.51,14.42,113.8,18.88
R006863,W143,1760,11.64,14.96,120.1,19.44
R006864,W143,1770,11.69,16.07,125.1,19.84
R006865,W143,1780,11.59,16.63,126,20.55
R006866,W143,1790,11.67,15.12,125.9,20.64
R006867,W143,1800,11.65,15.33,118.6,19.33
R006868,W143,1810,11.6,15.21,125.1,20.75
R006869,W143,1820,11.71,14.54,112.6,21.74
R006870,W143,1830,11.72,13.9,116.3,21.83
R006871,W143,1840,11.67,15.9,117.9,21.95
R006872,W143,1850,11.77,13.73,120.7,20.39
R006873,W143,1860,11.78,13.78,117.4,21.74
R006874,W143,1870,11.68,16.26,113.6,21.37
R006875,W143,1880,11.74,16.56,117.9,20.65
R006876,W143,1890,11.76,14.38,122.8,20.25
R006877,W143,1900,11.84,14.27,122.7,20.72
R006878,W143,1910,11.82,13.8,116.6,21.52
R006879,W143,1920,11.84,13.8,114.3,22.32
R006880,W143,1930,11.89,14.95,123.4,20.37
R006881,W143,1940,11.84,13.67,114.6,21.92
R006882,W143,1950,11.88,13.67,123.6,22.15
R006883,W143,1960,11.81,14.3,114.2,20.68
R006884,W143,1970,11.93,13.49,122.5,21.8
R006885,W143,1980,11.93,13.06,115.1,22.18
R006886,W143,1990,11.92,15,120.9,23.05
R006887,W143,2000,11.88,14.21,123.4,20.96
R006888,W143,2010,12.02,14.84,121.4,21.39
R006889,W143,2020,11.9,13.11,120.2,22.57
R006890,W143,2030,11.95,13.93,113.6,23.11
R006891,W143,2040,12,13.67,116.9,21.98
R006892,W143,2050,11.94,14.08,119.1,23.39
R006893,W143,2060,12.09,15.46,120.1,22.77
R006894,W143,2070,12,12.73,115.1,23.54
R006895,W143,2080,12.06,13.92,114.9,23.3
R006896,W143,2090,12,13.72,113.8,21.77
R006897,W143,2100,12.15,15.13,114.7,24.23
R006898,W143,2110,12.16,12.75,118.3,23.88
R006899,W143,2120,12.07,12.98,121.2,23.88
R006900,W143,2130,12.06,12.47,114.5,22.57
R006901,W143,2140,12.06,14,109.7,22.54
R006902,W143,2150,12.11,14.05,116.7,23.73
R006903,W143,2160,12.22,12.47,116.5,23.29
R006904,W143,2170,12.2,15.14,120.4,22.98
R006905,W143,2180,12.17,12.84,117,22.54
R006906,W143,2190,12.21,15.3,117.4,23.11
R006907,W143,2200,12.24,12.91,116.5,24.2
R006908,W143,2210,12.25,14.08,115.7,23.73
R006909,W143,2220,12.26,14.37,111.9,22.48
R006910,W143,2230,12.31,15.04,118.1,23.59
R006911,W143,2240,12.32,13.85,113.9,23.44
R006912,W143,2250,12.24,15.2,111.7,23.71
